id,customer_text,draft,judge_score,judge_rationale
1,What happened to the @115888 iOS app? Literally unusable after this last update. Going to have to cancel my subscription. @129941 @115948 which one of y’all should I switch to?,Hey! We're sorry you're experiencing trouble with the app. Can you tell us a bit more about what's happening—like what specific issue you're seeing when you try to use it? We'll do our best to help.,4,"The reply demonstrates empathy, uses appropriate casual tone, and asks a focused diagnostic question that's actionable and relevant to the customer's complaint. However, it could be slightly more specific (e.g., acknowledging the post-update timing) to show deeper attention to their message, and doesn't proactively mention escalation options if troubleshooting fails, which would address their subscription cancellation concern more directly."
2,"@SpotifyCares Didn't work 😓 I'll wait a few more days, but I might just cancel since I can't get it to work 💔 thanks again for helping!!","We're sorry the troubleshooting didn't resolve it yet—we hate to see you go! 💔 Before you decide, we'd love to help get this sorted. Could you let us know what error or behavior you're seeing? We're here to help 🎧",4,"The reply is empathetic, appropriately toned, and offers a genuine next step by asking for more diagnostic details. It avoids false promises and unrealistic claims. The minor deduction reflects that it could be slightly more specific about what 'error or behavior' means (e.g., clarifying whether they mean error messages, app crashes, or feature malfunctions), though the request is still clear and actionable."
3,@SpotifyCares Its becoming inbearable. I cant listen to anything with headphones in. I am going to unsubscribe from premium if it continues,"Hey! We're sorry to hear you're having trouble with headphone playback – we'd love to help fix this before you go. Can you let us know what device and OS you're using, and whether the issue happens with all headphones or just one pair?",4,"The reply is empathetic, addresses the customer's frustration appropriately, and requests specific diagnostic information (device, OS, headphone type) to troubleshoot effectively. The tone is friendly and genuine without being robotic. Minor: 'before you go' could slightly risk sounding dismissive of their concern, but overall it's a solid, actionable support response with no groundedness issues."
4,@SpotifyCares is it correct the Spotify web player doesn't have a play queue feature? I've been a happy paying Spotify customer for about 10 years but now I have a Chromebook I may have to cancel. It also freezes all the time :'(,"Hey! Thanks for being with us for 10 years 🎵 You're right—the web player doesn't have a queue feature currently. For the freezing issue, could you try clearing your browser cache and letting us know if that helps? We're here to troubleshoot further if needed.",4,"The reply is grounded, factually sound, and empathetic with good tone and personalization. It acknowledges the queue limitation candidly, offers a concrete troubleshooting step for the freezing issue, and invites further engagement. Minor deduction only because it doesn't proactively explore Chromebook-specific compatibility or mention alternative workarounds (e.g., desktop app, mobile app syncing) that might help retain the long-term customer."
5,@115888 @115888 Cancel that! It’s happening across my entire computer. Must be a bigger problem.,"Hey! Sorry to hear it's affecting your whole computer. To help troubleshoot this, could you let us know what operating system you're on and which Spotify version you're using? We'll take it from there!",3,"The reply is safe, friendly, and asks relevant diagnostic questions without fabricating details, but lacks specificity about the actual problem since the customer's original issue isn't provided in the context—making it a generic placeholder response rather than truly targeted support."
6,@115888 so your app just decides to stop playing music... great! #refund,"Hey there! We're sorry you're having trouble. To help us figure this out, can you let us know what device, operating system, and Spotify version you're using? We'll see what we can suggest.",4,"The reply demonstrates strong empathy, appropriate tone, and realistic troubleshooting by requesting essential diagnostic information (device, OS, version). It avoids fabricated promises or unsupported claims. The only minor weakness is the somewhat generic opening phrase 'We're sorry you're having trouble,' which could be slightly more personalized to acknowledge the frustration implied by the customer's tone."
7,@115888 Had to downgrade V1.0.3 to work around problems importing mp3's and available songs not playing,"Hey there! Sorry you've hit a snag with MP3 imports and playback. To help us dig into this, can you share what device and OS version you're on, and whether restarting the app helps at all?",4,"The reply demonstrates strong empathy, uses appropriate casual Spotify tone, and asks relevant diagnostic questions (device, OS, restart troubleshooting) that directly address the customer's issue. The only minor limitation is that it doesn't acknowledge the version downgrade workaround mentioned, which could have shown deeper engagement with their specific situation."
8,@115888 how do I turn off the autolaunch? Every time I get in my car your app takes over! I don't pay to get frustrated!!! I will cancel my family subscription if this isn't resolved.,"Hey there! We're sorry to hear Spotify's launching automatically in your car—that's frustrating. To help us get this sorted, can you let us know what device you're using and which Spotify version you're on? We'll take it from there.",3,"The reply is safe, empathetic, and asks reasonable diagnostic questions, but it's overly generic and doesn't acknowledge the customer's escalation risk or offer concrete troubleshooting steps (e.g., disabling Bluetooth autolaunch, checking car settings, or car mode toggles) that could resolve the issue faster."
9,@SpotifyCares Im about to cancel your garbage app. Wont open &amp; when it does takes 4ever to load the song I want IF it even will play. Y$4it?,"We hear your frustration and want to help! Can you share what device and OS you're using, and whether this happens on WiFi, mobile data, or both? We'll figure out what's going on.",4,"The reply demonstrates strong tone (empathetic, casual, friendly) and clear actionability with focused diagnostic questions. It's grounded in realistic troubleshooting without fabricating facts or false promises. The only minor weakness is that it could have explicitly acknowledged the frustration more warmly or offered a specific next step like 'DM us the details' to streamline resolution."
10,I'm going to have to cancel my @115888 subscription because its so messed up I cant listen to a single song without it activating Siri and skipping ahead and skipping mid song at the slightest physical movement of my iphone,Hey! Sorry you're experiencing that—sounds frustrating. We'd love to help before you go. Can you let us know what device and iOS version you're on so we can troubleshoot this with you?,4,"The reply is friendly, empathetic, and appropriately seeks diagnostic information (device/iOS version) to troubleshoot the motion-triggered Siri issue. It demonstrates genuine care to retain the customer. Minor room for improvement: could briefly acknowledge the specific problem (accidental Siri activation) to show deeper understanding, but the response is safe, professional, and actionable without any groundedness violations."
11,@SpotifyCares I can reach the speakers through the Sonos app. It appears to be Spotify Connect that's now broken. How do I downgrade?,"Hey there! We'd love to help. Can you share your Spotify and device OS versions so we can look into what's going on with Spotify Connect? In the meantime, try revoking Sonos access in your account's Approved applications and re-authorizing it.",4,"The reply demonstrates empathy, provides a concrete troubleshooting step (revoking/re-authorizing access), and asks for relevant diagnostic information. It avoids fabrication and maintains appropriate tone. Minor deduction: the suggestion to revoke access is practical but could be slightly more specific about where to find 'Approved applications' for quicker resolution."
12,@SpotifyCares Spotify keeps stopping and starting. Songs won’t play through the home screen. Can I have a refund for premium? #veryfrustrated !,"We're sorry to hear you're experiencing playback issues! Let's get this sorted first—can you try uninstalling and reinstalling the Spotify app? For refund requests, our Email or Chat support teams will be able to help you best.",4,"The reply demonstrates strong empathy, offers a practical troubleshooting step, and appropriately redirects the refund request to specialized support channels without making unsupported promises. The tone is friendly and actionable, though it could slightly improve by acknowledging the customer's frustration more explicitly or clarifying whether a refund assessment depends on resolving the technical issue first."
13,@SpotifyCares I’m about to cancel my account if you cannot resolve this. I have done what you requested and it is still occurring.,We appreciate your patience and want to help get this sorted for you. Can you let us know which troubleshooting steps you've already tried so we can figure out what's next?,3,"The reply is safe and professionally toned with appropriate empathy, but it's generic and fails to acknowledge the customer's escalated frustration or demonstrate that their previous efforts were reviewed. Asking them to repeat troubleshooting steps they've already completed may further frustrate them—a better approach would request their support ticket number or specific issue details to show continuity and prioritize resolution."
14,"@SpotifyCares I'm a premium user and after updating Spotify based on the program notification I get ""Cannot find 'API-MS-WIN-CORE-PROCESSTHREADS-L1-1-2.DLL'. I'm using Windows 7 64bit.",Hey there! We're sorry you're running into this after the update. We'd recommend reinstalling the app—can you give that a try and let us know how it goes? We're here to help if you need anything else! 🎵,3,"The reply is safe and friendly with appropriate tone, but it's overly generic for a specific technical error (missing DLL file). While reinstalling is a reasonable first step, the response doesn't acknowledge the Windows 7 compatibility issue that likely caused the error, nor does it offer alternative solutions or clarification about whether the update is compatible with that OS version."
15,@SpotifyCares it will play about 2 songs and cut off wont let me press shuffle play again i swipe the app away get the same thing two songs then cuts off,"That doesn't sound right! We'd love to help. Does logging out > restarting your device > logging back in help? Also, let us know what device and OS you're on so we can dig deeper. 🎵",4,"The reply is friendly, empathetic, and offers a practical troubleshooting step (logout/restart/login) that's standard and appropriate for this app behavior issue. It appropriately asks for device/OS details to enable further diagnosis. Minor deduction: could be slightly more specific about *why* this step helps (e.g., 'to refresh the connection') or mention checking for app updates, but the response is safe, actionable, and on-brand."
16,"@SpotifyCares When you paste in the link of artists Spotify page and then press the ""add"" button nothing happens. https://t.co/z4Z1zPWa52","Hey there! Sorry you're running into this. Can you let us know which device or browser you're using, and if clearing your cache/cookies or trying an incognito window helps? We're here to get this sorted! 🎵",4,"The reply is friendly, empathetic, and provides clear diagnostic next steps (device/browser info, cache clearing, incognito mode) that are realistic and appropriate for a link-pasting/button functionality issue. Tone matches Spotify's casual-yet-helpful brand voice well. Minor deduction only because it could have briefly acknowledged the specific 'add' button action to show fuller context comprehension, but the troubleshooting path is sound and actionable."
17,"@117153 No songs are available via desktop, updated program. You do such a good job of never resolving this perennial issue.",Hey there! We're sorry you're having trouble playing songs on desktop. We'd love to help — could you share your operating system and current Spotify version so we can dig into this?,4,"The reply demonstrates solid tone and actionability with a friendly, empathetic approach that asks for relevant diagnostic information (OS and version). It's grounded in realistic troubleshooting and avoids false promises. Minor deduction because it doesn't acknowledge the customer's frustration about a recurring issue, which could have strengthened empathy and validation."
18,"@SpotifyCares I'm a premium user and after updating Spotify based on the program notification I get ""Cannot find 'API-MS-WIN-CORE-PROCESSTHREADS-L1-1-2.DLL'. I'm using Windows 7 64bit.",Hey there! We're sorry you're running into this after the update. Try reinstalling the app—here's a helpful guide that should get you back up and running: https://t.co/qhJOnj2N9J. Let us know how it goes!,2,"The reply fails on groundedness by including a fake/unverified URL that cannot be confirmed as a real Spotify support link, which violates core QA standards. While the reinstall suggestion is reasonable for general app issues, it doesn't address the specific Windows 7 DLL error, which may indicate a compatibility or system-level problem requiring more targeted troubleshooting or escalation."
19,"Having issues on my #iPhoneX with @115888. Playing Spotify if another app steals audio (say YouTube), go back to Spotify and press play.. track plays but no audio. Fix is to close app and re-open. Anyone else? #spotifyissues",Hey there! That sounds frustrating. We'd love to help — could you let us know which iOS and Spotify app version you're currently running? That'll help us figure out the best next step.,4,"The reply is friendly, empathetic, and requests relevant diagnostic information (iOS/Spotify versions) that logically helps troubleshoot the audio interruption issue. It's professional and actionable with a clear next step. Minor deduction only because it could be slightly more specific—acknowledging the audio-focus-stealing scenario or mentioning potential workarounds (like checking audio settings) would deepen helpfulness, though the current response is safe and appropriate."
20,"@SpotifyCares Also, if I press the button of the EarPods to play/pause, Apple Music native app starts playing. It looks like iOS doesn’t recognize Spotify",Hey! Sorry to hear that's happening. Can you let us know which iOS version and Spotify app version you're currently running? We'll take it from there!,4,"The reply demonstrates good empathy, friendly tone, and a clear diagnostic path by requesting specific system information (iOS and Spotify versions) to troubleshoot the issue. The response is grounded in realistic support practices and appropriately acknowledges the customer's problem, though it could slightly enhance actionability by mentioning a potential cause (e.g., default music app settings) to guide the user's thinking."
21,".@115888 I would like to resolve an issue where every once in a while while I am listening, it stops playing, I press play, and the cycle just continues until I give up and try it again the next day, where then it works","Hey there! We'd love to help get this sorted. Can you let us know what device, operating system, and Spotify version you're using? That'll help us figure out what's going on. 🎵",4,"The reply is friendly, empathetic, and asks relevant diagnostic questions (device, OS, app version) that are appropriate and realistic for troubleshooting playback issues. The tone matches Spotify's casual brand voice well. The only minor limitation is that it doesn't mention other common next steps (clearing cache, checking connectivity) or offer a DM for account details, but the core diagnostic direction is sound and actionable."
22,@SpotifyCares when i try to launch it says cannot find 'api-ms-win-core-processthreads-l1-1-2.ddl' please re-install this application. I re-installed and it still displays the error when i launch,"Hey! We're sorry you're hitting this roadblock. Since you've already reinstalled, can you try restarting your device? If that doesn't help, let us know your Windows version and Spotify version so we can dig deeper. We're here to get you back up and running! 🎵",4,"The reply is grounded, empathetic, and actionable with appropriate diagnostic steps (restart device, collect system info). It avoids fabricating URLs or false promises. The only minor weakness is that it doesn't acknowledge the DLL error is a known Windows system file issue, which could have added credibility, but this omission is acceptable for a first-response support tweet."
23,@115888 nope it’s just whenever i press the play button it doesn’t even do anything,Hey there! Sorry to hear the play button isn't responding. Can you let us know what device and operating system you're using? We'll figure this out together!,4,"The reply is friendly, empathetic, and appropriately actionable by asking for device/OS details—a sound diagnostic step for a playback issue. It's grounded and realistic with no false claims. Minor weakness: slightly generic phrasing ('we'll figure this out together') could be slightly more polished, but the response is safe, helpful, and clearly guides the customer toward resolution."
24,"@115888 #BugReport: Everytime I press back from 'About' to 'Overview' in Artist page, the page runs to bottom &amp; not to the top.","Hey there! Thanks for reporting this—we appreciate the details. Just to help us dig in, what device and browser are you using when this happens? We'll take it from there! 🎵",3,"The reply is safe, friendly, and appropriately asks a clarifying diagnostic question—standard for bug reporting. However, it's generic placeholder language that doesn't acknowledge the specific scrolling behavior described, and lacks depth about next steps after the user responds (no mention of DM escalation or expected timeline)."
25,"@SpotifyCares Steps to reproduce:
1) Open Spotify in Windows on a multi-monitor computer
2) Ensure Spotify is maximized/full-screen
3) Play a song song (not necessary to trigger the bug, but you won't see a frozen timer otherwise)
4) Press WIN+SHIFT+RIGHT ARROW
5) Observe the Spotify window",Thanks for the detailed steps! We appreciate you breaking this down. When did you first notice this happening—was it after a recent Windows update or Spotify version change?,4,"The reply is friendly, empathetic, and appropriately acknowledges the customer's detailed bug report. It asks a logical diagnostic question (timing/recent changes) that helps narrow down root cause. However, it could be slightly more specific by acknowledging the multi-monitor scenario itself or confirming understanding of the exact issue (e.g., 'frozen timer' or window behavior), which would elevate it to a 5."
26,"@SpotifyCares Thanks! No error message, I just press PLAY but nothing happens. I've tried it on other artists as well and I get the same issue","Thanks for letting us know! To help us troubleshoot, could you share which device and operating system you're using, along with your Spotify version? We'll take it from there 🎵",5,"The reply is grounded, empathetic, and actionable. It acknowledges the customer's issue, asks targeted diagnostic questions (device, OS, app version) that are standard and necessary for troubleshooting playback problems, and maintains a friendly Spotify brand tone without making false promises or fabricating details."
27,@115888 sharing no longer works on android.  press share and brings me back to Spotify home page.,Hey there! We're sorry you're running into trouble with sharing on Android. Could you let us know your device model and Spotify version so we can look into this for you? We're here to help!,4,"The reply is friendly, empathetic, and appropriately requests diagnostic information (device model and Spotify version) to troubleshoot the sharing issue. It avoids fabricating solutions or false claims and maintains authentic Spotify brand voice. Minor improvement: could slightly strengthen actionability by explicitly mentioning a follow-up DM request, though the open dialogue approach is acceptable."
28,"@115888 there's something wrong with the share button on Android. Everytime i press it, the app restarts",Hey there! Thanks for reporting this — we're sorry the share button is causing restarts. Could you let us know your device model and current Spotify app version so we can look into this further?,4,"The reply is friendly, empathetic, and actionable with appropriate diagnostic questions (device model and app version) that directly address the technical issue. It avoids fabricated URLs or false promises, maintains Spotify's casual-yet-helpful tone, and provides a clear next step. Minor room for improvement: could briefly suggest a basic troubleshooting step (e.g., clearing cache) before requesting details, but this is a minor omission."
29,@SpotifyCares press play - nothing happes. no error msg. mobile works well. desktop app always problems.,We hear you – that's frustrating! Can you share your OS and Spotify version on desktop? We'll get you sorted. 🎵,4,"The reply is friendly, empathetic, and actionable with a clear diagnostic request (OS and Spotify version). It avoids hallucinated facts or false promises, maintaining realistic support scope. Minor improvement: slightly more specific follow-up (e.g., mentioning whether the app needs restarting first) would elevate this to a 5."
30,"@SpotifyCares Come on guys, fix your Windows 7 client! You are supposed to be Agile and Lean, companies even show videos of Spotify's development process as an example. This is really bad UX.  API-MS-WIN-CORE-PROCESSTHREADS-L1-1-2.DLL",We hear your frustration! We're aware of the api-ms-win-core-processthreads-l1-1-2.dll issue on Windows 7. Can you try reinstalling the app or let us know your exact Spotify version so we can suggest the best next steps?,4,"The reply demonstrates empathy, acknowledges the customer's specific technical error, and requests diagnostic information to move toward resolution. However, it could be slightly more concise and the offer to 'suggest the best next steps' is mildly generic—a stronger close would reference a specific troubleshooting path (e.g., checking OS compatibility or offering a DM for deeper support)."
31,@115888 none of my playlists are working when I press shuffle. Wyd?,"Hi! We'd love to help get shuffle working on your playlists again. Can you share your device model, OS, and Spotify app version? Also, does logging out and back in help at all? We'll take it from there!",5,"The reply is grounded, friendly, and actionable with realistic diagnostic steps (device/OS/app version, logout/login). It uses appropriate Spotify brand voice, shows empathy, and clearly guides the user toward resolution without false claims or fabricated solutions."
32,@SpotifyCares so my phone always plays songs in order no matter how many times I press shuffle if I select 'all songs' on Android. Is this a thing?,"Hey there! We've recently made some improvements to our shuffle algorithm, so shuffle behavior may work differently now. We'd love to hear your feedback on how it's working for you here: https://t.co/T3vZnSL3od",2,"The reply fabricates a specific URL (https://t.co/T3vZnSL3od) without verification and vaguely references 'recent improvements' without addressing the customer's concrete bug report. It lacks diagnostic engagement (e.g., asking about app version, cache clearing, or reproduction steps) and doesn't acknowledge the specific 'all songs' shuffle issue, making it unhelpful and potentially misleading."
33,"Having issues on my #iPhoneX with @115888. Playing Spotify if another app steals audio (say YouTube), go back to Spotify and press play.. track plays but no audio. Fix is to close app and re-open. Anyone else? #spotifyissues",Hey! Thanks for reporting this. We'd love to help—could you let us know which iOS and Spotify app version you're on? That'll help us figure out what's going on.,4,"The reply demonstrates appropriate tone, empathy, and a clear diagnostic next step without making false promises or fabricating information. It accurately addresses the customer's audio playback issue by requesting necessary troubleshooting details (iOS and app version), which is realistic and actionable. Minor improvement could include acknowledging the specific repro scenario they described to show closer attention to their detailed report."
34,"Hey @SpotifyCares I wanted to play some music and while I was listening to my computer accidentally shut off during an ad, so I turn it back on and I load up the web player and it is frozen on the ad and I can't listen to my music. Every time I press play on a song, it won't work","Hey! Sorry you're stuck on that ad. Try logging out, clearing your browser's cache and cookies, then logging back in and relaunching the web player. Let us know if that clears things up! 🎵",4,"The reply offers a practical, realistic troubleshooting step (logout/cache clear/relaunch) that directly addresses the frozen web player issue. The tone is friendly and empathetic with appropriate emoji. Minor deduction: could be slightly more concise and lacks a direct follow-up request (e.g., 'Let us know how it goes!' works but could add 'or DM us if it persists'), though the existing structure still provides clear next steps."
35,"Spotify not showing up in my control center, my volume in my control center wont turn up when i press the buttons wtf",Hey! Sorry you're running into trouble with Spotify in your control center. Can you let us know what device and OS version you're using? That'll help us figure out the best fix for you.,4,"The reply is friendly, empathetic, and asks the right clarifying question to diagnose the issue. It's grounded in realistic troubleshooting without fabricating solutions. Minor room for improvement: could acknowledge the frustration more directly (the customer used 'wtf') or hint that this is often a settings/permissions issue, but overall it's a solid, actionable support response."
36,"@SpotifyCares Hey, I'm currently buying premium per month, but want the yearly subscription offer you're doing. Do I need to cancel my subscription then resubscribe to do this?",Hey! You don't need to cancel—just head to your Payments page and select 'See more offers' to switch to the yearly plan. We'll take care of the rest! 🎵,4,"The reply is helpful, friendly, and uses appropriate Spotify brand voice with clear actionable steps. However, it assumes a specific UI path ('See more offers') that may vary by region/device without qualifying this, creating minor risk of customer confusion if their interface differs."
37,"@SpotifyCares if I am trying the 3 month trial, if I cancel will I still be able to use the 3 months?

I’ll probably subscribe but I often forget to unsubscribe and it comes back at the worst of times.","Good news! If you cancel your subscription, your Premium features will remain active for the rest of your trial period. You can cancel anytime and still enjoy those 3 months. 🎵",4,"The reply is accurate, friendly, and directly answers the customer's concern about retaining trial access after cancellation. The only minor issue is that it doesn't address their secondary concern about forgetting to unsubscribe before the trial ends, missing an opportunity to proactively suggest setting a calendar reminder or noting the expiration date."
38,@SpotifyCares how to cancel Premium account to join Premium Family,"Hey there! To switch to Premium Family, you'll want to keep your current Premium account active and have the Family plan organizer invite you to join their plan. You can manage your subscription anytime in your account settings. Let us know if you need anything else! 🎵",4,"The reply is accurate, friendly, and addresses the customer's core need by clarifying they don't need to cancel—just be invited to a Family plan. The tone matches Spotify's brand voice well. Minor deduction: could be slightly more direct about the exact next step (e.g., 'Do you have a Family plan organizer ready to invite you?') to maximize actionability."
39,"@SpotifyCares Just for reference, I have tried both a Prepaid Visa AND a Mastercard, and yes I tried to cancel my Premium and re-join, but nothing works","Hey there! We're sorry you're running into trouble with payment and cancellation. To help sort this out, could you share your account email so we can take a look backstage and see what's going on?",4,"The reply demonstrates solid empathy, appropriate tone matching Spotify's brand voice, and a clear next step (requesting account email for backend investigation). It accurately addresses both payment and cancellation issues without making false promises or hallucinating details. The only minor drawback is that requesting sensitive account information via public Twitter is a standard privacy practice, but the reply could have been slightly more explicit about the DM process to strengthen actionability."
40,"@SpotifyCares I have an account for my younger sister, she forgot her login details to cancel her trial. After 4 days and numerous attempts we finally got bk in! If I cancel the account now, will premium continue to work until the last day, payed for?","Hey there! Good news – if you cancel the subscription now, your sister's Premium features will continue to work through the rest of her paid period. She won't lose access! 🎵",5,"The reply is grounded in accurate Spotify policy (cancellations preserve access through the paid period), directly addresses the customer's specific concern, maintains a warm and reassuring tone consistent with SpotifyCares brand voice, and provides clear actionable clarity that resolves their worry without ambiguity."
41,@SpotifyCares I don't want to cancel. I just dont like having auto renew on,"We totally get it! Unfortunately, we don't currently offer the option to disable auto-renew while keeping your subscription active—it's an all-or-nothing feature on our end. But we're always working on improving, so thanks for the feedback! 🎵",2,"While the tone is friendly and empathetic, the reply appears factually incorrect—Spotify does allow users to disable auto-renew on active subscriptions through account settings without cancellation, making this response misleading and unhelpful for the customer's actual need."
42,"My credit card info was stolen, and used on @115888 in September &amp; again in October, still no refund, no customer service number to call. If you use Spotify, beware if you ever have fraud, no one to talk to. I’ve never had a Spotify account.",We're really sorry to hear about this fraudulent activity on your card. We take this seriously and want to help—can you DM us with the email address or phone number associated with the account so we can look into this for you?,2,"The reply misses critical context: the customer explicitly states they've never had a Spotify account, so requesting account details is irrelevant and frustrating. Additionally, the response doesn't acknowledge the severity of the fraud claim or address the customer's complaint about lack of accessible support (no phone number), making it feel dismissive of their core concern."
43,@SpotifyCares hi I redeemed my account last week and now my premium service gets cancel please help me!!! https://t.co/d9HBmDsagV,Hi there! We'd love to help sort this out. Can you send over your username and email address so we can look into what happened with your account?,4,"The reply is friendly, empathetic, and requests relevant information needed to investigate the issue—a solid next step. However, it could be slightly more specific by acknowledging the redemption detail or briefly explaining what cancellation cause you're investigating, which would deepen context-awareness and user confidence."
44,@115888 Can we unsubscribe then subscribe again? 😂 I am currently paying for a Family Plan. :/,"Hey there! 👋 We'd love to help clarify your options here. Can you tell us a bit more about what you're hoping to achieve – are you looking to switch plans, take advantage of a specific offer, or something else? We'll find the best solution for you!",3,"The reply is safe, friendly, and appropriately empathetic in tone, but it's generic and doesn't address the customer's specific question about unsubscribing/resubscribing. While asking for clarification is reasonable given the vague emoji-laden tweet, the response lacks depth and doesn't acknowledge that the customer may be seeking to reset their plan or access a promotional offer—making it feel like a placeholder rather than proactive support."
45,@SpotifyCares It never told me to cancel before my free trial ended and now im down 10 bucks rip,We totally get your frustration! Free trials do require manual cancellation before renewal. We'd love to help look into a refund for you—could you DM us your username and email so we can check your account?,4,"The reply is empathetic, acknowledges the issue accurately, and provides clear next steps (DM request with specific info needed). It's realistic and well-toned but could slightly strengthen credibility by explicitly mentioning the refund eligibility depends on account review rather than guaranteeing one."
46,"@SpotifyCares hello I tried to sign up for the student promotion, it didn't let go through cause sheerID didn't let me upload my docs , and I ended up getting charge 3 times, I want my money back please !",Hey! We're sorry to hear you hit a snag with the student verification and ended up charged multiple times — that's frustrating. Let's get this sorted for you. Can you DM us your account email so we can look into those charges and help make this right?,4,"The reply demonstrates strong empathy, acknowledges the customer's specific issues (verification failure + multiple charges), and provides a clear actionable next step (DM account email for investigation). The tone is friendly and on-brand. The only minor weakness is it doesn't explicitly commit to a refund timeline or acknowledge billing disputes explicitly, but this is appropriate caution for a support agent who needs account details first."
47,@115888 just got Spotify for 3 months if I cancel straight away will it end the premium immediately or just not renew? Thanks,"Hey! If you cancel your subscription, you'll still have access to all your Premium features for the remainder of your paid 3 months. You won't lose any of that time! 🎵",5,"The reply is accurate, directly addresses the customer's concern about immediate cancellation vs. non-renewal, and clearly explains that Premium access continues through the paid period. Tone is friendly and reassuring with appropriate emoji, and the next step is implicit (customer can confidently cancel). No fabrications or unsupported claims."
48,Can I unsubscribe my current subscription to subscribe to that better promo? Loool @115888 https://t.co/udYNtlIxSs,"Hey! We appreciate the interest! Most promos are typically for new subscribers only, but we'd love to help you explore what's available for your account. Can you share which specific offer you're looking at so we can check the details with you?",4,"The reply is friendly, empathetic, and avoids fabricating false promises or URLs. It reasonably acknowledges the customer's question about promotional eligibility while requesting clarification to provide targeted help. The tone matches Spotify's casual-yet-helpful brand voice. Minor deduction only because it could have been slightly more direct about the typical new-subscriber-only limitation, though the approach is appropriately cautious given the moderate grounding quality."
49,"Hi @SpotifyCares, I want to change the date that money leaves my account for premium, is this possible or do I have to cancel and renew again??","Hi there! Right now, canceling and re-signing up on your preferred date is the only way to change your billing date for Premium. We appreciate the feedback though, and we'll pass it along to our team! 🎵",4,"The reply is grounded, factually sound, and answers the customer's direct question clearly—cancellation and re-signup is indeed the standard workaround for billing date changes. Tone is friendly and empathetic with appropriate emoji use. Minor improvement: could offer a slightly more actionable next step (e.g., 'Want help with the process?' or 'Feel free to DM us if you need any guidance') rather than ending on general feedback acknowledgment."
50,@SpotifyCares i want to have a refund bcuz i have a debt of 400$ from yall and its only been a month,"Thanks for reaching out. We'd love to help sort this out—please send us a direct message with your account email or username using the ""Send a Private Message"" button above, and we'll take a closer look.",4,"The response is helpful, grounded, and actionable with appropriate tone. It correctly directs the customer to DM for account review without making unsupported promises about refunds. Minor: 'We'd love to help sort this out' could be slightly more empathetic given the customer's financial frustration, but this is a very minor phrasing nuance."
51,@SpotifyCares like to change my billing date but due to be billed 2mro. Should I wait &amp; pay before I cancel? Want to change to 26th of month,Hey there! We can definitely help. You'll want to wait until after your next billing date before canceling—that way you won't lose access mid-cycle. Then you can sign back up on the 26th to set your new billing date. 🎵,3,"The reply is safe and friendly with appropriate tone, but it oversimplifies a nuanced billing scenario. The advice to 'cancel then re-sign up' is a workaround rather than a direct solution—most support systems allow billing date changes without cancellation—and doesn't clarify whether the customer will lose playlists/data or if there's a simpler in-app option to explore first."
52,@117153 hey! was rejected in spotoify premium for students but i'm still charged. please give me a refund as i have not been granted  premium account.,Hey! Sorry to hear you're experiencing this. We'd love to help get this sorted—can you DM us your account email so we can look into the rejection and charge right away?,4,"The reply is friendly, empathetic, and appropriately requests necessary information (account email) to investigate the billing issue. It avoids fabricating refund promises or false timelines. The only minor weakness is that it doesn't explicitly acknowledge the customer's frustration about being charged despite rejection, though the overall tone and next step remain helpful and professional."
53,@SpotifyCares i was charged for the student premium after just putting my payment information in. I turned out not be elligible so why did I still get charged? (The 9.99 was intentional) am I supposed to be issued a refund? Thanks https://t.co/1lxNIOLkOE,We're sorry to hear you were charged after becoming ineligible for the student discount! We'll need to look into your account details to help with a potential refund—could you please send us your account email or username via DM so we can take a closer look? 🙂,4,"The reply is grounded, empathetic, and provides a clear next step (DM with account details) appropriate for handling a billing dispute. It acknowledges the customer's concern about ineligibility and mentions a potential refund without making false promises. Minor tone improvement possible (emoji feels slightly informal for a billing issue), but overall solid support response."
54,"@SpotifyCares Hello, my spotify account's reoccurring charge overdrafted my bank account. And I was hoping if you could refund the charge so I can get the refund from the overdraft charge. I get paid tomorrow and would reimburse my spotify account asap. Please :)","We're sorry to hear that happened! We understand this is frustrating. To look into a refund for the overdraft charge, we'll need to securely verify your account details—could you send us a direct message with your email address associated with Spotify so we can help?",4,"The reply is empathetic, realistic, and actionable with a clear next step (DM with email verification). It appropriately avoids promising a refund upfront while demonstrating intent to help. Minor improvement: could slightly clarify that the overdraft charge itself is a bank issue while Spotify can address the subscription charge, but this is a minor nuance that doesn't undermine the response's helpfulness."
55,"@SpotifyCares didn't realise my student Spotify had ran out because it was deleted from my calender somehow, do I cancel my sub then redo?","Hey! We'd be happy to help get you sorted. Your student discount should still be available — rather than canceling and restarting, let's check if we can reactivate it. Can you share your account email so we can take a look?",4,"The reply is friendly, empathetic, and offers a helpful alternative to the customer's cancellation question. It avoids false promises by suggesting they 'check if we can reactivate' rather than guaranteeing reinstatement, and the next step (sharing account email for investigation) is clear and actionable. Minor point: requesting email via public Twitter isn't ideal practice—suggesting a DM would be slightly more security-conscious—but this is a minor operational consideration that doesn't significantly detract from an otherwise solid response."
56,@SpotifyCares (2/2) please can you refund the payment just now and I will activate my new subscription?,We'd be happy to help with that refund! Please send us a DM with your account details and we'll get this sorted for you right away.,4,"The reply is friendly, empathetic, and provides a clear next step (DM with account details). It's realistic and doesn't fabricate false promises or URLs. Minor deduction because it doesn't acknowledge the specific context about the new subscription activation or ask clarifying questions about which payment needs refunding, which would strengthen the response."
57,@SpotifyCares how do I get a refund or how do I get Spotify for students if it says I have Spotify free but was charged 5 dollars,"Hey! We'd love to help sort this out. Can you let us know if you're currently on a free plan or if a subscription was added to your account? Once we understand what happened, we can look into a potential refund or get you set up with Student pricing if you're eligible.",4,"The reply is friendly, empathetic, and appropriately addresses the customer's concern without making unsupported promises or fabricating details. It asks clarifying questions to understand the situation before taking action, which is realistic and helpful. The only minor weakness is that it could more directly acknowledge the charge they received, but overall it's a strong, grounded response with clear next steps."
58,@SpotifyCares me and my wife have separate spotify accounts but we want to get the family plan. Do one of us have cancel an account and get invited to the family plan? what about the payment plan? do the single accounts automatically switch to the family account?,"Hey! You don't need to cancel your existing subscriptions—they'll simply resume once you leave the Family plan. One of you can set up the Family plan and invite the other, and billing will be handled through that plan. Hope this helps! 🎵",2,"The reply contains potentially misleading information about subscriptions resuming after leaving the Family plan, which doesn't directly address the customer's core question about what happens to their existing accounts when joining. It also lacks clarity on the actual transition process and doesn't provide a clear next step like asking for clarification or offering to DM for detailed setup guidance."
59,@SpotifyCares My plan was switched out of student without me being notified so I've been paying double for months! any way i can get this money back? Thank youuu 😊 https://t.co/yWemt3civR,Hey there! We're sorry to hear about this – that's frustrating. We'd love to help look into this and see what we can do. Can you send us a DM with your account email so we can take a closer look? 💙,4,"The reply demonstrates strong tone, empathy, and a clear actionable next step (requesting DM with account email for investigation). It avoids unrealistic promises or fabricated details. Minor weakness: it doesn't acknowledge the specific financial concern or hint at potential refund eligibility, which could slightly improve reassurance for a customer who experienced a billing error."
60,@115888 i send you that spotify charge me again but you didnt reply.can you please refund my money asap.becuse i am very so sad to trust and do that again and you charge me twice per day.please stop doing this,We're sorry to hear you're experiencing duplicate charges! Please DM us your account email and we'll look into this right away to help get this sorted for you.,4,"The reply is empathetic, grounded (no fake URLs or promises), and provides clear actionable next step (DM with account email). It addresses the core issue appropriately, though it could slightly acknowledge the customer's frustration more explicitly to match the emotional weight of their complaint about repeated charges and lost trust."
61,@SpotifyCares I have heard from them and now they tell me it’s going to take 14 business days to get my refund. This is total bullshit!! U suck!,"We understand your frustration, and we're sorry you're experiencing this delay. Our team via email will be able to look into your refund status and keep all details in one place—we'd suggest continuing to communicate with them directly about the timeline.",4,"The reply demonstrates strong empathy and a realistic, grounded approach by directing the customer to continue with the existing support channel rather than making unsupported promises. The tone is appropriately friendly and professional, though it could be slightly more concise and could offer a minor additional gesture (e.g., acknowledgment that 14 days feels long, or a subtle assurance of escalation) to further validate the customer's frustration."
62,@115888 cancel my account thanks .Very hard to contact you .,We'd be happy to help you cancel your account. We're sorry to hear it's been hard to reach us — let's make this quick. Can you reply with your email address so we can look into this right away?,4,"The reply is empathetic, acknowledges the customer's frustration about contact difficulty, and provides a clear actionable next step (requesting email to process cancellation). It's friendly and appropriately concise, though it doesn't explicitly confirm the cancellation will happen or provide alternative contact methods, which would elevate it to a 5."
63,@115888 we need @146300 to be on your app or I will be forced to cancel my subscription to you and go to @126654 and we don't want that right 💕😊...  So fix it please like now thx bye 💖,Hey there! We'd love to help keep you on Spotify. Can you let us know what content you're looking for that's missing from the app? We'll do our best to sort this out! 💙,3,"The reply is safe, friendly, and appropriately empathetic in tone, matching Spotify's brand voice. However, it's overly generic—it asks for clarification about ""missing content"" rather than directly acknowledging the customer's specific reference to @146300 or addressing their urgent frustration. While this protective vagueness avoids fabricating details, it leaves the customer confused and doesn't demonstrate that support actually understood their concern, reducing actionability."
64,@SpotifyCares how do i cancel 30 day free trial,We'd be happy to help! You can cancel your free trial anytime by heading to your account settings. Just go to your subscription details and select cancel—no strings attached. 🎵,4,"The reply is friendly, empathetic, and provides a clear actionable path (navigate to account settings > subscription details > cancel). It's realistic and avoids false promises. Minor deduction only because it could specify whether the customer needs to use web/app or both, which varies by platform."
65,"@SpotifyCares I want to cancel whatever I am paying 9.99 a month for. I have no account apparently, so I can't cancel it! Free thru Toyota for a month maybe? Stop billing me.",We'd be happy to help cancel your subscription and stop the billing. Could you share your account username or email address so we can look into this for you?,4,"The reply is helpful, empathetic, and actionable—requesting necessary information to resolve the billing issue. However, it doesn't explicitly acknowledge the unusual situation (having a $9.99 charge without account access) or mention potential Toyota/promotional subscription pathways, which could have added depth and shown full problem comprehension."
66,@SpotifyCares umm excuse me but I’m not gonna pay for something I didn’t get. Please transfer my money back https://t.co/HeFsSmzn6p,Thanks for reaching out. We appreciate you bringing this to our attention and want to help make it right. Please DM us with your account details so we can look into this and get you sorted.,4,"The reply is empathetic, professional, and appropriately requests account details via DM to investigate the billing issue—a safe and realistic next step. The tone matches Spotify's brand voice well. Minor weakness: it doesn't explicitly acknowledge the refund request or set expectations about resolution timeline, but the response remains helpful and avoids making unsupported promises."
67,"@115888 so sick and tired of waiting on a refund. Over 35 emails, their replies make no sense and they DON’T listen to my ways to solve it!","Hey, we're really sorry you've had such a frustrating experience with this. We'd love to make this right—could you reply with your account email so we can dig into this directly?",4,"The reply demonstrates strong tone (empathetic, casual, brand-appropriate) and clear actionable next step (request for account email to investigate). It's grounded and realistic without false promises. Minor deduction because it doesn't acknowledge the customer's 35 previous emails or specifically validate their frustration about not being heard, which could strengthen connection given the complaint's emotional intensity."
68,"@SpotifyCares A limit on # of songs I merely ""save"" to intend to stream later? Despite paying for Premium? Bad response. Try again, with the word ""refund""","We hear your frustration! The 10k saved songs limit in Your Library is a platform constraint, not a Premium feature restriction. While we can't issue refunds for this, we'd love to hear more about your experience—can you tell us what specific issue you're running into with your account?",3,"The reply is safe and avoids fabricating false promises, correctly explaining the 10k limit constraint. However, it deflects the customer's explicit refund request with 'we can't issue refunds' without acknowledging the legitimate frustration behind it, and the follow-up question feels generic rather than addressing their core complaint about Premium value."
69,@SpotifyCares trying to cancel my account is frustrating. Please help! Msg has already been sent. Thanks.,Hey! We'd love to help get this sorted. Can you share your username and email address so we can look into this for you?,4,"The reply is friendly, empathetic, and provides a clear next step by requesting necessary account identification details. It appropriately avoids fabricating solutions or timelines. Minor improvement: could briefly acknowledge the frustration to boost warmth, but the response is fundamentally sound and actionable."
70,@SpotifyCares I need to cancel my account but my email was hacked and i don't have access to it and I don't want to keep being charged.,"We're sorry to hear that! Since you've lost access to your email, we'd recommend reaching out to our Accounts team directly so they can help you regain control of your account and stop any charges. They'll be able to verify your identity and assist you through the recovery process.",4,"The reply is empathetic, realistic, and actionable by directing the customer to the Accounts team for identity verification and account recovery—appropriate for a compromised email situation. Minor opportunity: could specify 'reply to us via DM' or provide a direct contact method to make the next step even clearer."
71,@SpotifyCares when you wake up I'm going to need a refund,"We'd be happy to help! To look into a refund for you, could you reach out to our support team via email or chat? They'll be able to review your account and assist you directly.",4,"The reply is friendly, empathetic, and provides clear actionable next steps (email or chat support) without fabricating URLs or false promises. However, it lacks specificity about the refund reason and could better acknowledge the customer's frustration with a more personalized opening ('Sorry to hear you need a refund!')."
72,@SpotifyCares The only way is to use a twitter account in the hopes you respond. I can't even cancel this subscription because it's not my account!,"We understand this is frustrating! Since it's not your account, we'll need to verify some details—can you send us a DM with your username and explain the situation so we can help sort this out?",4,"The reply is empathetic, actionable, and appropriately directs the user to DM for account verification—a realistic support workflow. Minor consideration: the phrase 'sort this out' is slightly informal for a sensitive account access issue, but it maintains Spotify's casual brand voice and doesn't introduce inaccuracies or false promises."
73,Spotify better get their shit together before I cancel my subscription and move over to Apple Music 😒,We're sorry you're feeling this way! We'd love to help make things right. Could you share what's been frustrating you so we can look into it?,4,"The reply is empathetic, appropriately casual, and asks a clear diagnostic question to understand the issue—all solid support fundamentals. Minor improvement: 'feeling this way' is slightly generic; acknowledging the frustration more directly (e.g., 'sounds like something's not working right') would strengthen specificity without losing warmth."
74,@115888 Why should my listening activity automatically be public? It's ridiculous. Tell me why I shouldn't cancel premium?,"Hey! We hear you – privacy settings are important. Your listening activity visibility is actually controlled in your account privacy settings, where you can choose what's shared. We'd love to help you get this sorted; mind sharing what device you're using so we can walk you through the steps?",4,"The reply is friendly, empathetic, and accurately addresses the customer's privacy concern by correctly identifying that listening activity visibility is user-controlled in privacy settings. It provides a clear next step (asking for device type) to enable walkthrough assistance. Minor issue: the phrase 'mind sharing' could be slightly more polished, but overall tone and actionability are strong and appropriate for SpotifyCares."
75,Today I tried to cancel my @115888 Premium and I didn't even last 2 hours before I re-joined...,"Ha, we're glad you're back! If there's anything we can help you with to make your experience better, just let us know – we're here for you 👊🏼",4,"The reply is friendly, empathetic, and matches Spotify's casual brand voice well with appropriate tone and emoji use. It acknowledges the customer's action positively and offers open support, but lacks a specific actionable next step or diagnostic question to understand what drove the cancellation attempt—a slight missed opportunity for deeper engagement."
76,@115888 your Windows 10 Mobile app UI is s***. Especially coming from using Groove Music massive downgrade.,"We hear you, and we're sorry the Windows 10 Mobile experience isn't meeting your expectations. To better understand what's going on, could you share what specific features or issues are frustrating you most?",3,"The reply is safe, empathetic, and avoids fabricating facts or false promises. However, it's overly generic—asking for specifics without acknowledging the customer's concrete complaint (UI design comparison to Groove Music) or recognizing that Windows 10 Mobile is a legacy platform with limited support capacity. A stronger response would validate the specific frustration before pivoting to diagnostics."
77,"@SpotifyCares iP7, 11.0.3... Search/Category &gt; PLP UX is atrocious. Sub. $, so why fix it unless I cancel my acct.? No need to optimize funnel. Feels like Vista security prompts.","Hey there! We appreciate the feedback on the search experience. To better understand what you're running into, could you share a bit more detail about what specifically isn't working as expected? That'll help us look into this for you.",3,"The reply is safe and appropriately empathetic, but it's overly generic and fails to acknowledge the specific technical details (iOS 7, 11.0.3) or the customer's frustration about the product roadmap/prioritization. A stronger response would reference the specific platform/version mentioned or demonstrate understanding of their UX complaint before asking for clarification."
78,@SpotifyCares Thanks for helping. I have received a refund in less time comsuming than I thought. Did satisfactorily wise actions.,We're so glad we could help and that you received your refund quickly! Thanks for letting us know – we really appreciate the feedback. 🎵,5,"The reply is warm, empathetic, and appropriately brief—it acknowledges the customer's positive experience without making unsupported claims or fabricating details. The tone matches Spotify's casual-yet-professional brand voice perfectly, and the emoji adds personality without being robotic. No actionable next step is needed since the customer is providing positive feedback rather than reporting a problem."
79,@spotifyCares is awesome; took care of our issue and issued us a refund! #GoodCustomerService,"Thanks so much for the kind words! We're thrilled we could help and get that sorted for you. Enjoy the music, and let us know if there's anything else we can do! 🎵",5,"The reply perfectly matches the positive sentiment of the customer's praise with genuine, warm appreciation. It's concise, brand-appropriate, avoids any fabricated claims or unsupported promises, and gracefully invites future engagement—a textbook excellent response to a compliment."
80,Dammit! @115888 just RickRolled us! I may have to cancel my subscription for that…,We're sorry to hear you're frustrated! We'd love to help—can you tell us a bit more about what happened so we can look into this for you?,2,"The reply misses critical context—the customer is complaining about another user (@115888) rickrolling them, not a Spotify service issue. Spotify support cannot investigate or action user-to-user interactions, making this response factually irrelevant and potentially frustrating, as it misdiagnoses the problem entirely."
81,.@Spotifycares for fuck's sake stop emailing me every time anyone puts out a new song i use the goddamn app every day i'll figure it out myself. i've clicked unsubscribe for this bullshit 4 times now let me fuckin live,"We hear your frustration, and we're sorry these emails keep getting through even after unsubscribing. Let us help get this sorted for you—please reply with your email address and we'll make sure it's removed from our mailing list.",4,"The reply appropriately acknowledges the customer's frustration with empathy, addresses the core issue (repeated emails despite unsubscribes), and provides a clear actionable next step (DM email address for manual removal). The tone is professional yet warm, matching Spotify's casual-helpful brand voice. Minor weakness: could slightly validate the user's repeated unsubscribe attempts to show deeper understanding of their frustration."
82,Bullshit like this is enough to get me to cancel my Spotify subscription. This is ridiculous.,We're really sorry to hear you're frustrated—we don't want to lose you! Could you share what's going on so we can help make this right?,4,"The reply demonstrates strong tone (empathetic, genuine, brand-appropriate) and clear actionability (asks for specifics to diagnose the issue), with realistic support framing. However, it lacks concrete next steps or problem-specific guidance, making it slightly generic despite being safe and welcoming."
83,"@SpotifyCares where is the ""if you ever recommend another edited song to me I'm gonna cancel my account"" button?","We totally get the frustration with edited versions! While we don't have a filter for that specific preference right now, we'd love to hear more about your experience—what platform are you using, and would a way to report or skip edited tracks be helpful?",4,"The reply demonstrates solid empathy and acknowledges the customer's frustration authentically. It's grounded in realistic capabilities (no false promises of features), maintains warm Spotify brand voice, and asks clarifying questions to understand the user's platform and needs. Minor weakness: the follow-up questions could be slightly more actionable by suggesting an immediate next step like DM'ing for detailed feedback, but the response is otherwise helpful and appropriate."
84,"okay not gonna lie @SpotifyCares I didn't actually see this coming, but thank you for the aquarium music. Also I will not cancel my Premium https://t.co/CFN46PiE4P",That's wonderful to hear! We're so glad you're enjoying the aquarium music and sticking with us. Thanks for the love! 🎵,4,"The reply is friendly, empathetic, and matches Spotify's casual brand voice perfectly. It acknowledges the customer's positive sentiment about aquarium music and their Premium commitment without making unsupported claims or fabricating details. The only minor limitation is lack of actionability—there's no clear next step or engagement hook (e.g., asking which playlist they enjoyed or suggesting related content), though this is acceptable given the customer's affirmation is primarily gratitude rather than a problem requiring resolution."
85,@SpotifyCares @115888 I love how you can cancel my account in seconds but can't help adjust my issues after hours.,"We hear you – we're sorry you've had a frustrating experience. We're here to help with your issues anytime, so please share what's going on and we'll do our best to sort it out! 🎵",3,"The reply demonstrates appropriate empathy and tone but fails to address the customer's core complaint about after-hours support limitations. It makes an unsupported claim ('we're here to help anytime') that contradicts the customer's stated problem, lacks actionability regarding the specific timing issue, and reads as generic placeholder language rather than a substantive response."
86,"@SpotifyCares Hey, I just wanted to let you know that the issue I was reporting in this tweet seems to have been fixed. Great job guys 👍🏼","That's awesome to hear! 🎉 We're so glad it's all sorted now. Thanks for letting us know, and feel free to reach out anytime you need us!",5,"The reply perfectly matches the customer's positive sentiment with genuine warmth and appreciation, uses appropriate celebratory tone without being overly casual, and maintains the Spotify brand voice. It's grounded in reality (no false claims or links), factually appropriate as a resolution acknowledgment, and invites future contact as a clear next step."
87,@115888 Can you pass on some great respect to the geeks who built the Spotify Connect stuff; it works really well.  It's really neat that my S2 Gear can control my phone which then controls my desktop spotify...  As a developer I appreciate the technological challenges.. #geek,Thanks so much for the kind words! We'll definitely pass your appreciation along to the team – we're proud of how Spotify Connect lets you control playback across your devices 💚,5,"The reply perfectly captures the customer's enthusiastic appreciation, acknowledges their developer perspective respectfully, and commits to a realistic action (passing feedback to the team). The tone is warm, genuine, and matches Spotify's brand voice with appropriate emoji, while avoiding any fabricated claims or false promises."
88,@115888 is doing a great job at deleting my downloaded music/podcasts each week! Straight killin' it.,"Hey there! We're sorry to hear your downloads keep disappearing. Can you tell us a bit more — is this happening across all your devices, or just one? That'll help us figure out what's going on.",4,"The reply correctly interprets the sarcastic complaint, demonstrates appropriate empathy, and asks a relevant diagnostic question (device scope) that's a logical first troubleshooting step. The tone is friendly and conversational, matching Spotify's brand voice. Minor opportunity: could briefly acknowledge the frustration more explicitly, but the response is safe, helpful, and actionable."
89,@SpotifyCares do you actually understand? doing customer support of twitter only makes ppl like you if they feel that they won’t be ignored. if you’re working on new functionality for press &amp; hold why take it out before you have the new functionality in there?,"We hear you, and we appreciate the feedback on both our support approach and the press & hold feature. We're constantly working to improve the app experience—can you tell us more about what happened when that functionality was removed?",4,"The reply demonstrates strong empathy and acknowledges the customer's dual concerns (support responsiveness and the press & hold feature removal) without fabricating details. The request for clarification is actionable and appropriately grounded. The tone is warm and professional, matching Spotify's brand voice. Minor deduction only for slightly generic phrasing (""constantly working to improve"") that could feel templated to a frustrated user."
90,"I'm extremely upset about this &amp; will now be returning to Limewire. So great job, @115888. You turned me from the 'ethical' way after all","Hey there! We're really sorry to hear you're frustrated. To help us get to the bottom of this, could you share a bit more about what's been going on with your account?",3,"The reply is safe, empathetic, and avoids hallucination, but it's generic and doesn't acknowledge the specific complaint or show that the agent understands the customer's concern. While the tone is friendly and the request for clarification is appropriate, the response lacks depth and doesn't demonstrate engagement with the serious nature of the customer's frustration."
91,"@SpotifyCares hey, moving to uk from canada, cancelling my b.a here and would like to know best way to keep my spotify before transfering payment to uk b.a? Or do i need to cancel my membership? Help!","Hey! Great question – you won't need to cancel. Simply update your payment method to your UK bank account in your account settings, and your subscription will continue seamlessly. Let us know if you run into any issues during the switch!",4,"The reply is friendly, empathetic, and actionable with clear next steps (update payment method in account settings). It correctly addresses the customer's core concern without unnecessary complexity. Minor concern: the response doesn't explicitly acknowledge potential regional restrictions or verification requirements that sometimes accompany account/payment method changes across countries, but doesn't fabricate false claims either."
92,@115888 I’m paying for a premium account but cannot log in how can I cancel payments,Hey! We'd love to help get you back into your account. Can you let us know what error message you're seeing when you try to log in? We'll figure this out together 👊,2,"The reply fails to address the customer's stated intent to cancel payments and misses the urgency implied by their problem. While the tone is friendly and the troubleshooting approach is reasonable, it sidesteps the customer's explicit request, potentially frustrating someone who may already be considering leaving the service."
93,@SpotifyCares I have no access to my email or Facebook I created an account with and I need to fix this. Cancel it and make a new one?,"We're sorry you're locked out! Since you don't have access to your email or Facebook login method, please DM us with your account details and we'll help you regain access or explore your options.",4,"The reply is empathetic, acknowledges the problem directly, and provides a clear next step (DM with account details). It avoids making unrealistic promises about account recovery and appropriately escalates to a private channel where sensitive information can be handled securely. Minor refinement: could slightly clarify what 'account details' means to avoid ambiguity, but the directive is actionable as-is."
94,@115888 My personal information is in danger and I need to cancel my account.  Please help.,We take your security seriously and want to help right away. Could you tell us a bit more about what happened so we can look into this properly?,3,"The reply is safe and empathetic with appropriate tone, but it's a generic clarification request that doesn't acknowledge the urgency of a security concern or provide a clear path to account deletion. A stronger response would offer immediate escalation options or direct the user to DM for sensitive account details while confirming Spotify's security protocol."
95,@115888 and I know it's not actually a wrong password because again it works on my desktop. About to cancel and go to Google music,Hey there! We're sorry you're running into login trouble on mobile while it works on desktop. Can you let us know which device and OS you're using? That'll help us figure out what's going on.,4,"The reply is friendly, empathetic, and asks a relevant diagnostic question to narrow down the device/OS issue. It accurately addresses the customer's frustration without making false promises. Minor weakness: it could more explicitly acknowledge their cancellation threat to show urgency and care, but the response is safe, actionable, and on-brand."
96,"@SpotifyCares cancelled my facebook account which was linked to my spotify account; If I can no longer access it, how can I cancel my spotify account to create a new one?","Hey, help's here! Can you send over the email address associated with your account? We'll take a look backstage and help you out.",4,"The reply is friendly, empathetic, and requests a necessary diagnostic detail (email address) to assist the customer. It avoids fabricating solutions and maintains Spotify's casual brand voice. However, it could be marginally more specific about what 'help' entails (e.g., clarifying whether account recovery or deletion is possible) to set clearer expectations."
97,@SpotifyCares I just joined Spotify and have had a ton of issues. Your website contact us is also broken. I need help or I'm about to cancel,Hey there! We're sorry you're experiencing issues—we're here to help. Can you tell us what specific login or account problems you're running into so we can get this sorted for you?,4,"The reply is empathetic, professional, and asks for specific diagnostic information to move forward—appropriate next steps for a new user with multiple issues. Minor opportunity: it could acknowledge the broken website contact form complaint, showing active listening to all pain points mentioned."
98,@117153 Web bronzer log in circle or can'T find the page. I am not the only one https://t.co/G1TTmWoI5M  I will ask a refund,"Hi there! We're sorry you're having trouble logging in on the web. To help you out quickly, could you share which browser you're using and whether you've tried clearing your cache? We'll take it from there 🎧",3,"The reply is safe, friendly, and poses a reasonable diagnostic question (browser/cache), but it's generic troubleshooting that doesn't acknowledge the customer's specific mention of a login circle issue or their refund concern, making it feel dismissive of their frustration despite decent tone."
99,"No matter how many times I change my Facebook and Spotify passwords, my @115888 account keeps getting hacked and I have no idea what else to do. I’ve had to cancel premium to avoid potential credit theft... I’m at a loss.","Hey, we're sorry to hear that! We'd like to help you secure your account. Please reach out to our support team directly so we can look into this with you and take the right steps to protect your account and payment info.",4,"The response is empathetic, safe, and actionable—correctly directing the user to specialized support for a serious security breach rather than offering inadequate self-service fixes. Minor deduction: it could be slightly more specific about *how* to contact support (e.g., 'DM us' or 'visit support.spotify.com') to maximize clarity and reduce friction."
100,@SpotifyCares help! My friends account was hacked and a new email was created. She can’t cancel her subscription and is being charged.,"We're really sorry to hear that! We'd recommend having your friend visit our account recovery page to regain access and secure the account. Once she's back in, she can manage her subscription settings. If she needs further help, she can reach out to our support team and we'll take it from there.",4,"The response demonstrates strong grounding, correct guidance for a hacked account scenario, and empathetic tone with clear next steps. Minor room for improvement: could be slightly more concise and could explicitly invite the friend to DM for expedited support given the account security urgency."
101,@SpotifyCares I cannot log into my account. Unfortunately the email address I signed up with is no longer a working email address. How Can I cancel my subscription?,"Hey, we're sorry to hear you're having trouble logging in! Could you send us the email address associated with your account? We'll take a look and help you cancel your subscription.",2,"While the tone is friendly and the offer to help is genuine, asking the customer to send their account email via public Twitter is a security risk and poor practice—this should happen in DMs instead. The reply also doesn't acknowledge the core issue (inaccessible email) or offer an alternative verification method, making it incomplete for their specific problem."
102,"@115888 can you help, my 12 yr old signed up for free trial and can’t remember emails or password to cancel?",Hey! We'd love to help sort this out. Can you DM us the email address or username associated with the account so we can look into cancellation options for you?,2,"While the tone is friendly and empathetic, the reply misses critical context: the customer explicitly stated the child cannot remember the email or password, yet the response asks for information the customer likely doesn't have. A better approach would acknowledge this constraint and offer alternative verification methods (e.g., account recovery, parent verification) or clarify what information the parent *does* have available."
103,"@SpotifyCares Please cancel my account immediately. I am unable to do so because my account has been hacked on my (oem) android and the email and password have changed.

Dm has been sent with no reply yet.

Thanks.","Hey, we're sorry to hear that! We know how stressful this is. Please check your email (including spam/junk folders) for next steps from our Accounts team, and feel free to reply here if you don't hear back soon—we'll help get this sorted. 🔒",2,"While the tone is friendly and empathetic, the reply fails on actionability and correctness for a security emergency. The customer explicitly states their account is compromised (email/password changed) and a DM was already sent with no response; telling them to check email or 'reply here' doesn't address the urgent security issue or the failed DM channel, and it lacks a clear escalation path for account recovery."
104,"@SpotifyCares hey can someone please contact me, i am paying for priemum and not able to us it i want to cancel but i can't sign in eather email me at this email asap __email__",Hi there! We'd love to help get this sorted. Can you send us a DM with your account email or username so we can look into this for you? We'll take it from there. 🎵,4,"The reply is friendly, empathetic, and uses appropriate Spotify brand voice with good tone. It provides a clear next step (DM with account details) that is realistic and follows standard support protocol. The only minor drawback is that it doesn't explicitly acknowledge the customer's frustration about not being able to sign in or their cancellation intent, which could make the response feel slightly more generic than ideal."
105,@SpotifyCares Pls help. I cant log in so that i cant cancel my subscription. My email is __email__,"Hey, help's here! We can assist with canceling your subscription even if you can't log in. Could you DM us the email address associated with your account so we can help from our end?",5,"The reply is grounded in realistic support capabilities, empathetic and concise in tone, and provides a clear actionable next step (DM with account email). It directly addresses the customer's concern by reassuring them that login isn't a barrier to cancellation, while appropriately requesting verification information through a secure channel."
106,"It is crazy how @115888 is absolutely clueless when it comes to protecting accounts. For the 3rd time, someone is accessing my premium account, I reset everything passwords, emails, etc. It is still going on. My only choice: cancel everything and go to @1122","We're really sorry to hear you're dealing with this repeatedly—that's frustrating. Since this is happening even after a password reset, we'd like to help dig deeper. Can you let us know if you've checked for any connected apps or devices in your account settings that shouldn't be there?",4,"The reply demonstrates strong empathy, acknowledges the severity of repeated unauthorized access, and provides a concrete diagnostic step (checking connected apps/devices) that is realistic and actionable. The tone is appropriately casual and helpful. Minor deduction: the response could have offered to escalate to a specialist team or requested a DM for account details, which would strengthen the next steps given the account security severity."
107,"@SpotifyCares Hi, I can't login on android. App keeps telling me the device is offline. When I press""connect"", nothing happens. Please help",Hey! Help's here. Can you let us know the make and model of your device and the exact versions of your Spotify and Android apps? We'll see what we can suggest.,4,"The reply is friendly, empathetic, and requests relevant diagnostic information (device specs and app versions) needed to troubleshoot the login issue. It's grounded in realistic support practices and provides a clear next step. Minor weakness: could explicitly acknowledge the frustration of being locked out to strengthen tone slightly."
108,"@115888  i Hawe Techincal problems with  login  on app 4G network fine  - press  connect via Facebook - countinued and  showing black screen and nothing happens...

Any Solutions  or tehnical problems  your side.
 Phone works fine.All workings only this problem.","Hey there! We're sorry you're hitting a black screen when trying to log in via Facebook on the app. To help us dig into this, could you let us know what device and OS you're using, plus your Spotify app version? We'll take it from there! 🎧",4,"The reply is friendly, empathetic, and asks appropriate diagnostic questions (device, OS, app version) that are realistic for troubleshooting a login/black screen issue. It correctly identifies the problem and provides a clear next step without fabricating any links or false promises. Minor opportunity for improvement: could acknowledge the Facebook login method more explicitly or suggest a quick workaround (e.g., try email login), but the response is safe, helpful, and professional."
109,"@SpotifyCares @SpotifyCares no error messages, it just literally won’t even let me press the log in button or the sign up for a new account button either!","Hey there! We'd love to help get you back on track. Can you try clearing your browser's cache and cookies, or if you're on mobile, try uninstalling and reinstalling the app? Let us know if that helps!",4,"The reply is grounded, helpful, and offers clear troubleshooting steps appropriate for a UI interaction issue. It matches Spotify's friendly tone and provides actionable next steps. Minor deduction only because it doesn't explicitly ask which platform (web/mobile) the customer is using before suggesting platform-specific fixes, which could have been slightly more targeted."
110,@115888 your api with Facebook is not working. You still have my old email address while I changed it month ago within Facebook. How can I change my email ?,"Hi there! We hear you—we know that's frustrating. To help get this sorted, could you let us know if you're able to log in to your Spotify account right now, or if you're having trouble accessing it?",2,"The reply misses the customer's core issue (email sync between Facebook and Spotify accounts) and asks an irrelevant diagnostic question about login access. While the tone is friendly and empathetic, it fails to address the specific problem or provide actionable next steps toward updating their email, making it unhelpful despite being polite."
111,@SpotifyCares I can’t login. When I press the login button it just doesn’t do anything. - iOS App,Hey there! That's frustrating. Try restarting your device and closing/reopening the app—this usually resolves login issues on iOS. Let us know if that helps!,5,"The reply is grounded in realistic troubleshooting (device restart, app refresh), empathetic and concise with appropriate casual tone, directly addresses the iOS-specific context, and provides a clear actionable next step with follow-up expectation."
112,@SpotifyCares It works now however when I tried again (the working time) it pushed several empty “Log In” titled pages and I had to press “Back” several times to get to the two buttons again so I could press Log In again and then it worked.,"Glad to hear it's working now! We appreciate you letting us know about those extra login pages—that's not the smooth experience we aim for. If it happens again, please reach out and we'll dig into it further. 🎵",4,"The reply is warm, empathetic, and acknowledges the customer's specific issue without making unsupported claims or fabricating solutions. It appropriately validates their experience while offering a clear next step (report if it recurs). The tone is perfectly aligned with Spotify's brand voice. The only minor limitation is that it doesn't ask a diagnostic question that might help identify the root cause more immediately, though this is acceptable for a public Twitter response."
113,"@115888 Screen says ""create account"" or ""log in"". I press log in. Screen never progresses and just loads forever. Have tried on multiple days, and have uninstalled and reinstalled. Have tried in safari, same problem. Please reimburse my membership and help me to log in.",Hey! We're sorry you're running into this login issue. We'd love to help get this sorted—can you let us know which device/OS you're on and if you're seeing any error messages when the screen loads?,3,"The reply is safe, friendly, and appropriately empathetic, but it asks for information the customer has already provided (device details like Safari/iOS are implied). It lacks acknowledgment of their reimbursement request and doesn't offer a clear escalation path, making it feel like a generic placeholder rather than a thoughtful next step."
114,"@SpotifyCares Hello , I just invited someone to my family account and they keep getting an error 600",Hi there! Error 600 during a family invite can definitely be frustrating. Could you DM us the email addresses for both accounts so we can investigate this backstage? We'll get it sorted for you.,4,"The reply is friendly, empathetic, and actionable with a clear next step (DM request for account details). It avoids fabricating error explanations or false promises. Minor deduction: asking for email addresses via DM is standard procedure, but the phrase 'backstage' is slightly informal/internal-sounding and could be replaced with clearer language like 'look into this.'"
115,i get kicked from my spotify family members after a week please help @SpotifyCares,"Hey there! We'd love to help get this sorted. Are you being removed from the family plan, or is it a login/access issue on your device?",4,"The reply demonstrates good tone, empathy, and actionability with a clear clarifying question to diagnose the issue. However, it could be slightly more specific—distinguishing between involuntary removal vs. session timeout/logout would better address the customer's complaint of being 'kicked' after a week."
116,@SpotifyCares if I cancel my premium account will I still have all of my playlists? Will renew in a month,"Hey! Good news – your playlists will stay with your account even after cancellation. You'll keep your Premium features for the rest of your paid time, and everything will be ready when you're back in a month! 🎵",2,"The reply contains a factual error: upon cancellation, users lose Premium features immediately (or at billing cycle end depending on region), not ""for the rest of your paid time."" While playlists are correctly preserved, this misleading claim about feature retention could cause customer confusion and dissatisfaction."
117,"""The song is already in your playlist.""

""Add anyways""
""Skip duplicate""

Instinctively clicked the left button to cancel, but here, cancel was the primary button. I feel like that's not quite right? @115888 @89432 https://t.co/t4NKPcYF00","Hey! Thanks for flagging this—we want to make sure our UI feels intuitive. To better understand what happened, which device were you using when you saw this prompt (mobile, desktop, web)?",3,"The reply is safe, acknowledges the concern empathetically, and asks a logical clarifying question about device type—which is appropriate for UI/UX issues. However, it's somewhat generic and doesn't demonstrate deeper understanding of the customer's specific complaint about button placement and muscle memory, making it feel like a placeholder rather than showing real engagement with their frustration."
118,"@115888 this new version of app on mobile is terrible, I cannot find my podcasts more, can I downgrade?",Hey there! We're sorry you're having trouble finding your podcasts. Can you let us know which device and app version you're on? We'll help get this sorted out for you.,4,"The reply demonstrates solid tone and empathy with appropriate brand voice, asks a clarifying diagnostic question, and avoids fabrications. However, it doesn't directly address the customer's specific downgrade question, which is a notable gap in actionability for their stated concern."
119,@115888 How do I cancel share via Messages? No X button? No cancel? https://t.co/3u24BKau0G,"Hey there! We'd love to help you out with the share via Messages feature. Could you let us know which device you're using (phone, desktop, etc.) so we can better understand what you're experiencing?",3,"The reply is safe and maintains appropriate tone, but it's a generic clarification request that doesn't acknowledge the customer's specific complaint about missing UI elements (no X button/cancel option). While asking for device context is reasonable, the response feels like a placeholder rather than showing genuine understanding of their frustration with the share feature interface."
120,Hey @115888 - major downgrade in quality of music on #NewMusicFriday. What about segmenting by genre/style? So much cool stuff overlooked..,Hey! Thanks for the feedback on #NewMusicFriday. We'd love to help improve your experience—could you share a couple of examples of tracks or genres you felt were overlooked? That'll help us better understand what you're looking for.,4,"The reply is friendly, empathetic, and actionable—it invites specific feedback to understand the customer's concern better, which is appropriate for subjective music curation feedback. However, it doesn't acknowledge the concrete feature suggestion (genre/style segmentation) or hint at whether this is something the team considers, which slightly limits depth given the customer's specific proposal."
121,"@SpotifyCares I'll be moving from USA to New Zealand next month, do I need to cancel my sub and get an NZ one, or will mine transfer?","Thanks for letting us know about your move! To best help you with your subscription when relocating, could you let us know if you're planning to keep the same payment method, or if there's anything else specific about your account we should know?",2,"The reply fails to address the customer's direct question about subscription transfer during relocation. Instead of providing clarification on Spotify's actual relocation policy, it deflects with a generic clarification question that doesn't meaningfully advance the conversation or show knowledge of how region changes affect accounts. The tone is friendly but the response misses critical context and lacks actionability regarding the core concern."
122,@SpotifyCares if you cancel your subscription can you still listen to your downloaded playlists?,"Hey! Good news — your playlists will stay with you even after cancellation. However, downloaded songs require an active subscription to play offline, so you'd only be able to stream them online with a Free account. Let us know if you have any other questions!",4,"The reply is accurate, friendly, and directly addresses the customer's question with clear expectations about offline downloads post-cancellation. Minor improvement opportunity: the phrasing 'stream them online with a Free account' could be slightly clearer, but overall tone is helpful and actionable."
123,@115888 where tf is Super Slimey I’m boutta cancel my subscription I swear,Hey there! Is this the album you're looking for: https://t.co/RqYePOitw0?,1,"The reply fabricates a URL (https://t.co/RqYePOitw0) without verification, violating groundedness principles. Additionally, it fails to acknowledge the customer's frustration about cancellation, lacks empathetic tone, and doesn't provide a clear next step if the link doesn't address their issue."
124,Is @115888 ever planning to release an app for LG webOS TVs or should I cancel my premium and go elsewhere?,"We appreciate your interest! While I don't have specific details on LG webOS app plans right now, I'd love to help clarify what you're looking for — are you currently unable to use Spotify on your LG TV, or are you asking about future availability?",3,"The reply is safe and avoids hallucinating timelines or false promises, maintaining appropriate humility about product roadmap details. However, it's somewhat generic and fails to acknowledge the customer's frustration or churn risk; a stronger response would validate their concern and offer current workarounds (e.g., web player, casting) before asking clarifying questions."
125,it’s so annoying that i can’t hold down a song on spotify to hear a preview i want my mf money back😤😤😤,Hey! We hear the frustration. Just to help us look into this—what device and OS are you using? We'll do our best to get this sorted for you. 🎵,3,"The reply is safe and appropriately empathetic with good tone, but it's overly generic—it asks for device/OS without acknowledging that long-press preview is a known Spotify UX feature (not always available on all platforms/versions), leaving the customer feeling their concern wasn't understood. The diagnostic approach is reasonable but misses an opportunity to explain the feature's actual availability or limitations."
126,@SpotifyCares Are you guys going to update the Spotify App on the iPhone X to fit the screen? I’m a premium user and right now it looks terrible on my X screen.. I’d hate to cancel my premium sub. And go to Apple Music because it looks way better. #WhatsTheDeal,"Hey there! We appreciate the feedback—we know this matters to you. We don't have updates to share right now, but we'll make sure the team knows you'd like to see iPhone X optimization. Your voice helps us prioritize! 🎵",3,"The reply is safe and friendly with appropriate tone, but it's generic and lacks actionable next steps. It doesn't address the customer's specific concern about screen fit or offer diagnostic help (e.g., asking about iOS version, suggesting troubleshooting, or offering a direct DM for escalation), leaving the premium user without a clear path forward despite their threat to switch services."
127,@115888 where is your Apple Watch app. I really don't want to cancel and subscribe to Apple Music but need offline playlists on the watch.,"Hey! We don't have an Apple Watch app at the moment, but we'd love to hear that this is important to you. Check out our official feature request and add your vote so our team knows how many people want it:",2,"The reply acknowledately acknowledges the customer's concern and tone is friendly, but it's incomplete and actionable—the promised feature request link is missing, making it impossible for the user to actually vote. This incomplete instruction undermines the reply's practical value and leaves the customer hanging."
128,"@SpotifyCares are you working on an apple watch app, and what is your estimated release date? Might cancel subscription for apple music","We appreciate the feedback! While we don't have a specific release date to share, we'd love for you to vote on the official idea here so our team knows how important this is to you. We're always working to improve your experience! 🎧",3,"The reply is safe and avoids hallucinating false release dates or promises, but it's generic and fails to directly address the customer's stated cancellation concern. The response would benefit from acknowledging their specific threat to switch to Apple Music and offering a more concrete next step (e.g., DM for account discussion) rather than just directing to a voting link."
129,"@115888 
Hey There,
If you pay for Spotify can you cancel at anytime?","Hey there! Yes, you can cancel your Spotify subscription anytime without penalty. You'll retain access until your current billing cycle ends. Head to your account settings to manage your subscription whenever you're ready. Let us know if you need any help! 👍",4,"The reply is accurate, friendly, and provides a clear actionable next step (account settings). The tone matches Spotify's casual brand voice well. Minor improvement: could be slightly more specific about where exactly to find subscription settings (e.g., 'Account > Subscription') to reduce follow-up questions."
130,@SpotifyCares any plans to change Spotify Family to make it possible to share with family members I don't live with? I don't want to unsubscribe but the policy is bonkers.,"We hear you on the Family Plan limitations. We don't have updates on changes to the policy right now, but we'd love to share your feedback with our team—it's exactly the kind of insight that helps us improve. 💚",4,"The reply demonstrates strong grounding (no false claims or URLs), acknowledges the customer's frustration empathetically, and maintains Spotify's friendly brand voice. However, it lacks a clear actionable next step—there's no specific instruction on how to formally submit feedback or what the customer should do now, which slightly reduces clarity."
131,@SpotifyCares if I cancel my premium account will I still have all of my playlists? Will renew in a month,"Hey there! Good news – your playlists will stay safe with us even after you cancel. You'll keep access to all your Premium features through the end of your paid month, and when you're ready to renew, everything will be there waiting for you. 🎵",2,"The reply contains a critical factual error: it claims the user will 'keep access to all your Premium features through the end of your paid month,' which is misleading—Premium features end immediately upon cancellation, though playlists are retained. The tone is friendly and empathetic, but the inaccurate information about feature access undermines the response's correctness and could confuse the customer about what to expect."
132,"It bothers me that @115888 doesn't have a button that will stop the automatically renewal of your subscription. I don't want to cancel and end now but I want it to not renew at the next billing cycle, you know.","We hear you — that's helpful feedback! To better assist, can you let us know which device or platform you're using, and whether you're on a monthly or annual plan?",2,"The reply misses the core issue: the customer is asking about a feature (pause/defer renewal without cancellation) and expressing a legitimate UX frustration, not reporting a technical bug. Asking for device/platform details is irrelevant to this feature-request feedback and comes across as tone-deaf, making the response feel like a deflection rather than acknowledgment of their actual concern."
133,@115888 where is your Apple Watch app. I really don't want to cancel and subscribe to Apple Music but need offline playlists on the watch.,Hi! We understand how important offline playlists on the watch would be. There's an official feature request you can check out and vote on to let our dev team know this is something you'd like to see.,3,"The reply is safe and empathetic but lacks actionability—it doesn't provide a clear link, process, or next step for the feature request. While the tone is friendly and acknowledges the customer's frustration, the vague reference to 'an official feature request' without a direct URL or specific instructions leaves the user uncertain about what to do next."
134,@115888 wish you would make it so you could cancel free trials in the app!!,"Thanks for the feedback! We hear you—managing trial settings directly in the app would be convenient. We'll pass this along to our team. In the meantime, you can manage your subscription settings on our website or let us know if you need help canceling!",4,"The reply is helpful, friendly, and grounded—it acknowledges feedback genuinely, offers a practical workaround (website/DM support), and avoids fabricating URLs or false promises. Minor weakness: it could be slightly more concise and the ""let us know"" call-to-action could be more explicitly actionable (e.g., 'reply here or DM us'), but overall tone and guidance are solid."
135,hey @115888 1. bring back hard press to preview 2. can we search for artists by city? 3. no i will not post this on ur message boards,"Thanks for reaching out! We appreciate the feature suggestions. Could you help us out—are you experiencing a technical issue right now, or are these features you'd like us to consider for the future?",3,"The reply is safe and professionally written with appropriate tone, but it misses the customer's explicit intent by treating feature requests as a potential technical issue rather than acknowledging them as feedback suggestions. The response is generic and doesn't provide actionable next steps—it merely clarifies customer intent rather than offering a clear path forward like forwarding feedback or explaining how suggestions are handled."
136,"@115888 Hey, guys, some intern must have typed the name wrong or something... But the song’s title is actually “Fantastic BABY”, not BOY. 

Xoxo https://t.co/cbnEfCgVz1",Hey! Thanks for flagging this—we appreciate you letting us know. Can you share the artist name and a link to the track so we can get this to the right team?,4,"The reply is friendly, empathetic, and appropriately acknowledges the customer's correction with gratitude. It provides a clear actionable next step by requesting specific information (artist name and link). However, the customer has already provided a link in their tweet, so asking for it again is slightly inefficient and suggests the support agent may not have fully reviewed the original message."
137,@SpotifyCares Long press feature: touch preview! Give us back the touch preview! https://t.co/uUWYKpXGmJ,We hear you! Your feedback has been noted and passed onto the team 👊🏼,3,"The reply is safe and friendly with appropriate tone, but it's generic placeholder language that lacks specificity or actionability. The customer has made a clear feature request (restoring touch preview functionality), yet the response provides no diagnostic question, workaround, or meaningful next step beyond vague assurance that feedback was noted."
138,@SpotifyCares The IKON merch under the K-pop group's is from https://t.co/K18ymh9y8Z No songs are directly listed on Spotify from the linked artist.,Thanks for flagging this! Could you share the direct link to the song(s) you're seeing listed under the wrong artist? That'll help us look into it right away.,3,"The reply is safe and appropriately empathetic, asking for clarification to investigate the issue. However, it misreads the customer's complaint—they stated songs are NOT listed on Spotify from the linked artist, yet the draft asks for song links as if they exist. This demonstrates incomplete comprehension of the specific problem, making the response less actionable despite maintaining good tone."
139,@SpotifyCares Why there is no more pre-hearing option on songs. Thing you could press the dots and hear a clip of that song?,"Hey! We appreciate the feedback about the preview feature. While we can't make promises on what's coming next, we'll definitely pass this along to our team—thanks for letting us know this matters to you!",3,"The reply is safe, friendly, and avoids false promises or fabricated features, but it's a generic acknowledgment that doesn't address the customer's specific concern—whether this was a deliberate removal, a bug, or a feature change. A more actionable response would clarify if they're experiencing a technical issue or confirm the feature status, then offer a diagnostic next step."
140,"@115888 love this week's recommended music playlist, any buttons I can press on the app to ensure more of the same style next week?","Hey! We're glad you're enjoying this week's picks. While we can't guarantee next week's recommendations will match exactly, you can help personalize your taste by liking songs you love—this helps our algorithm learn your style better. Give it a try!",4,"The reply is friendly, empathetic, and provides accurate, actionable guidance (liking songs to improve recommendations) without making false promises or fabricating features. Tone is appropriately casual and on-brand. Minor deduction: could be slightly more specific about how liking tracks directly influences the algorithm's next recommendations, but the advice is sound and realistic."
141,@SpotifyCares It’s ok working now able to cancel thanks,"Glad to hear it's working now! Thanks for letting us know, and we're here if you need anything else. 🎵",5,"The reply is friendly, empathetic, and appropriately concise—acknowledging the customer's resolution without overexplaining. It contains no fabricated claims, maintains authentic Spotify brand voice, and leaves the door open for future support while respecting that their issue is resolved."
142,"If  @115888  would contact me before I cancel their account, that'd be great.",Hey there! We'd be happy to help before any changes to your account. Can you tell us what's going on so we can assist?,3,"The reply is safe, friendly, and uses appropriate Spotify brand voice, but it's generic and doesn't acknowledge the customer's specific concern about wanting proactive contact before cancellation. It misses an opportunity to understand their underlying issue (service dissatisfaction, billing, etc.) and lacks a clear diagnostic direction—asking 'what's going on' is too broad when the customer has already signaled intent to leave."
143,I heard @115888 wants to cancel videos?? Please don't! Traffic Jams was dope! And I really want to see the @62966 one @473199,Hey there! We're not sure what you're referring to—could you help us out by sharing a bit more details about what you've heard? We'd love to look into this for you! 🎵,3,"The reply is safe and non-committal, avoiding hallucination of false facts or promises. However, it's generic and doesn't address the specific concern meaningfully—the customer references unclear handles/content that the agent doesn't recognize, making the response feel like a placeholder that lacks genuine engagement with the customer's underlying worry about cancellations."
144,"@SpotifyCares Yes. It was one of the involuntary ones that you have the option of cancelling, but I didn’t cancel it.","Thanks for clarifying! We'd love to help you sort this out. Can you tell us a bit more about what you'd like to do—are you looking to cancel now, or do you have questions about the subscription itself?",4,"The reply is friendly, empathetic, and actionable with a clear next step that appropriately seeks clarification on the customer's intent. It avoids fabrication and maintains authentic Spotify brand voice; however, it could acknowledge the customer's mention of an 'involuntary' subscription more directly to show fuller understanding of their specific situation."
145,@SpotifyCares i sent a dm regarding my premium refund thing for family - thanks,Thanks for reaching out! We've got your DM and our team will help you sort out your family plan refund. We appreciate your patience! 🎵,4,"The reply is friendly, empathetic, and maintains Spotify's casual brand voice while acknowledging the customer's DM and providing reassurance. It lacks a specific next step or timeline, but avoids any fabricated claims and appropriately defers detailed handling to the DM channel where the full context exists."
146,I don’t like how spaced out “cancel” is in the Spotify app @115888 please fix thanks love you https://t.co/lPZussuFi1,"Thanks for reaching out! We appreciate the feedback on the app layout. To help us look into this, could you let us know which device and Spotify app version you're using?",3,"The reply is safe, friendly, and appropriately asks for clarification (device/app version), but it treats a minor UI/UX preference complaint as a potential bug rather than acknowledging it's feedback that would go to the product team. The response is generic and doesn't validate the customer's sentiment or clearly explain next steps beyond data collection."
147,@117168 @SpotifyCares please help me get a job at your NY office. Thanks!,Hey there! We'd love to help point you in the right direction. Check out our careers page to explore open positions at our NY office and submit an application – that's the best way to get your foot in the door! 🎵,4,"The reply is friendly, empathetic, and actionable with clear next steps (visit careers page, apply). However, it's slightly outside SpotifyCares' core support scope (which typically handles account/service issues), though the response appropriately redirects rather than solving an off-topic request."
148,FYI the Danish marketing intern forgot to replace [price] with the actual price 😂 @115888 https://t.co/mX6GaqqyGl,Thanks for flagging that! 😅 We'd love to help fix this — could you share the link to the page so we can pass it along to our team?,2,"The reply misses critical context: the customer already provided a link in their tweet, making the request for 'the link' awkward and dismissive of their effort. While the tone is friendly and the intent to help is clear, the failure to acknowledge the specific information they've already shared undermines the response's actionability and appears inattentive."
149,FYI the Danish marketing intern forgot to replace [price] with the actual price 😂 @115888 https://t.co/mX6GaqqyGl,Thanks for flagging that! 😅 Could you share a link to the specific marketing page so we can get our team on it right away?,2,"The reply misses critical context—the customer already provided a link in their tweet (https://t.co/mX6GaqqyGl), making the request for 'a link' redundant and frustrating. While the tone is friendly and acknowledges the issue, the lack of attention to the customer's actual message significantly undermines actionability and appears inattentive."
150,@117153 Is your API really slow today? Or have you changed something since Friday? OAuth callbacks are timing out. Trying to debug...,Hey there! We'd love to help troubleshoot this. Can you share a bit more detail—like which app you're integrating with and whether this started after any recent code changes on your end?,4,"The reply demonstrates solid tone (friendly, empathetic, professional) and provides a clear actionable next step by requesting specific diagnostic details. However, it misses an opportunity to acknowledge potential API status issues or suggest checking status page resources, which would have strengthened the groundedness given the customer's explicit mention of potential service-side changes."
