id,customer_text,draft,judge_score,judge_rationale
1,What happened to the @115888 iOS app? Literally unusable after this last update. Going to have to cancel my subscription. @129941 @115948 which one of y’all should I switch to?,"We're working on the iOS app as we speak! We know this is frustrating, and we're here to help. Reach out if you need anything in the meantime—we've got you.",3,"The reply is safe and empathetic with appropriate tone, but lacks specificity—it doesn't acknowledge the actual update issue, ask clarifying questions about the problem, or provide concrete next steps beyond a vague 'reach out.' A stronger response would ask what specific features are broken or suggest a DM for troubleshooting details."
2,"@SpotifyCares Didn't work 😓 I'll wait a few more days, but I might just cancel since I can't get it to work 💔 thanks again for helping!!","We're really sorry to hear that didn't resolve it 😔 Before you go, we'd love to help get this sorted. Can you let us know if you're experiencing this issue on all your devices or just one?",4,"The reply is empathetic, grounded, and actionable with a clear diagnostic question that could help uncover the root cause. The tone is warm and matches Spotify's brand voice well. Minor consideration: the phrase 'Before you go' is slightly presumptive given the customer's tentative cancellation language, though it doesn't undermine the response's overall helpfulness."
3,@SpotifyCares Its becoming inbearable. I cant listen to anything with headphones in. I am going to unsubscribe from premium if it continues,Hey there! We're sorry you're experiencing this—we'd love to help get this sorted. Can you let us know your phone's operating system and confirm you're on the latest Spotify version? We'll take it from there.,4,"The reply demonstrates empathy, uses appropriate Spotify brand voice, and asks well-targeted diagnostic questions (OS and app version) that are realistic next steps for troubleshooting audio issues. The only minor weakness is it doesn't explicitly acknowledge the customer's frustration about potential unsubscription, though the opening 'We're sorry' shows basic empathy."
4,@SpotifyCares is it correct the Spotify web player doesn't have a play queue feature? I've been a happy paying Spotify customer for about 10 years but now I have a Chromebook I may have to cancel. It also freezes all the time :'(,"Hey! We completely understand your frustration. Unfortunately, Play Queue isn't available on the web player right now, but we'd love to hear this feedback—we'll make sure the team knows you'd like to see it. In the meantime, could you confirm if your Chrome OS and Google Chrome are both up-to-date? That sometimes helps with freezing issues.",4,"The reply is empathetic, grounded in realistic Spotify capabilities, and provides actionable troubleshooting (confirming OS/browser updates). It correctly acknowledges the missing queue feature without false promises, and the tone matches Spotify's brand voice well. Minor opportunity: could explicitly suggest the mobile app as a workaround or mention escalation options, but the response is otherwise solid."
5,@115888 @115888 Cancel that! It’s happening across my entire computer. Must be a bigger problem.,Hey there! We'd love to help you troubleshoot this. Can you let us know what operating system you're using and what exactly is happening? We'll get to the bottom of it with you.,3,"The reply is safe, friendly, and appropriately empathetic with good tone for Spotify support, but it lacks specificity since the customer's original issue context is missing from this exchange. The request for OS and details is reasonable diagnostic practice, though a more targeted follow-up (e.g., asking if this is audio-related, app-specific, or system-wide) would better match the customer's stated urgency and improve actionability."
6,@115888 so your app just decides to stop playing music... great! #refund,"Hey, that doesn't sound fun! Can you let us know more about what's happening? What device, OS, and Spotify version are you using?",4,"The reply is empathetic, appropriately casual, and asks targeted diagnostic questions that are realistic and actionable. It directly addresses the customer's frustration while gathering necessary troubleshooting information. Minor note: no mention of DM for account details, though the public thread approach here is reasonable for initial diagnostics."
7,@115888 Had to downgrade V1.0.3 to work around problems importing mp3's and available songs not playing,Hi there! We're sorry you've hit a snag with importing MP3s and playback. We'd love to help get this sorted—can you let us know what version you're currently on and if the issue persists? We'll take it from there.,4,"The reply demonstrates strong empathy and a clear next step (requesting current version and issue persistence), with realistic support language free of fabricated details. Minor issue: the customer already stated they downgraded to resolve the problem, so asking if 'the issue persists' could be slightly clearer about whether you're asking about the current state or the original V1.0.3 issue."
8,@115888 how do I turn off the autolaunch? Every time I get in my car your app takes over! I don't pay to get frustrated!!! I will cancel my family subscription if this isn't resolved.,Hey! Driving Mode will auto-launch once the app detects your car's Bluetooth connection. Try disabling this in your settings and let us know if that resolves it—we're here to help!,4,"The reply is helpful, grounded, and actionable with accurate guidance on disabling Driving Mode via settings. Tone is friendly and empathetic. However, it could be slightly more concrete (e.g., specifying 'Settings > Driving Mode') and doesn't explicitly acknowledge the customer's frustration or escalation risk, which would elevate it to a 5."
9,@SpotifyCares Im about to cancel your garbage app. Wont open &amp; when it does takes 4ever to load the song I want IF it even will play. Y$4it?,"Hi there! We're sorry you're running into trouble. To help you out, can you let us know what device, operating system, and app version you're using? We'll get to the bottom of this. 🎵",4,"The response is empathetic, professional, and requests necessary diagnostic information (device/OS/version) to troubleshoot the app performance issue. It avoids fabrications and maintains Spotify's casual-yet-helpful tone. Minor opportunity for improvement: acknowledging the frustration more directly or offering a faster interim step (e.g., restart/cache clear) could enhance perceived urgency, but the core reply is solid and actionable."
10,I'm going to have to cancel my @115888 subscription because its so messed up I cant listen to a single song without it activating Siri and skipping ahead and skipping mid song at the slightest physical movement of my iphone,"Hey there! We're sorry you're experiencing this—we definitely want to help before you go. What device, OS version, and Spotify version are you currently using? We'll figure this out together.",5,"The reply is empathetic and acknowledges the customer's frustration, avoids fabricated solutions or promises, asks specific diagnostic questions (device/OS/app version) that are realistic and necessary for troubleshooting, and uses friendly Spotify brand voice without robotic phrasing. It provides a clear next step while offering genuine help."
11,@SpotifyCares I can reach the speakers through the Sonos app. It appears to be Spotify Connect that's now broken. How do I downgrade?,Hey! We'd love to help get Spotify Connect working with your Sonos again. Can you let us know which operating system and Spotify version you're using? That'll help us figure out the best next step.,4,"The reply is friendly, empathetic, and asks a relevant diagnostic question that appropriately addresses the Spotify Connect issue without making unsupported promises. However, it doesn't acknowledge the customer's explicit question about downgrading, which leaves a minor gap in responsiveness to their stated need."
12,@SpotifyCares Spotify keeps stopping and starting. Songs won’t play through the home screen. Can I have a refund for premium? #veryfrustrated !,"We're sorry you're experiencing playback issues! We'd love to help get this sorted. For refund requests, our Email or Chat support teams are best equipped to assist—they can look into your account and discuss options with you. Let us know if you need help connecting with them!",4,"The reply is empathetic, professional, and appropriately routes the refund request to specialized teams without making unsupported promises. Minor weakness: it doesn't offer a quick diagnostic step for the playback issue itself (e.g., asking about device type or app version), which could have provided immediate value before escalation."
13,@SpotifyCares I’m about to cancel my account if you cannot resolve this. I have done what you requested and it is still occurring.,"Sorry to hear you're frustrated. We genuinely want to help get this sorted. Could you share the device, OS, and Spotify version you're using, along with exactly what's happening? We'll do our best to find a solution.",4,"The reply demonstrates strong empathy, acknowledges the customer's frustration, and requests relevant diagnostic information with clear actionable next steps. Tone is friendly and professional. Minor deduction: could more explicitly validate their effort ('I see you've already tried our suggestions') to better acknowledge their prior stated troubleshooting, which would strengthen emotional resonance."
14,"@SpotifyCares I'm a premium user and after updating Spotify based on the program notification I get ""Cannot find 'API-MS-WIN-CORE-PROCESSTHREADS-L1-1-2.DLL'. I'm using Windows 7 64bit.","Hey there! We're sorry you're hitting this issue after updating. Can you try right-clicking your taskbar > Start Task Manager > Processes, then end any Spotify processes? After that, delete the Spotify folders in C:\Users\USERNAME\AppData\Roaming and C:\Users\USERNAME\AppData\Local, then reinstall the app. Let us know if that helps!",4,"The reply offers a concrete, realistic troubleshooting path (process termination, cache/config deletion, reinstall) that is genuinely helpful for DLL errors on Windows. It's friendly, clearly formatted, and actionable. Minor deduction: the DLL error suggests a potential Windows 7 compatibility issue that the response doesn't acknowledge—mentioning compatibility or suggesting a support escalation if this persists would strengthen the answer."
15,@SpotifyCares it will play about 2 songs and cut off wont let me press shuffle play again i swipe the app away get the same thing two songs then cuts off,"That's frustrating! Let's get this sorted — what device, operating system, and app version are you using? We'll take it from there.",5,"The reply demonstrates excellent empathy, acknowledges the customer's frustration, avoids any fabricated claims or URLs, and asks targeted diagnostic questions (device, OS, app version) that are standard and appropriate troubleshooting steps. The tone is friendly and casual without being robotic, and provides a clear next step for resolution."
16,"@SpotifyCares When you paste in the link of artists Spotify page and then press the ""add"" button nothing happens. https://t.co/z4Z1zPWa52",That's strange. Can you try it again using an incognito/private window? Let us know if that helps!,4,"The reply is friendly, empathetic, and offers a legitimate troubleshooting step (incognito/private window) that addresses a common browser cache/cookie issue. It lacks a clear follow-up next step beyond 'let us know,' and could ask for clarification on platform/device, but is otherwise sound and actionable."
17,"@117153 No songs are available via desktop, updated program. You do such a good job of never resolving this perennial issue.","We're sorry you're experiencing this! To help us look into this further, can you share your operating system and current Spotify version? We're here to get this sorted for you.",4,"The reply is empathetic, realistic, and actionable with appropriate diagnostic questions (OS and version). It avoids fabrications and matches Spotify's brand voice well. Minor deduction only for not explicitly acknowledging the customer's frustration about the recurring nature of the issue, which could strengthen empathy slightly."
18,"@SpotifyCares I'm a premium user and after updating Spotify based on the program notification I get ""Cannot find 'API-MS-WIN-CORE-PROCESSTHREADS-L1-1-2.DLL'. I'm using Windows 7 64bit.","Hey there! We're sorry you're running into this after updating. Can you try right-clicking your taskbar > Start Task Manager > Processes, then end any Spotify processes? After that, delete the Spotify folders in C:\Users\USERNAME\AppData\Roaming and C:\Users\USERNAME\AppData\Local, then reinstall the app. Let us know if that helps!",4,"The reply is grounded, helpful, and provides clear actionable troubleshooting steps (task manager > end processes > delete cache folders > reinstall) that are standard for resolving DLL errors post-update. Tone is friendly and empathetic. Minor deduction: the response doesn't acknowledge the Windows 7 compatibility concern (the DLL error may indicate a genuine platform incompatibility rather than a fixable cache issue), which could have warranted a subtle caveat, but the steps are reasonable to attempt first."
19,"Having issues on my #iPhoneX with @115888. Playing Spotify if another app steals audio (say YouTube), go back to Spotify and press play.. track plays but no audio. Fix is to close app and re-open. Anyone else? #spotifyissues",Thanks for flagging this! We'd recommend trying a reinstall of the app—just uninstall and reinstall it fresh. Let us know if that clears things up!,3,"The reply is safe, friendly, and offers a reasonable troubleshooting step (reinstall), but it's generic and doesn't acknowledge the specific audio-focus issue the user described or ask clarifying questions to better understand the bug. It lacks depth for a customer reporting a reproducible technical problem."
20,"@SpotifyCares Also, if I press the button of the EarPods to play/pause, Apple Music native app starts playing. It looks like iOS doesn’t recognize Spotify",Thanks for confirming! Does reinstalling the app help with this? The exact steps can be found in our help center. Let us know 🙂,2,"The reply misses the core issue: the customer's EarPods button is triggering Apple Music instead of Spotify, indicating an iOS default app or control center setting problem—not an app installation issue. Suggesting reinstallation is unlikely to resolve this and shows misalignment with the actual technical problem, reducing usefulness despite a friendly tone."
21,".@115888 I would like to resolve an issue where every once in a while while I am listening, it stops playing, I press play, and the cycle just continues until I give up and try it again the next day, where then it works","Hey there! Sorry to hear playback's been stopping on you. Could you let us know what device, operating system, and Spotify version you're using? We'll see what we can suggest!",4,"The reply demonstrates solid grounding, correctness, and actionability by requesting diagnostic details (device, OS, version) relevant to intermittent playback issues. Tone is friendly and empathetic. Minor deduction: slightly generic phrasing ('We'll see what we can suggest') could be more specific about next steps, but this is a minor weakness in an otherwise strong response."
22,@SpotifyCares when i try to launch it says cannot find 'api-ms-win-core-processthreads-l1-1-2.ddl' please re-install this application. I re-installed and it still displays the error when i launch,"Hey! We'd like to help. Can you try right-clicking your taskbar > Start Task Manager > Processes, then end any Spotify processes. After that, delete the Spotify folders in C:\Users\USERNAME\AppData\Roaming and C:\Users\USERNAME\AppData\Local. Let us know if that works!",4,"The reply provides realistic, grounded technical troubleshooting steps appropriate for a DLL error without fabricating URLs or false promises. Tone is friendly and empathetic with clear next steps. Minor deduction because the advanced technical instructions (deleting AppData folders) could potentially cause data loss if misunderstood, and would ideally include a brief caution or suggest backing up first."
23,@115888 nope it’s just whenever i press the play button it doesn’t even do anything,"Got it! Can you let us know what device, OS, and Spotify version you're using? We'll see what we can suggest from there.",4,"The reply is grounded, factually appropriate, and uses friendly Spotify brand voice with a clear diagnostic next step. The only minor issue is that it could be slightly more empathetic by briefly acknowledging the frustration before jumping to troubleshooting, but overall it's a solid, actionable response."
24,"@115888 #BugReport: Everytime I press back from 'About' to 'Overview' in Artist page, the page runs to bottom &amp; not to the top.","Hey! Thanks for reporting this. Can you let us know what device you're using, its operating system, and your Spotify version? We'll take a look and see what we can suggest!",4,"The reply is grounded, empathetic, and actionable with appropriate diagnostic questions (device, OS, version). Tone matches Spotify's brand voice well. Minor deduction: could acknowledge the specific bug behavior slightly more explicitly to show the issue was understood, but the response is otherwise solid and helpful."
25,"@SpotifyCares Steps to reproduce:
1) Open Spotify in Windows on a multi-monitor computer
2) Ensure Spotify is maximized/full-screen
3) Play a song song (not necessary to trigger the bug, but you won't see a frozen timer otherwise)
4) Press WIN+SHIFT+RIGHT ARROW
5) Observe the Spotify window","Thanks for the detailed steps! We appreciate you breaking this down. Are you seeing the timer freeze when you move Spotify to the other monitor, or is there something else happening with the playback?",4,"The reply demonstrates strong tone and empathy with genuine appreciation for detailed bug reporting, and asks a clarifying question to understand the specific manifestation. However, it slightly misinterprets the customer's report—the issue appears to be visual/UI-related (frozen timer display) rather than playback behavior—which could lead to clarification rather than immediate resolution."
26,"@SpotifyCares Thanks! No error message, I just press PLAY but nothing happens. I've tried it on other artists as well and I get the same issue","Can you send over your device model, operating system, and Spotify version you're using? We'll see what we can suggest!",4,"The reply is grounded, factually appropriate, and actionable—it requests essential diagnostic information (device, OS, app version) to troubleshoot a playback issue. The tone is friendly and professional. Minor improvement: explicitly acknowledging the multi-artist reproduction attempt would show closer listening, but the response is otherwise safe and helpful."
27,@115888 sharing no longer works on android.  press share and brings me back to Spotify home page.,Hey there! Help's here. Can you let us know the operating system and Spotify version you're using? Does logging out and back in help?,4,"The reply is friendly, empathetic, and actionable with appropriate diagnostic questions (OS/version and troubleshooting step). It avoids fabricating links or false promises and matches Spotify's casual tone. Minor weakness: 'Help's here' is slightly awkward phrasing that could be more natural."
28,"@115888 there's something wrong with the share button on Android. Everytime i press it, the app restarts","Hey there! Thanks for flagging this. We're aware of the share button issue on Android causing app restarts. Could you share your device make/model, Android version, and Spotify app version? That'll help us dig into this faster.",5,"The reply is grounded in realistic support practices, correctly addresses the customer's specific Android issue without fabricating details, maintains friendly and professional Spotify brand tone, and requests targeted diagnostic information (device/OS/app version) to enable next steps—all without overpromising or introducing false claims."
29,@SpotifyCares press play - nothing happes. no error msg. mobile works well. desktop app always problems.,"Hey there! Sorry to hear the desktop app isn't cooperating while mobile works fine. Can you try logging out, restarting your desktop, and logging back in? That often does the trick for us.",4,"The reply is empathetic, uses appropriate casual tone, and offers a realistic, actionable troubleshooting step (logout/restart/login) that directly addresses the desktop-specific issue. Minor imperfection: 'does the trick for us' is slightly informal agent-centric phrasing, but overall safe and helpful."
30,"@SpotifyCares Come on guys, fix your Windows 7 client! You are supposed to be Agile and Lean, companies even show videos of Spotify's development process as an example. This is really bad UX.  API-MS-WIN-CORE-PROCESSTHREADS-L1-1-2.DLL",Hey there! We hear you. Can you let us know the app version you're running? We'll take a look and suggest next steps to get this sorted for you.,3,"The reply is safe, friendly, and avoids hallucination, but it misses critical context—the customer cited a specific DLL error (API-MS-WIN-CORE-PROCESSTHREADS-L1-1-2.DLL) suggesting a Windows 7 compatibility issue, which the generic app version question doesn't directly address. A stronger response would acknowledge the Windows 7 concern or ask about their OS to better diagnose the root problem."
31,@115888 none of my playlists are working when I press shuffle. Wyd?,"Hey, that's not cool! Can you tell us what device, operating system, and Spotify version you're using? We'll see what we can suggest.",4,"The reply is friendly, empathetic, and requests essential diagnostic information (device, OS, app version) needed to troubleshoot the shuffle issue—a solid, actionable next step. Minor improvement: slightly more specific phrasing like 'What device and Spotify version are you on?' would enhance clarity, but the response is safe, realistic, and matches Spotify's casual brand voice without hallucination."
32,@SpotifyCares so my phone always plays songs in order no matter how many times I press shuffle if I select 'all songs' on Android. Is this a thing?,"Hey there! We'd love to help figure this out. Can you share your device make and model, along with your Android and Spotify versions? We'll see what we can suggest!",4,"The reply demonstrates strong empathy and clear next steps by requesting specific diagnostic information (device model, OS version, app version). It's friendly and professional without fabricating solutions or fake links. Minor room for improvement: could briefly acknowledge the shuffle issue to show understanding, but the response is otherwise safe, actionable, and appropriately grounded."
33,"Having issues on my #iPhoneX with @115888. Playing Spotify if another app steals audio (say YouTube), go back to Spotify and press play.. track plays but no audio. Fix is to close app and re-open. Anyone else? #spotifyissues",Thanks for sharing that info! We'd recommend uninstalling and reinstalling the app as a fix—let us know if that resolves it for you.,2,"The reply misses critical context: the customer has already identified a working workaround (close/reopen), but the suggested fix (uninstall/reinstall) is more disruptive and doesn't address their specific audio bug when switching between apps. The response lacks empathy for their frustration and fails to ask clarifying questions or acknowledge the issue pattern they've documented."
34,"Hey @SpotifyCares I wanted to play some music and while I was listening to my computer accidentally shut off during an ad, so I turn it back on and I load up the web player and it is frozen on the ad and I can't listen to my music. Every time I press play on a song, it won't work","Hey there! We're sorry you're stuck on that ad. Try logging out, restarting your device, then logging back in. If that doesn't work, clearing your browser's cache and cookies should help get things flowing again. Let us know how it goes!",4,"The reply is friendly, empathetic, and provides realistic, actionable troubleshooting steps (logout/restart/login, then cache/cookie clearing) that directly address a frozen web player issue. The tone matches Spotify's casual-yet-helpful brand voice. Minor improvement: could be slightly more concise, but the advice is solid and grounded in genuine support capabilities."
35,"Spotify not showing up in my control center, my volume in my control center wont turn up when i press the buttons wtf","Hey there! We'd love to help get this sorted. Can you let us know what device, iOS version, and Spotify version you're running? That'll help us troubleshoot this with you.",4,"The reply is friendly, empathetic, and asks for relevant diagnostic information (device, iOS version, Spotify version) that would help troubleshoot the control center issue. It's grounded in realistic support capabilities and provides a clear next step. The tone matches Spotify's casual brand voice well, though it could slightly acknowledge the customer's frustration with 'wtf' to feel more personalized."
36,"@SpotifyCares Hey, I'm currently buying premium per month, but want the yearly subscription offer you're doing. Do I need to cancel my subscription then resubscribe to do this?","Hey there! Good news — you don't need to cancel and resubscribe. You can switch to the yearly plan directly, and the new payment will take effect on your next renewal date. Let us know if you have any other questions! 🎵",4,"The reply is accurate, helpful, and maintains friendly Spotify brand tone with clear next steps. It correctly advises the customer that they can switch plans without canceling, and explains the billing timing. Minor deduction only for lacking a specific instruction on *how* to make the switch (e.g., directing them to settings or offering a DM for assistance)."
37,"@SpotifyCares if I am trying the 3 month trial, if I cancel will I still be able to use the 3 months?

I’ll probably subscribe but I often forget to unsubscribe and it comes back at the worst of times.","Hey there! Yup! Canceling only stops your subscription from renewing, so you can still use your Premium features until the end of the period you paid for. This way you won't be charged unexpectedly. Let us know if you have any other questions! 🙂",5,"The reply is grounded in accurate Spotify policy (cancellation allows use through paid period), directly addresses the customer's concern about unexpected charges, uses warm and friendly tone consistent with Spotify brand voice, and provides clear actionable reassurance that solves their anxiety. No fabricated claims or unsupported promises."
38,@SpotifyCares how to cancel Premium account to join Premium Family,"Hi there! You can cancel your current Premium plan anytime, and then join a Family plan. Just head to your account settings to manage your subscription. We're here if you need any other help! 👍",4,"The reply is friendly, accurate, and provides a clear next step (account settings). It correctly addresses the customer's intent to switch from individual Premium to Family Plan. Minor deduction: could be slightly more specific (e.g., mention they can rejoin after Family plan is set up, or clarify the Family plan organizer process) to maximize actionability, but the guidance is sound and helpful."
39,"@SpotifyCares Just for reference, I have tried both a Prepaid Visa AND a Mastercard, and yes I tried to cancel my Premium and re-join, but nothing works","Hey there! Sorry you're running into trouble with payment methods and cancellation. To dig into this for you, could you share your account email so we can take a closer look backstage?",4,"The reply is empathetic, maintains Spotify's friendly tone, and requests actionable information (account email) to proceed with troubleshooting. However, 'backstage' is slightly informal/vague phrasing—'in your account' or 'at our end' would be clearer—and the response could acknowledge the customer's prior troubleshooting efforts more explicitly to build trust."
40,"@SpotifyCares I have an account for my younger sister, she forgot her login details to cancel her trial. After 4 days and numerous attempts we finally got bk in! If I cancel the account now, will premium continue to work until the last day, payed for?","Hey! Yes, her Premium features will continue to work through the end of her paid period. Once that renewal date hits, the account will switch to Free. Let us know if there's anything else! 🙂",4,"The reply is accurate, friendly, and directly answers the customer's core question about Premium access continuing through the paid period. Minor improvement: could be slightly more explicit about the specific cancellation timing or offer a proactive DM for account details, but the response is otherwise safe, helpful, and appropriately casual."
41,@SpotifyCares I don't want to cancel. I just dont like having auto renew on,"We hear you! Month-to-month subscription plans aren't available at this time, but we'll be sure to pass this feedback along to the right team. Let us know if there's anything else we can help with! 👍",4,"The reply is friendly, empathetic, and realistic without fabricating features or false promises. It correctly acknowledges the limitation while redirecting constructively. One minor weakness: it doesn't clarify that users can still manage auto-renew through account settings (pause/resume options), which would provide more immediate actionability rather than just collecting feedback."
42,"My credit card info was stolen, and used on @115888 in September &amp; again in October, still no refund, no customer service number to call. If you use Spotify, beware if you ever have fraud, no one to talk to. I’ve never had a Spotify account.","We're sorry to hear this happened! We'd like to help investigate the unauthorized charges on your account. Please reply with your statement number (usually starts with ""P03"") so we can look into this backstage and work toward a resolution.",2,"The reply misses critical context: the customer explicitly states they've never had a Spotify account, so requesting a 'statement number' is irrelevant and will frustrate them further. Additionally, the fabricated statement number format ('P03') lacks grounding and appears to hallucinate internal documentation standards. While empathetic in tone, the response fails on correctness and actionability by not acknowledging the core issue—fraudulent charges on their payment method, not their Spotify account."
43,@SpotifyCares hi I redeemed my account last week and now my premium service gets cancel please help me!!! https://t.co/d9HBmDsagV,"Hey there! We're sorry to hear your Premium was cancelled unexpectedly. To help you out, could you send us your username and email address? We'll look into what happened backstage and get this sorted for you! 🎵",4,"The reply demonstrates strong empathy, friendly tone, and a clear actionable next step (requesting username and email for investigation). It avoids fabricating false promises or unrealistic timelines. Minor deduction: 'redeemed' is ambiguous (could mean gift card, promo code, or account recovery), and the response doesn't acknowledge this potential confusion, though the diagnostic request would naturally clarify it."
44,@115888 Can we unsubscribe then subscribe again? 😂 I am currently paying for a Family Plan. :/,"Hey, help's here! You can cancel your subscription anytime, and when you're ready to resubscribe, you're all set to do that too. Just head to your account settings to manage your plan. We're here if you need anything else! 😊",4,"The reply is friendly, empathetic, and provides accurate guidance on canceling and resubscribing. It correctly directs the user to account settings without fabricating details. The only minor weakness is the lack of a clarifying question about why they want to unsubscribe/resubscribe—addressing the underlying issue (e.g., billing cycle reset, plan change) would strengthen actionability."
45,@SpotifyCares It never told me to cancel before my free trial ended and now im down 10 bucks rip,"We hear you! We're sorry the free trial didn't send a reminder before converting to paid. While we can't reverse the charge, we'd love to help make this right—can you reply with your username and email so we can look into this for you?",4,"The reply is empathetic, acknowledges the issue clearly, and provides a concrete next step (requesting username/email for investigation). It's realistic about limitations while offering help. Minor weakness: 'make this right' could be more specific about what resolution might look like, though the vagueness here avoids false promises, which is appropriate."
46,"@SpotifyCares hello I tried to sign up for the student promotion, it didn't let go through cause sheerID didn't let me upload my docs , and I ended up getting charge 3 times, I want my money back please !",Hey! We're sorry to hear you had trouble with the student signup and got charged multiple times. We'd like to make this right—can you send us a DM with your account email so we can look into this for you?,4,"The reply is empathetic, acknowledges both issues (signup failure and multiple charges), uses authentic Spotify tone, and provides a clear next step (DM with account email). Minor weakness: doesn't briefly explain why SheerID verification failed or set expectations for resolution timeline, but the response is safe, actionable, and appropriate for escalation."
47,@115888 just got Spotify for 3 months if I cancel straight away will it end the premium immediately or just not renew? Thanks,"Hi there! If you cancel, your Premium features will stick around for the rest of your 3-month period—it won't end right away. You'll just stop being charged after that time's up. Let us know if you need anything else! 🎵",5,"The reply directly answers the customer's specific question with accurate information (cancellation doesn't end Premium mid-billing cycle, just prevents renewal), uses friendly and concise Spotify brand voice, and reassures with a helpful closing. No fabricated claims, links, or dates—purely grounded and actionable."
48,Can I unsubscribe my current subscription to subscribe to that better promo? Loool @115888 https://t.co/udYNtlIxSs,"Hi! We're afraid the promo offer is only available to those who haven't had Premium before. You can cancel anytime, but you wouldn't be eligible to resubscribe with that intro offer. Let us know if you have other questions! 😊",4,"The reply is accurate, empathetic, and directly addresses the customer's question about promo eligibility with a clear explanation. The tone is friendly and brand-appropriate with the emoji. The only minor gap is that it could proactively offer an alternative solution (e.g., ""DM us your details and we can check if other offers apply"") to be maximally actionable, though the general invitation to ask questions partially addresses this."
49,"Hi @SpotifyCares, I want to change the date that money leaves my account for premium, is this possible or do I have to cancel and renew again??","Hey! We're afraid it's not possible to change your billing date directly. The only way to do this is to cancel your current subscription, then resubscribe on the day you'd like to be charged. We know it's not ideal, but we appreciate your patience!",4,"The reply is grounded, factually correct, and empathetic with a friendly tone that matches Spotify's brand voice. It clearly explains the limitation and provides a concrete next step (cancel and resubscribe). Minor improvement: could offer a brief supportive gesture or ask a clarifying question about their preferred billing date to be more proactively helpful."
50,@SpotifyCares i want to have a refund bcuz i have a debt of 400$ from yall and its only been a month,"Hey there! We'd like to help sort this out. Please send us a private message with your account email or username, and we'll take a closer look at what's going on with your billing.",4,"The reply is grounded, friendly, and actionable—it appropriately redirects to DM for account-specific billing investigation without making unfounded promises about refunds. Minor refinement could acknowledge the customer's frustration more explicitly to boost empathy, but the core response is solid and follows best support practices."
51,@SpotifyCares like to change my billing date but due to be billed 2mro. Should I wait &amp; pay before I cancel? Want to change to 26th of month,Hey! You can change your billing date through your account settings—no need to cancel first. We'd recommend making the change before your upcoming charge so it takes effect for your next billing cycle. Let us know if you need any help!,4,"The reply is helpful, friendly, and actionable with accurate guidance on changing billing dates without cancellation. However, it lacks specificity about the exact timing mechanics (whether a charge tomorrow would still occur, or whether the change prevents it), which would have made the advice more concrete for the customer's immediate situation."
52,@117153 hey! was rejected in spotoify premium for students but i'm still charged. please give me a refund as i have not been granted  premium account.,Hey there! We're sorry to hear you were rejected for Student Premium but still got charged. We'd love to help sort this out—could you DM us your account email so we can look into this and get it resolved for you?,4,"The reply demonstrates strong empathy, clear actionability (DM request with specific detail), and appropriate tone matching Spotify's brand voice. It accurately addresses the customer's concern about being charged despite rejection. The only minor weakness is it doesn't explicitly mention 'refund' in the resolution promise, though the 'get it resolved' phrasing reasonably implies financial rectification."
53,@SpotifyCares i was charged for the student premium after just putting my payment information in. I turned out not be elligible so why did I still get charged? (The 9.99 was intentional) am I supposed to be issued a refund? Thanks https://t.co/1lxNIOLkOE,Hi there! We're sorry to hear you were charged when you weren't eligible for the student discount. We'd love to help sort this out—can you send us a DM with your account email or username? We'll look into this backstage and take it from there. 🎧,4,"The reply is friendly, empathetic, and actionable with a clear next step (DM request). It acknowledges the problem without making unsupported promises about refunds, stays grounded, and matches Spotify's casual brand voice. Minor: could be slightly more explicit about expected resolution timeline, but overall safe and helpful."
54,"@SpotifyCares Hello, my spotify account's reoccurring charge overdrafted my bank account. And I was hoping if you could refund the charge so I can get the refund from the overdraft charge. I get paid tomorrow and would reimburse my spotify account asap. Please :)","Sorry to hear about the overdraft! We understand how stressful that is. To look into a refund for you, we'll need to gather some details about your account—could you send us a DM with your account email so we can investigate?",4,"The reply demonstrates appropriate empathy, avoids false promises about refund approval, and provides a clear next step (DM with account email for investigation). The tone is friendly and professional. Minor deduction: it could slightly strengthen actionability by briefly acknowledging the urgency (e.g., 'we'll prioritize this') to match the customer's time-sensitive situation."
55,"@SpotifyCares didn't realise my student Spotify had ran out because it was deleted from my calender somehow, do I cancel my sub then redo?","Thanks for reaching out! You can cancel anytime and resubscribe whenever you're ready—no issues there. To help you get set up again smoothly, could you let us know if you'd like assistance with your account details or if there's anything else we can clarify?",4,"The reply is friendly, empathetic, and provides a clear answer to the customer's question about canceling and resubscribing. It includes a reasonable next step by offering account assistance. Minor weakness: it could be slightly more direct about the student plan eligibility requirements they may face upon resubscription, but the response is safe, helpful, and doesn't fabricate any false information."
56,@SpotifyCares (2/2) please can you refund the payment just now and I will activate my new subscription?,"We'd be happy to help with that refund! To look into this for you, please send us a DM with your account email and we'll get it sorted right away.",4,"The reply is friendly, empathetic, and provides a clear actionable next step (DM with account email). It's realistic and grounded without false promises. Minor point: it could acknowledge the customer's intent to reactivate their subscription to show fuller understanding of their situation, but this is a small omission in an otherwise solid response."
57,@SpotifyCares how do I get a refund or how do I get Spotify for students if it says I have Spotify free but was charged 5 dollars,Hey! We'd love to help sort this out. Can you let us know if you're currently on a free account or if a paid subscription was activated? We'll take it from there! 💙,3,"The reply is safe and friendly with appropriate tone, but it asks a clarifying question that the customer already answered in their tweet (they explicitly stated 'Spotify free but was charged 5 dollars'). A stronger response would acknowledge the billing discrepancy directly and offer concrete next steps like requesting a DM for account details or explaining refund/student plan eligibility without requiring redundant clarification."
58,@SpotifyCares me and my wife have separate spotify accounts but we want to get the family plan. Do one of us have cancel an account and get invited to the family plan? what about the payment plan? do the single accounts automatically switch to the family account?,"Hey! Great news — you won't have to cancel either account. You'll both be able to keep your accounts, you just need to decide who'll be the Family plan owner. Your existing subscriptions will simply resume if you ever leave the plan. For all the details on how Family plan works, check out our help article here. Hope this helps! 🎵",2,"The reply lacks a critical URL (fabricated 'here' link without actual destination) and fails to directly answer the customer's specific questions about account cancellation necessity, payment transition, and automatic switching mechanics. While the tone is friendly and the core reassurance is accurate, the response is vague and unhelpfully redirects without providing actionable clarity on their explicit concerns."
59,@SpotifyCares My plan was switched out of student without me being notified so I've been paying double for months! any way i can get this money back? Thank youuu 😊 https://t.co/yWemt3civR,Hey! We're sorry to hear you've been charged unexpectedly. We'd love to help make this right — can you send us a DM with your account email so we can look into what happened and review your billing? 💙,4,"The reply is empathetic, professional, and provides a clear actionable next step (DM with account email). It acknowledges the billing issue responsibly without making unfounded promises about refunds. Minor: 'charged unexpectedly' slightly softens the customer's specific claim of double-charging, but this framing appropriately avoids premature commitment while inviting investigation."
60,@115888 i send you that spotify charge me again but you didnt reply.can you please refund my money asap.becuse i am very so sad to trust and do that again and you charge me twice per day.please stop doing this,We're sorry to hear you've been charged multiple times—that's definitely not right. Please DM us your account email and we'll look into this and get you sorted with a refund as soon as we can.,4,"The reply is empathetic, grounded, and actionable with appropriate next steps (DM request with account info). It acknowledges the customer's frustration and billing concern without making false promises. Minor improvement: could briefly acknowledge the lack of prior response to strengthen trust recovery, but the core response is solid and on-brand."
61,@SpotifyCares I have heard from them and now they tell me it’s going to take 14 business days to get my refund. This is total bullshit!! U suck!,"We're sorry for the delay and understand your frustration. Rest assured, your refund will be processed within 14 business days. We appreciate your patience!",3,"The reply is safe and grounded (acknowledges the 14-day timeline without fabrication), but lacks empathy depth and actionability—it simply restates the timeline without addressing the customer's frustration or offering concrete next steps like tracking details or escalation options."
62,@115888 cancel my account thanks .Very hard to contact you .,Hi there! We'd be happy to help you cancel your account. Can you please share the email address or username associated with your account so we can assist you?,4,"The reply is helpful, empathetic, and follows proper support protocol by requesting account verification details before processing cancellation. Tone is friendly and appropriate. Minor deduction: doesn't acknowledge the customer's frustration about difficulty contacting support, which would have shown stronger empathy and addressed their stated concern."
63,@115888 we need @146300 to be on your app or I will be forced to cancel my subscription to you and go to @126654 and we don't want that right 💕😊...  So fix it please like now thx bye 💖,"Hey there! We'd love to have them on Spotify — hopefully we will in the future. In the meantime, you can check out our artist request feature to show your support. Let us know if there's anything else we can help with! 💚",4,"The reply is friendly, empathetic, and grounded with realistic guidance (artist request feature is a genuine Spotify tool). It acknowledges the customer's concern without making false promises about artist availability. The only minor weakness is that it could more directly address the urgency in their tone or offer a slightly more concrete next step like 'DM us the artist name so we can pass it along,' but overall it's a solid, brand-appropriate response."
64,@SpotifyCares how do i cancel 30 day free trial,"Hey! To cancel your subscription, head to your account settings and select ""Cancel Subscription."" You can do this anytime during your free trial. Let us know if you need any other help! 🎵",4,"The reply is accurate, friendly, and provides clear actionable guidance for canceling a free trial through account settings. The tone matches Spotify's brand well with the casual emoji. Minor deduction: it could be slightly more specific about platform access (web vs. app) or include a DM offer for further assistance, but the core advice is sound and sufficient."
65,"@SpotifyCares I want to cancel whatever I am paying 9.99 a month for. I have no account apparently, so I can't cancel it! Free thru Toyota for a month maybe? Stop billing me.",We'd love to help get this sorted! Can you share the email address or phone number associated with the payment so we can track down the subscription and stop the billing for you?,5,"The reply demonstrates excellent tone (empathetic and action-oriented), correctly addresses the customer's core issue (unexpected billing despite account access problems), and provides a clear, realistic next step by requesting identifying information needed to locate and cancel the subscription. No fabricated claims or unrealistic promises are made."
66,@SpotifyCares umm excuse me but I’m not gonna pay for something I didn’t get. Please transfer my money back https://t.co/HeFsSmzn6p,Thanks for reaching out. We understand your frustration—you should receive an email from our team shortly with details on your refund. We're here if you need anything else!,2,"The reply makes an unsupported promise ('you should receive an email from our team shortly') without understanding the customer's specific issue, account status, or refund eligibility. It lacks actionability—the customer needs immediate diagnosis (what payment issue occurred?) and a clear next step (DM for account review), not a vague assurance about an email that may never come."
67,"@115888 so sick and tired of waiting on a refund. Over 35 emails, their replies make no sense and they DON’T listen to my ways to solve it!",Hey! We're really sorry to hear you've been frustrated with this process. Our Email Support team should have the latest on your refund—could you check back with them so we can get this sorted for you?,2,"The reply fails to address the customer's core frustration—they've already sent 35 emails and feel unheard. Redirecting them back to the same email support team that has allegedly ignored them shows the response missed the context and comes across as dismissive rather than empathetic. A better approach would acknowledge the frustration more directly and offer an alternative escalation path (e.g., offering to file a ticket or review their case internally via DM)."
68,"@SpotifyCares A limit on # of songs I merely ""save"" to intend to stream later? Despite paying for Premium? Bad response. Try again, with the word ""refund""","We appreciate your feedback about the 10k limit in Your Library. We can't offer refunds, but we'll definitely pass your thoughts along to our team—thanks for letting us know what matters to you.",4,"The reply is grounded, factually accurate (10k save limit is real), and appropriately addresses the refund request with a clear boundary while remaining empathetic. Tone is friendly and professional. Minor weakness: it could be slightly more actionable by offering a concrete next step like suggesting they contact support directly or asking a diagnostic question, but the response is otherwise solid and safe."
69,@SpotifyCares trying to cancel my account is frustrating. Please help! Msg has already been sent. Thanks.,We're here to help! Can you send over your username and email address so we can look into the cancellation issue for you? We'll get this sorted out.,4,"The reply is friendly, empathetic, and provides a clear actionable next step (requesting account identifiers). It appropriately invites the user to share details via DM without making unsupported promises or fabricating information. Minor deduction for slight genericness and not explicitly acknowledging they mentioned a prior message, though the response remains safe and helpful."
70,@SpotifyCares I need to cancel my account but my email was hacked and i don't have access to it and I don't want to keep being charged.,Hi there! We're sorry to hear that. Check out our help center for steps on what to do next when your email's been compromised. We're here to help if you need anything else!,2,"While the tone is friendly and empathetic, the reply fails on actionability by pointing to a generic help center without providing a clear next step for the customer's urgent problem (account cancellation + billing concern + no email access). The customer needs direct support or specific instructions, not a vague resource link; this response risks leaving them unable to resolve their issue and continued unwanted charges."
71,@SpotifyCares when you wake up I'm going to need a refund,Hey! We'd be happy to help with your refund. Can you let us know what this is regarding so we can point you in the right direction?,4,"The reply is friendly, empathetic, and actionable with a clear next step (asking for clarification on the refund reason). It avoids unrealistic promises and maintains Spotify's casual brand voice. Minor opportunity: could acknowledge the customer's frustration more warmly given the slightly irritated tone of their original message."
72,@SpotifyCares The only way is to use a twitter account in the hopes you respond. I can't even cancel this subscription because it's not my account!,"We understand this is frustrating! Since this isn't your account, we'll need to verify ownership before we can help with cancellation. Please send us a DM with your username and explain the situation, and we'll get to the bottom of it.",4,"The reply demonstrates strong empathy, clear next steps (DM with username and explanation), and realistic support procedures (ownership verification). Tone is friendly and professional. Minor deduction: 'get to the bottom of it' is slightly casual phrasing, though it aligns with Spotify's brand voice—a marginally more direct statement like 'resolve this' would be fractionally tighter."
73,Spotify better get their shit together before I cancel my subscription and move over to Apple Music 😒,We're sorry to hear that! We'd love to help make things right. What's been giving you the most trouble with your account so we can look into it for you?,4,"The reply demonstrates solid empathy and opens dialogue by inviting the customer to share specifics, which is an appropriate support approach. The tone is friendly and professional, matching Spotify's brand voice. However, it could be slightly more personalized or acknowledge the frustration more directly to elevate from good to excellent."
74,@115888 Why should my listening activity automatically be public? It's ridiculous. Tell me why I shouldn't cancel premium?,"Hi there! We're sorry you feel that way. Your privacy matters to us, and we'd love to help make this right. We'll pass your feedback along to the right team – feel free to reach out if there's anything else we can do.",2,"The reply fails on actionability and correctness—it doesn't address the customer's actual problem (how to make listening activity private) or provide a clear next step beyond vague 'feedback passing.' The tone is empathetic but the response misses the core issue: the customer needs either a solution (privacy settings instructions) or clarification about their privacy options, not just reassurance and a promise to relay feedback."
75,Today I tried to cancel my @115888 Premium and I didn't even last 2 hours before I re-joined...,Woohoo! That's awesome. We're so glad you're back with us – Premium is better with you here! 🎵,2,"While the tone is friendly and brand-appropriate, the reply completely misses the customer's actual concern. The customer shared a personal moment about canceling and quickly rejoining Premium—likely indicating ambivalence or a pain point with the service—but the response ignores this context by simply celebrating their return without addressing why they nearly left or offering any support. This lacks actionability and appears tone-deaf to the customer's underlying sentiment."
76,@115888 your Windows 10 Mobile app UI is s***. Especially coming from using Groove Music massive downgrade.,Sorry to hear you feel that way! We'd love to help improve your experience. Can you let us know what specific issues you're running into? We'll do our best to assist.,3,"The reply is safe, empathetic, and avoids fabrications, but it's a generic placeholder response that doesn't acknowledge Windows 10 Mobile's end-of-life status (support ended in 2017). A stronger response would gently clarify this limitation while offering alternative solutions, making the advice more actionable and realistic."
77,"@SpotifyCares iP7, 11.0.3... Search/Category &gt; PLP UX is atrocious. Sub. $, so why fix it unless I cancel my acct.? No need to optimize funnel. Feels like Vista security prompts.",Sorry to hear you're frustrated with the search and category experience. We'd love to help improve this for you—could you tell us more about what specific issues you're running into so we can look into it?,3,"The reply is safe and empathetic but remains generic placeholder language that doesn't acknowledge the specific UX critique (search/category PLP experience). While it appropriately avoids fabricating fixes or false promises, it misses an opportunity to demonstrate genuine understanding of the customer's detailed complaint about optimization and product design—a more grounded response would reference the specific PLP (product listing page) issue mentioned, making the follow-up question feel more tailored and less scripted."
78,@SpotifyCares Thanks for helping. I have received a refund in less time comsuming than I thought. Did satisfactorily wise actions.,Awesome! We're so glad we could help and that you received your refund quickly. Let us know if you need anything else! 🙂,5,"The reply is perfectly grounded, factually appropriate, and maintains Spotify's friendly brand voice. It acknowledges the customer's positive feedback with genuine warmth, avoids any fabricated details, and offers continued support with a clear invitation for future assistance."
79,@spotifyCares is awesome; took care of our issue and issued us a refund! #GoodCustomerService,"Thanks so much for the kind words! We're glad we could help. If you need anything else, we're always here for you 😊",5,"The reply is warm, authentic, and perfectly pitched for a positive customer testimonial. It reinforces the positive experience, maintains Spotify's friendly brand voice, and leaves the door open for future support—all while avoiding any unsupported claims or generic filler."
80,Dammit! @115888 just RickRolled us! I may have to cancel my subscription for that…,Hey! Can you let us know what's happening exactly? We'll see what we can do to help!,3,"The reply is safe and friendly with appropriate tone, but it's overly generic and misses the likely context—the customer appears to be joking about a rickroll (a harmless internet prank) rather than reporting a serious technical issue. A more helpful response would acknowledge the humor while clarifying if there's an actual account or content concern beneath the jest."
81,.@Spotifycares for fuck's sake stop emailing me every time anyone puts out a new song i use the goddamn app every day i'll figure it out myself. i've clicked unsubscribe for this bullshit 4 times now let me fuckin live,We're sorry you're frustrated with these emails. You can turn off email notifications for new music releases in your account settings. Let us know if that helps or if there's anything else we can do!,4,"The reply correctly addresses the customer's core issue with actionable guidance (disable notifications in account settings), maintains appropriate empathy despite the customer's profanity, and avoids fabricating solutions. Minor deduction for not acknowledging the repeated unsubscribe failures, which suggests a potential backend issue that warrants deeper troubleshooting."
82,Bullshit like this is enough to get me to cancel my Spotify subscription. This is ridiculous.,"Hi there, we're here to help! We'd love to make this right for you—could you fill us in on what's going on so we can figure out the best next steps?",4,"The reply demonstrates strong empathy and a genuine desire to help, with appropriate tone that matches Spotify's casual-yet-professional brand voice. It avoids fabricating solutions and correctly asks for clarification before troubleshooting. The only minor weakness is that it could slightly acknowledge the customer's frustration more explicitly before pivoting to the problem-solving question, but the response is safe, actionable, and sets a positive foundation for resolution."
83,"@SpotifyCares where is the ""if you ever recommend another edited song to me I'm gonna cancel my account"" button?","Hey! Spotify doesn't censor music – we make it available in whatever form it's given to us. We know edited versions can be frustrating, but that's not something we can control on our end. Thanks for your patience!",2,"While the reply is grounded and factually reasonable, it misses the customer's actual frustration and fails to provide actionable next steps. The customer is venting about unwanted edited song recommendations in their queue/feed, but the response addresses Spotify's role as a distributor rather than acknowledging the recommendation/playlist curation concern. The tone also feels somewhat defensive ('doesn't censor') rather than empathetic to their experience, and there's no clear diagnostic question or solution offered."
84,"okay not gonna lie @SpotifyCares I didn't actually see this coming, but thank you for the aquarium music. Also I will not cancel my Premium https://t.co/CFN46PiE4P",Sweet! Glad to hear you've decided to stay. Give us a shout if you need us again. Have a great day! 🎵,4,"The reply is friendly, empathetic, and matches Spotify's casual brand voice well. It acknowledges the customer's positive sentiment and commitment to staying subscribed. The only minor weakness is that it's somewhat generic and doesn't specifically reference the aquarium music or the positive experience they mentioned, which would have made it more personalized and memorable."
85,@SpotifyCares @115888 I love how you can cancel my account in seconds but can't help adjust my issues after hours.,"We hear you! We're sorry you've had trouble getting support outside business hours. We're here to help with any issues—just send us a DM or reply here, and we'll do our best to sort things out for you. 💙",4,"The reply demonstrates strong empathy, appropriate tone, and clear actionability (DM/reply invitation) that matches Spotify's casual brand voice. It acknowledges the customer's frustration without making false promises about after-hours support availability, though it could slightly strengthen credibility by briefly acknowledging realistic support hour limitations before pivoting to immediate help."
86,"@SpotifyCares Hey, I just wanted to let you know that the issue I was reporting in this tweet seems to have been fixed. Great job guys 👍🏼","Awesome, that's what we like to hear! 🎉 If you need us again, we're always here to help – just give us a shout!",5,"The reply is friendly, empathetic, and matches Spotify's casual brand voice perfectly. It acknowledges the positive resolution, celebrates the fix, and provides a clear next step (encourages future contact), with zero hallucinated claims or false promises."
87,@115888 Can you pass on some great respect to the geeks who built the Spotify Connect stuff; it works really well.  It's really neat that my S2 Gear can control my phone which then controls my desktop spotify...  As a developer I appreciate the technological challenges.. #geek,"Hey there! Thanks so much for the kind words – we'll definitely pass along the love to our engineering team. They work hard to make those cross-device experiences seamless, and we're glad Spotify Connect is working great for you! 🎵",5,"The reply authentically acknowledges the customer's specific praise about Spotify Connect and multi-device functionality, promises realistic action (passing along feedback to the team), matches Spotify's friendly brand voice with genuine warmth, and includes a natural closing. No fabricated claims, appropriate tone, and clearly demonstrates the support team heard and valued the customer's technical appreciation."
88,@115888 is doing a great job at deleting my downloaded music/podcasts each week! Straight killin' it.,"Hey! Sorry to hear your downloads keep disappearing. Check out the steps under ""Downloads unexpectedly removed"" in our Help Center – they should get this sorted for you.",4,"The reply is friendly, empathetic, and addresses the customer's frustration appropriately while providing a clear, actionable next step (Help Center reference). The tone matches Spotify's casual-yet-helpful brand voice. Minor deduction: while the Help Center section title appears realistic, the response could slightly strengthen actionability by asking a diagnostic question (e.g., which device, app version) before directing to general help docs."
89,@SpotifyCares do you actually understand? doing customer support of twitter only makes ppl like you if they feel that they won’t be ignored. if you’re working on new functionality for press &amp; hold why take it out before you have the new functionality in there?,"Sorry you feel that way. We don't have any additional info to share about this right now, but rest assured we're passing on all comments about this to the right team. We appreciate your feedback.",2,"The reply fails actionability by offering no clear next step or diagnostic information, and it misses the customer's specific concern about the press & hold feature removal. The tone feels dismissive ('we don't have info to share') rather than empathetic, leaving the frustrated customer without a path forward or meaningful engagement."
90,"I'm extremely upset about this &amp; will now be returning to Limewire. So great job, @115888. You turned me from the 'ethical' way after all",Hey! Sorry to hear you're frustrated with us. We'd love to help make things right. Could you let us know what specific issue you're experiencing so we can look into it?,4,"The reply is grounded, empathetic, and actionable with appropriate tone for the SpotifyCares brand. It acknowledges frustration, shows willingness to help, and requests specific details needed for proper support—the only minor weakness is it doesn't explicitly reference the customer's complaint to demonstrate active listening, though the generic approach is safe and professional."
91,"@SpotifyCares hey, moving to uk from canada, cancelling my b.a here and would like to know best way to keep my spotify before transfering payment to uk b.a? Or do i need to cancel my membership? Help!","Hey there! Great question—you won't need to cancel. You can update your payment method to your UK bank account anytime in your account settings, and your subscription will continue seamlessly. Let us know if you run into any issues with the switchover!",4,"The reply is friendly, empathetic, and provides a clear, actionable solution (update payment method in settings) without fabricating false claims. However, it lacks specificity about potential regional account restrictions or premium plan transfers between countries, which could affect the customer's actual experience."
92,@115888 I’m paying for a premium account but cannot log in how can I cancel payments,Hey! We're sorry you're having trouble logging in. Let's get this sorted for you—can you let us know what error message you're seeing? We'll help you regain access to your account.,2,"The reply addresses the login issue but misses the customer's explicit stated intent to cancel payments. By not acknowledging their cancellation request, the response may frustrate a user who needs billing help, not login troubleshooting—these require different support paths."
93,@SpotifyCares I have no access to my email or Facebook I created an account with and I need to fix this. Cancel it and make a new one?,"We'd love to help! Since this involves account details, could you DM us instead? We'll get you sorted from there.",4,"The reply is friendly, empathetic, and appropriately redirects a sensitive account issue to DMs where credential verification can happen securely. It avoids unrealistic promises and provides a clear next step, though it could slightly acknowledge the customer's access predicament for deeper empathy."
94,@115888 My personal information is in danger and I need to cancel my account.  Please help.,"Hey! We're sorry to hear that. Check out our account settings to cancel anytime, or let us know your email address and we can help you out backstage. We're here for you.",2,"While the tone is friendly and empathetic, the reply dangerously mishandles a security concern by asking the customer to share their email in a public tweet thread instead of immediately directing them to private DM communication. A security/privacy issue requires secure handling, not casual banter, and the vague 'backstage' phrasing lacks clarity on what actual support will be provided."
95,@115888 and I know it's not actually a wrong password because again it works on my desktop. About to cancel and go to Google music,"We hear your frustration! Since it works on your desktop, let's dig into what's happening on the other device. We'll get this sorted out for you—just let us know which device is giving you trouble.",4,"The reply demonstrates strong empathy, appropriate tone matching Spotify's brand voice, and clear actionability by asking for device specification. It correctly acknowledges the customer's frustration and the key diagnostic detail (works on desktop). Minor deduction only for being slightly generic—a touch more specificity about potential causes (app cache, login session, OS issue) would elevate this to a 5."
96,"@SpotifyCares cancelled my facebook account which was linked to my spotify account; If I can no longer access it, how can I cancel my spotify account to create a new one?",Hey there! We can help with this. Could you send over the email address associated with your Spotify account? We'll take a look backstage and get you sorted.,4,"The reply is friendly, empathetic, and actionable with a clear next step (requesting the email address for account investigation). It appropriately addresses the customer's concern about account access and offers concrete help. Minor improvement: could slightly acknowledge the Facebook-linkage complication or confirm they can delete their account directly, but the response is safe and helpful as written."
97,@SpotifyCares I just joined Spotify and have had a ton of issues. Your website contact us is also broken. I need help or I'm about to cancel,"Hey there! Don't worry, we'll be happy to help you here. Can you tell us more about what's happening with your account? We'll take a closer look.",4,"The reply is friendly, empathetic, and actionable with a clear next step (asking for specific details), matching Spotify's brand voice well. However, it doesn't acknowledge the customer's frustration about the broken website contact form or address their cancellation concern, which could be perceived as dismissive of their urgency."
98,@117153 Web bronzer log in circle or can'T find the page. I am not the only one https://t.co/G1TTmWoI5M  I will ask a refund,"Hey, that doesn't sound right. Can you try accessing the site using a private or incognito window? Let us know how everything goes!",4,"The reply is grounded, empathetic, and offers a legitimate troubleshooting step (incognito/private browsing) that addresses login/page-loading issues. The tone is friendly and casual. However, it could be more specific about the web login issue or offer a follow-up diagnostic (e.g., asking about error messages or device/browser details) to move resolution forward faster."
99,"No matter how many times I change my Facebook and Spotify passwords, my @115888 account keeps getting hacked and I have no idea what else to do. I’ve had to cancel premium to avoid potential credit theft... I’m at a loss.",Hey! We're sorry to hear that. We'd like to help — please reach out to our support team directly at spotify.com/support so we can look into this securely with you. Your account security is really important to us.,4,"The reply is empathetic, grounded in realistic support capabilities, and appropriately directs the customer to secure channels for account security issues. The tone is friendly and matches Spotify's brand voice. Minor deduction only because it could have acknowledged the severity of the situation (cancelled premium due to security concerns) more explicitly before routing, though the redirect itself is the correct action."
100,@SpotifyCares help! My friends account was hacked and a new email was created. She can’t cancel her subscription and is being charged.,"Hey, we're sorry to hear that! We'd recommend checking out our help page for hacked account steps — that should guide you through getting her account secured and sorted. Let us know if you need anything else!",3,"The reply is safe and empathetic in tone, but lacks actionability and specificity. It vaguely references 'our help page' without providing a clear next step (e.g., direct DM request for account details, specific password reset instructions, or immediate cancellation assistance), leaving the customer uncertain about how to resolve the urgent billing issue."
101,@SpotifyCares I cannot log into my account. Unfortunately the email address I signed up with is no longer a working email address. How Can I cancel my subscription?,"Hey, we're sorry to hear you're having trouble logging in! We'd be happy to help you cancel your subscription. Could you send us the email address associated with your account? We'll take a look and sort this out for you 🙂",4,"The reply is empathetic, friendly, and provides a clear next step (requesting account email via DM). It accurately addresses the customer's cancellation need without making unsupported promises. The only minor weakness is that it could explicitly mention moving to DM for security, though this is implied as standard practice."
102,"@115888 can you help, my 12 yr old signed up for free trial and can’t remember emails or password to cancel?",Hey! We'd love to help get this sorted. Can you DM us the email address or username associated with the account? We'll take a look and find the best way forward. 🎵,2,"While the tone is friendly and the DM request is a reasonable next step, the reply fails to address the core issue: the child cannot remember their email or password, so asking for 'the email address or username' is not actionable for this customer. The response should acknowledge the account recovery challenge and ask for parent/guardian verification details instead, making it substantively unhelpful despite good tone."
103,"@SpotifyCares Please cancel my account immediately. I am unable to do so because my account has been hacked on my (oem) android and the email and password have changed.

Dm has been sent with no reply yet.

Thanks.","Hey, we're sorry to hear that! We'd love to help get this sorted. Please check your DMs—we'll follow up there to assist you with account recovery and cancellation. Thanks for your patience!",4,"The reply is empathetic, professionally toned, and provides a clear next step (checking DMs for follow-up). However, it could be slightly more proactive by acknowledging the security concern and offering an immediate alternative contact method, given the customer already sent a DM with no response."
104,"@SpotifyCares hey can someone please contact me, i am paying for priemum and not able to us it i want to cancel but i can't sign in eather email me at this email asap __email__","Hi there! We're sorry you're having trouble accessing your account. To help you out, could you please send us a DM with your account email or username so we can look into this for you?",4,"The reply is friendly, empathetic, and takes appropriate security precautions by requesting credentials via DM rather than publicly. It provides a clear actionable next step and addresses the customer's core issue. Minor deduction only because it doesn't explicitly acknowledge the cancellation concern or offer a preview of what the investigation might involve."
105,@SpotifyCares Pls help. I cant log in so that i cant cancel my subscription. My email is __email__,"Hey, help's here! We can assist you with canceling your subscription even if you're having login trouble. We've sent you a DM so we can help sort this out quickly. 🙂",4,"The reply is friendly, empathetic, and actionable—it reassures the customer that login issues won't prevent cancellation and directs them to DM for secure handling. Minor point: the claim of already sending a DM may not reflect actual system capabilities, and no specific next step is provided if they don't see the DM."
106,"It is crazy how @115888 is absolutely clueless when it comes to protecting accounts. For the 3rd time, someone is accessing my premium account, I reset everything passwords, emails, etc. It is still going on. My only choice: cancel everything and go to @1122","Hey, we're really sorry to hear this is happening. We'd suggest checking out our account security help for next steps—our team is here to help resolve this for you.",2,"The reply fails to address the customer's critical, recurring security breach adequately. It lacks empathy proportionate to a serious account compromise (3rd occurrence), provides vague guidance without specific diagnostic steps, doesn't offer direct escalation or immediate support, and sounds generic—missing the urgency and accountability needed to retain a frustrated customer threatening to switch services."
107,"@SpotifyCares Hi, I can't login on android. App keeps telling me the device is offline. When I press""connect"", nothing happens. Please help","Hi there! Help's here. Can you try restarting your device to see if that clears things up? If that doesn't work, let us know your Android and Spotify app version and we'll dig deeper. 🎧",4,"The reply is friendly, empathetic, and offers a realistic first troubleshooting step (device restart) without fabricating claims or false promises. It requests specific diagnostic information (Android and app version) for escalation, showing genuine intent to help. The tone matches Spotify's casual-yet-helpful brand voice with the emoji. Minor improvement: could briefly acknowledge the frustration or be slightly more specific about where to find version numbers, but this is a strong, actionable response."
108,"@115888  i Hawe Techincal problems with  login  on app 4G network fine  - press  connect via Facebook - countinued and  showing black screen and nothing happens...

Any Solutions  or tehnical problems  your side.
 Phone works fine.All workings only this problem.","Hi there! We'd love to help. Can you share your device type, operating system, and Spotify app version? Once we have those details, we'll look into this with you.",4,"The reply is grounded, empathetic, and requests the right diagnostic information without fabricating solutions or URLs. It directly addresses the login/black screen issue by asking for specifics (device, OS, app version) needed to troubleshoot. Minor weakness: could acknowledge the Facebook login attempt specifically to show deeper listening, but the response is otherwise helpful and actionable."
109,"@SpotifyCares @SpotifyCares no error messages, it just literally won’t even let me press the log in button or the sign up for a new account button either!",That's strange! We'd love to help get you back in. Does restarting your app and your device help sort this out?,4,"The reply is friendly, empathetic, and offers a logical first troubleshooting step (restart app/device) appropriate for a UI interaction issue. It lacks hallucinated claims and maintains brand voice well. The only minor weakness is it could be slightly more specific about *how* to restart or what to report back, but it successfully prompts actionable next steps without overstepping support boundaries."
110,@115888 your api with Facebook is not working. You still have my old email address while I changed it month ago within Facebook. How can I change my email ?,"Hi there! We understand this is frustrating. To help you best, could you let us know if you're able to log in to your Spotify account right now, or are you locked out completely?",3,"The reply is safe and empathetic in tone, showing understanding of the customer's frustration. However, it misses the core issue—the customer explicitly states their email is out of sync between Facebook and Spotify—and asks a generic diagnostic question that doesn't directly address email update options or the Facebook integration problem. The response is acceptable but lacks specificity and actionability for this particular scenario."
111,@SpotifyCares I can’t login. When I press the login button it just doesn’t do anything. - iOS App,Hi there! Help's here. Can you try restarting your device and then closing and reopening the app to see if that helps? Keep us posted!,4,"The response is friendly, empathetic, and offers a practical first-step troubleshooting solution (restart device/app) that's realistic and appropriate for login issues on iOS. The tone matches Spotify's casual brand voice well. Minor improvement: could explicitly ask them to DM or reply with results for better follow-up continuity."
112,@SpotifyCares It works now however when I tried again (the working time) it pushed several empty “Log In” titled pages and I had to press “Back” several times to get to the two buttons again so I could press Log In again and then it worked.,"Glad to hear it's working now! Those extra login pages can be frustrating. We'd recommend refreshing your app by logging out, restarting your device, and logging back in—this usually clears things up. Let us know if you run into it again!",4,"The reply is empathetic, realistic, and offers a practical troubleshooting step (logout/restart/login) that addresses the reported UI glitch without fabricating details. The tone is friendly and on-brand. The only minor weakness is that it could have asked a clarifying follow-up question (e.g., device type or app version) to better diagnose the root cause, making it slightly less targeted than optimal."
113,"@115888 Screen says ""create account"" or ""log in"". I press log in. Screen never progresses and just loads forever. Have tried on multiple days, and have uninstalled and reinstalled. Have tried in safari, same problem. Please reimburse my membership and help me to log in.","Hey! Thanks for those details—we're sorry you're stuck on the login screen. To help us dig into this, can you let us know which device/OS you're using (iPhone, Android, etc.) and whether you're trying to log into the app or web player?",3,"The reply is safe, friendly, and asks a relevant clarifying question to diagnose the issue. However, it doesn't acknowledge the customer's reimbursement request or provide reassurance about escalation, leaving them feeling unheard on a key concern despite their thorough troubleshooting efforts."
114,"@SpotifyCares Hello , I just invited someone to my family account and they keep getting an error 600",Hey! Sorry to hear about that error. We'd love to help get this sorted. Could you DM us the email addresses for both accounts so we can take a look backstage?,4,"The reply is friendly, empathetic, and provides a clear next step (DM request with specific information). It avoids fabricating URLs or false promises and appropriately escalates to a support channel. Minor improvement: ""backstage"" is slightly informal/internal-sounding; ""investigate"" would be more polished."
115,i get kicked from my spotify family members after a week please help @SpotifyCares,Hey there! Sorry to hear you're getting removed from the Family plan. Can you send us your username and the Family plan owner's email address? We'll take a look backstage and get this sorted for you.,4,"The reply is empathetic, friendly, and requests appropriate diagnostic information (username and plan owner email) to investigate the removal issue. However, the phrase 'take a look backstage' is slightly informal/internal-sounding and 'get this sorted' could be more specific about expected next steps or timeline."
116,@SpotifyCares if I cancel my premium account will I still have all of my playlists? Will renew in a month,"Hey! No worries, all of your playlists will be safe and sound. You won't lose them even when your account is on the Free service, and you can resubscribe anytime. We've got you covered! 🎵",5,"The reply is groundedness-checked and accurate: playlists persist on free accounts after premium cancellation, resubscription is indeed possible anytime, and the tone is warm, reassuring, and on-brand. It directly addresses the customer's concern with a clear, actionable answer that requires no follow-up."
117,"""The song is already in your playlist.""

""Add anyways""
""Skip duplicate""

Instinctively clicked the left button to cancel, but here, cancel was the primary button. I feel like that's not quite right? @115888 @89432 https://t.co/t4NKPcYF00","Hi there! Thanks for flagging this — we appreciate the feedback on the button layout. We'd love to hear more details so we can look into this further. What device and OS are you using, and which Spotify version do you have?",4,"The reply is grounded, empathetic, and appropriately asks for diagnostic details (device, OS, version) to investigate the UI/UX concern. It validates the customer's feedback and sets up a clear next step. Minor deduction: could be slightly more specific about what 'button layout' issue was observed, though the follow-up questions should elicit that clarification."
118,"@115888 this new version of app on mobile is terrible, I cannot find my podcasts more, can I downgrade?","Hey there, that doesn't sound right. Can you tell us what device you're using? Also, does logging out of your account, restarting your device, and logging back in help at all? Let us know how that goes.",4,"The reply is helpful, friendly, and offers a practical troubleshooting step without making false promises. It addresses the customer's concern empathetically and requests necessary diagnostic information. Minor improvement: could briefly acknowledge the podcast-finding issue more directly before pivoting to the standard reset procedure."
119,@115888 How do I cancel share via Messages? No X button? No cancel? https://t.co/3u24BKau0G,"Hi there! Can you tell us what device, operating system, and Spotify version you're using? We'll see what we can suggest!",3,"The reply is safe and appropriately requests diagnostic information, but it's generic and doesn't acknowledge the specific UI issue the customer is reporting. While the tone is friendly and the next step is clear, the response lacks empathy for their frustration and doesn't demonstrate understanding of their 'share via Messages' problem."
120,Hey @115888 - major downgrade in quality of music on #NewMusicFriday. What about segmenting by genre/style? So much cool stuff overlooked..,"Thanks for the feedback! Our Curation team uses taste, data, research, and trends to curate playlists—we'll pass your genre/style segmentation suggestion along to them. We appreciate you helping us improve! 🎵",4,"The reply is grounded, friendly, and acknowledges the customer's feedback appropriately without making false promises or fabricating details. It clearly conveys the suggestion will be passed along while maintaining Spotify's brand voice. Minor weakness: lacks a specific next step or clarification question (e.g., asking which genres feel underrepresented), which would strengthen actionability."
121,"@SpotifyCares I'll be moving from USA to New Zealand next month, do I need to cancel my sub and get an NZ one, or will mine transfer?",Hey there! Great question about your move. We'd love to help clarify how this works for you—could you let us know if you're planning to keep the same account or if you have other concerns about the transition? We'll take it from there! 🎵,2,"The reply fails to address the customer's direct question about whether their subscription transfers between countries or requires cancellation/renewal. Instead, it deflects with a vague follow-up that doesn't acknowledge the core concern, making it unhelpful and frustrating for someone with a specific, time-sensitive need before relocating."
122,@SpotifyCares if you cancel your subscription can you still listen to your downloaded playlists?,"Hey there! While your playlists will remain safely with us, offline tracks are a Premium feature, so you won't be able to listen to downloaded music once your subscription ends. Hope that helps!",4,"The reply is accurate, friendly, and directly answers the customer's question with clear information about downloaded playlists post-cancellation. Minor phrasing could be slightly more conversational (e.g., 'your downloads won't work' vs. 'you won't be able to listen'), but the tone remains warm and the actionability is implicit—the customer gets their answer without needing follow-up."
123,@115888 where tf is Super Slimey I’m boutta cancel my subscription I swear,Hey there! Is this what you're looking for: https://t.co/RqYePOitw0?,2,"While the reply attempts to be helpful with a direct link, it lacks empathy for the customer's frustration, doesn't acknowledge their cancellation concern, and the generic response ('Is this what you're looking for?') fails to diagnose whether the issue is content availability, playback problems, or account access. The tone misses the casual-yet-caring Spotify brand voice."
124,Is @115888 ever planning to release an app for LG webOS TVs or should I cancel my premium and go elsewhere?,"Hi! As we look to improve the overall Spotify experience, we're removing the app from LG TVs. We know this is frustrating — feel free to reach out if you have any other questions!",1,"The draft reply is unacceptable because it contains a factually misleading claim (stating the app is being removed from LG TVs) that contradicts the customer's question about a future release and directly contradicts typical Spotify support messaging. This could drive the customer to cancel their subscription based on false information, violating groundedness and correctness while creating brand damage."
125,it’s so annoying that i can’t hold down a song on spotify to hear a preview i want my mf money back😤😤😤,Hey! We understand your frustration. We have more info about this here that might help: https://t.co/pXBCq8GlsI. Let us know if you have any other questions! 🙂,3,"The reply is safe and grounded with a realistic URL reference, but it's generic and doesn't directly address the customer's specific complaint about song preview functionality or their refund request. The response lacks empathy depth and doesn't clarify what the linked resource actually covers or offer a clear diagnostic next step beyond 'let us know if you have questions.'"
126,@SpotifyCares Are you guys going to update the Spotify App on the iPhone X to fit the screen? I’m a premium user and right now it looks terrible on my X screen.. I’d hate to cancel my premium sub. And go to Apple Music because it looks way better. #WhatsTheDeal,"Hey there! We don't have any info to share on this just yet, but we'll definitely pass your feedback along to the right team. We appreciate you sticking with us! 🎵",3,"The reply is safe and avoids fabrication, but it's generic and doesn't address the customer's specific concern about iPhone X screen compatibility or acknowledge their threat to switch services. A stronger response would ask clarifying questions (e.g., which screen issue they're experiencing) or offer a concrete workaround, making it more actionable and empathetic."
127,@115888 where is your Apple Watch app. I really don't want to cancel and subscribe to Apple Music but need offline playlists on the watch.,Hey there! We don't have an Apple Watch app just yet. We'd love to see this feature happen too—head to our Ideas forum and add your vote so our team knows how much this matters to you!,4,"The reply is accurate, grounded, and empathetic—correctly acknowledging the missing Apple Watch app without fabricating false claims or URLs. Tone is friendly and brand-appropriate. The actionable next step (Ideas forum vote) is realistic and helpful, though it could be marginally strengthened by offering an additional support channel or clarifying that voting on Ideas is the primary way to escalate feature requests."
128,"@SpotifyCares are you working on an apple watch app, and what is your estimated release date? Might cancel subscription for apple music",Hey! We appreciate the feedback. You can vote for an Apple Watch app on our official ideas board to let our team know this is important to you—we'd love to see your support there!,4,"The reply is grounded, friendly, and actionable by directing the user to the ideas board—a realistic Spotify feature-request mechanism. It acknowledges the customer's concern empathetically without fabricating release dates or false promises. The only minor limitation is that it doesn't directly address the customer's stated cancellation risk or offer retention-focused support (e.g., highlighting current Apple Watch capabilities or suggesting alternatives), which would strengthen engagement."
129,"@115888 
Hey There,
If you pay for Spotify can you cancel at anytime?","Hey! Yes, you can cancel anytime. Head to your account settings to manage your subscription, and let us know if you need a hand – we're happy to help!",5,"The reply directly answers the customer's core question with accurate information (Spotify subscriptions can be cancelled anytime), provides a clear actionable next step (account settings), and maintains a friendly, empathetic tone that matches Spotify's brand voice without any fabricated claims or unrealistic promises."
130,@SpotifyCares any plans to change Spotify Family to make it possible to share with family members I don't live with? I don't want to unsubscribe but the policy is bonkers.,"Hey! We appreciate the feedback. Currently, all members of a Premium for Family plan need to reside at the same address, but we'll make sure your suggestion gets to the right team. 💚",4,"The reply is accurate, empathetic, and actionable—it correctly states the current Family plan policy without fabrication, acknowledges the customer's frustration with a warm tone, and commits to passing feedback along. Minor deduction because it lacks a specific next step (e.g., DM for more details or a timeline expectation), though the response remains safe and helpful."
131,@SpotifyCares if I cancel my premium account will I still have all of my playlists? Will renew in a month,"Hey! No worries, all of your playlists will be safe and sound. You won't lose them even when your account switches to Free, and you'll still have access to your Premium features for the rest of your current billing period. We'll be here when you're ready to renew! 🎵",2,"The reply contains a critical factual error: it claims the user will 'still have access to your Premium features for the rest of your current billing period,' which is misleading—cancellation typically stops Premium access immediately or at period end depending on timing, not universally as stated. While playlists are preserved correctly and tone is friendly, this inaccuracy could set false expectations and undermine trust."
132,"It bothers me that @115888 doesn't have a button that will stop the automatically renewal of your subscription. I don't want to cancel and end now but I want it to not renew at the next billing cycle, you know.","We hear you! Unfortunately, month-to-month subscription plans with the ability to pause renewal aren't available at this time, but we'll make sure to pass your feedback along to our team. Thanks for letting us know what would help!",4,"The reply is friendly, empathetic, and grounded in realistic support capabilities—it doesn't fabricate features or make false promises. It acknowledges the customer's specific request (pause renewal without canceling) and appropriately explains why this isn't currently available, then offers to escalate feedback. The only minor weakness is that it could be slightly more actionable by explicitly suggesting they set a calendar reminder or asking clarifying questions about their preference, but it's still a solid, safe response."
133,@115888 where is your Apple Watch app. I really don't want to cancel and subscribe to Apple Music but need offline playlists on the watch.,"Hey there! We don't have an Apple Watch app available yet, but we hear you on how useful that would be. We'd love for you to check out our official idea and add your vote so our team knows this feature matters to you!",4,"The reply is empathetic, honest about current limitations, and provides a clear actionable next step (voting on feature requests). It avoids fabricating false capabilities or URLs. Minor weakness: it doesn't specify exactly where to find the idea/voting platform, which could reduce actionability slightly."
134,@115888 wish you would make it so you could cancel free trials in the app!!,"We hear you! Unfortunately, free trial cancellations aren't available in-app at the moment, but you can manage it through your account settings on our website or by contacting our support team. We'll pass your feature suggestion along to the team! 🎵",4,"The reply is grounded, empathetic, and provides a clear actionable workaround (website account settings or support contact). It acknowledges the feature request professionally. Minor deduction: 'contacting our support team' lacks a specific mechanism (e.g., DM or link), and the moderate grounding flag suggests potential uncertainty about in-app trial cancellation availability, though the response remains safe and helpful."
135,hey @115888 1. bring back hard press to preview 2. can we search for artists by city? 3. no i will not post this on ur message boards,"Hey! We have more info about Touch Preview here: https://t.co/pXBCq8GlsI. Also, it's currently not possible to search for artists by city, but we appreciate the feedback! Let us know if there's anything else we can help with.",4,"The reply is helpful, friendly, and addresses both feature requests with realistic information. However, it includes a URL that cannot be verified as authentic in this context, and it misses the customer's explicit pushback about not wanting to post on message boards—acknowledging that sentiment would have strengthened the empathy and tone."
136,"@115888 Hey, guys, some intern must have typed the name wrong or something... But the song’s title is actually “Fantastic BABY”, not BOY. 

Xoxo https://t.co/cbnEfCgVz1",Hey! Thanks for the heads up — we'll get this reported to the right team. Great catch! 🔍,4,"The reply is friendly, empathetic, and appropriately acknowledges the metadata error without making false promises about timing or specific corrections. The tone matches Spotify's brand voice well. Minor weakness: it could be slightly more specific (e.g., asking for the song/artist name to ensure accurate routing), but the response is safe, professional, and actionable as-is."
137,@SpotifyCares Long press feature: touch preview! Give us back the touch preview! https://t.co/uUWYKpXGmJ,We hear you! Your feedback has been noted and passed onto the team 👊🏼,3,"The reply is safe, grounded, and maintains appropriate Spotify brand tone with friendly emoji usage. However, it's a generic placeholder that lacks specificity—it doesn't acknowledge what the 'touch preview' feature is, ask clarifying questions about the request, or provide any actionable next step beyond vague feedback acknowledgment. Acceptable but uninspiring."
138,@SpotifyCares The IKON merch under the K-pop group's is from https://t.co/K18ymh9y8Z No songs are directly listed on Spotify from the linked artist.,We'd like to check this out from our end. Could you send over the links to the songs you're referring to? We'll look into it right away!,3,"The reply is safe and professional with appropriate tone, but it misses the customer's core issue—they're reporting that merch is listed under a K-pop group when no songs are actually on Spotify from that artist. The request for song links doesn't address their complaint about incorrect merch categorization, making it generic rather than actionable for this specific problem."
139,@SpotifyCares Why there is no more pre-hearing option on songs. Thing you could press the dots and hear a clip of that song?,Hey! We have more info about this here: https://t.co/pXBCq8GlsI. Give us a shout if you have any questions!,2,"The reply fails on groundedness and actionability: the shortened URL cannot be verified and may not address the customer's specific concern about the pre-hearing/preview feature removal. The response is also generic and doesn't acknowledge the customer's frustration or provide a clear diagnostic next step, leaving them uncertain about whether their issue will actually be resolved."
140,"@115888 love this week's recommended music playlist, any buttons I can press on the app to ensure more of the same style next week?","Hi! We don't have a button to lock in a playlist style for next week, but we'd love to hear this idea! You can share it in our Community where our team reviews feature requests: https://t.co/hKtsrPk5Z7",4,"The reply is accurate, friendly, and addresses the customer's question with realistic expectations while offering a constructive alternative (Community feedback). The tone matches Spotify's casual-yet-helpful brand voice. The only minor imperfection is that the shortened URL cannot be verified as real, though the grounding assessment indicates strong retrieval quality, suggesting it's likely legitimate."
141,@SpotifyCares It’s ok working now able to cancel thanks,Great! Glad to hear it's working now. Just give us a shout if you need help with anything else. We're here for you! 🎵,4,"The reply is friendly, empathetic, and matches Spotify's casual brand voice well. It appropriately acknowledges the customer's resolution and offers continued support. Minor deduction only because it could have briefly confirmed what was resolved (e.g., 'Glad the cancellation went through smoothly') for slightly better specificity, though the vague approach is safe and non-committal."
142,"If  @115888  would contact me before I cancel their account, that'd be great.",Hey there! We'd love to help before it comes to that. Can you let us know what's going on with your account so we can sort this out for you?,4,"The reply is friendly, empathetic, and appropriately actionable by asking for specifics about the account issue. It demonstrates care and urgency. Minor deduction: the tweet handle appears malformed (@115888), so acknowledging this or clarifying the account concern more directly would strengthen clarity, though the open-ended diagnostic question is a solid support approach."
143,I heard @115888 wants to cancel videos?? Please don't! Traffic Jams was dope! And I really want to see the @62966 one @473199,"Hey! We don't have any info on this right now, but we'll be sure to announce any news about upcoming content on our channels. Keep an eye out! 🎵",3,"The reply is safe and avoids fabricating information, maintaining appropriate tone and brand voice. However, it's overly generic and fails to acknowledge the customer's specific concern about cancellations or engage with the mentioned content/accounts, missing an opportunity for more targeted clarification or empathy."
144,"@SpotifyCares Yes. It was one of the involuntary ones that you have the option of cancelling, but I didn’t cancel it.",That's strange. We'll get this passed on to our devs so they can look into it. Give us a shout if you need anything else!,2,"The reply lacks actionability and context awareness—it doesn't acknowledge the customer's specific situation (an involuntary subscription they chose not to cancel) or ask clarifying questions needed to diagnose the issue. Vague promises to 'pass to devs' without concrete next steps (like DM for account details or clarification on what went wrong) leave the customer hanging, making this unhelpful despite friendly tone."
145,@SpotifyCares i sent a dm regarding my premium refund thing for family - thanks,Thanks for reaching out! We've got your DM and our team will take care of that for you. We appreciate your patience! 🙌,4,"The reply is friendly, empathetic, and matches Spotify's casual brand voice well. It appropriately acknowledges the customer's DM and sets expectations without making specific promises or fabricating details. The only minor limitation is that it lacks a concrete next-step action (e.g., estimated response time or what to expect), but the tone and safety are solid."
146,I don’t like how spaced out “cancel” is in the Spotify app @115888 please fix thanks love you https://t.co/lPZussuFi1,"Hey! Thanks for the feedback — we'll pass it on to our team. If there's anything else we can help with, just let us know! 🎵",3,"The reply is safe, friendly, and appropriately acknowledges the customer's UI/design feedback without making false promises. However, it's quite generic and lacks actionability—there's no clear next step (e.g., asking for clarification, requesting a screenshot, or directing them to specific feedback channels), making it feel like a placeholder response rather than genuine problem-solving engagement."
147,@117168 @SpotifyCares please help me get a job at your NY office. Thanks!,"Hey there! For more information about job opportunities, head here: https://t.co/c1Z94oBFOl. Hope that helps!",4,"The reply appropriately redirects a career inquiry away from customer support with a helpful resource link and friendly tone. While the URL cannot be verified as real, the grounding note suggests it's legitimate; the response stays within realistic support scope by not making false hiring promises and maintains Spotify's casual, helpful brand voice."
148,FYI the Danish marketing intern forgot to replace [price] with the actual price 😂 @115888 https://t.co/mX6GaqqyGl,"Hmm, thanks for flagging that! Could you let us know the date when that ad was posted? We'll get it sorted.",4,"The reply is friendly, empathetic, and actionable—requesting the specific date needed to investigate the pricing error. It appropriately acknowledges the customer's report and commits to resolution. Minor weakness: asking for the date when the tweet link itself provides temporal context, though this is a reasonable follow-up to confirm exact timing."
149,FYI the Danish marketing intern forgot to replace [price] with the actual price 😂 @115888 https://t.co/mX6GaqqyGl,Hmm. Could you let us know the date when that ad was posted?,3,"The reply is safe and grounded—it requests a clarifying detail without fabricating facts or making false promises. However, it's overly generic and misses the light-hearted tone of the customer's report; a more empathetic, slightly playful acknowledgment of the marketing error would better match Spotify's brand voice and show the issue was understood."
150,@117153 Is your API really slow today? Or have you changed something since Friday? OAuth callbacks are timing out. Trying to debug...,Hey! This sounds like something for our developer team – they'll be able to help you troubleshoot those OAuth callbacks. Reach out to them and they'll get you sorted! 🙂,2,"The reply fails actionability by not specifying HOW to contact the developer team (no link, email, or dev support channel provided), making it difficult for the developer to proceed. While the tone is friendly and the deflection to developers is reasonable, the response lacks the concrete next step needed for a technical issue."
