pair_id,customer_id,customer_text,brand_text,customer_tweet_id,brand_tweet_id,created_at
17990,542907,"@SpotifyCares Crazy behavior. Uninstalled, reinstalled, launched the app for the first time, correct icons are there for a split second then back to this.","@542907 Hey Christopher, help's here. Can you try logging out of Spotify, restarting your device, and logging back in? Any better? /NY",1807113,1807111,Sat Oct 14 05:38:28 +0000 2017
23347,637789,@SpotifyCares after the update to mac 10.13 the media keys only work for about 10-15 min after that there is no Spotify response. Restart of the app doesn't help need to restart the whole system,@637789 Hey there! Can you let us know the Spotify version that you're using? We'll see what we can suggest /RC,2175493,2175492,Thu Nov 09 12:44:46 +0000 2017
6396,285876,@SpotifyCares how do I find and copy the link to my Spotify profile if I signed up with Facebook?,@285876 Hey Callie! Is this what you're looking for: https://t.co/RT7XNMNEAr? /MO,695445,695444,Thu Oct 05 22:12:01 +0000 2017
12457,413761,@115888 Cancelled due to your policy with the family plan.  My adult children can’t use my plan because they don’t live in my house.,"@413761 Hey David! Currently, all members of a Premium for Family plan must reside at the same address. We're passing on all feedback about this /FR",1119759,1252270,Thu Oct 26 04:22:35 +0000 2017
8197,324783,@115888 when are you coming to Israel???,@324783 hey there! We're launching regularly in countries around the world. Sign up here to be first to hear: https://t.co/XDwWzj7cLP 🙂 /DH,862420,862419,Mon Oct 09 14:58:59 +0000 2017
9562,352559,@115888 Would be great if you guys actually accepted PayPal for student premium.,"@352559 Hey! We don't have any info on this right now, but we'll let the right team know it's something you'd like to see /NQ",980827,980826,Sun Oct 22 03:11:53 +0000 2017
14621,466611,@115888 when will you extent yourself to South Africa Please 😩😩🙏🏽🙏🏽🇿🇦,@466611 Hi there. We're launching in new countries as often as possible. Be sure to add your email at https://t.co/X8DVSX9QgM /QI,1492579,1492578,Sun Nov 12 12:40:58 +0000 2017
20857,116890,@SpotifyCares They're back now. I was on my phone's 4g earlier. I don't know what happened but when I connected to my wifi it returned. Thank you though.,@116890 1: Great! Glad to hear everything's okay now. It could have been just a delay when the app was loading. Just let us know if we can help...,5023,5024,Tue Oct 31 23:12:05 +0000 2017
10388,371858,@SpotifyCares A good idea would be to interlink it into the application already so that a specific song plays as a alarm ringtone whenever needed 👍,"@371858 We're afraid we don't have any more info on this right now, but we'll let our devs know that this is something that you'd like to have 🙂 /CH",1067252,1067253,Sat Oct 14 23:09:37 +0000 2017
14787,470493,@SpotifyCares USA,"@470493 Thanks! We’d love to have all the world's music available to you, but we have some info about content here: https://t.co/0i8GpimuDa /LP",1510043,1510045,Fri Nov 03 14:34:22 +0000 2017
13713,441430,@117153 will any updates be coming through to fix the iOS 11 Bluetooth shuffle problem?,"@441430 Hey there. Can you tell us more about what's happening? What devices, operating sytem, and Spotify version are you using? /AY",1380913,1380912,Mon Nov 13 08:13:47 +0000 2017
14432,462395,Sometimes I feel personally offended when @115888's Discover Weekly doesn't get me.,@462395 Hey Levi! Your Discover Weekly should improve as it gets to know you. Keep adding your fav tracks to Your Library/playlists 🙂 /DQ,1474909,1474908,Wed Nov 01 20:36:18 +0000 2017
28532,392813,"@SpotifyCares Erm, I am Premium! 🙄😡 https://t.co/ngM2Xmqvxd",@392813 Hey Ross! Can you try the steps here for us: https://t.co/EqisDMwZAT? They should help with this /KC,2594569,2594567,Fri Nov 17 02:40:54 +0000 2017
13641,439125,I don’t understand why my @115888 scratches at times lol,"@439125 Hey there! What device, operating system, and Spotify version are you using? /RB",1370958,1370957,Fri Oct 27 23:27:05 +0000 2017
25624,291009,@SpotifyCares Have y'all had any reports of album artwork not begin displayed? Like this: https://t.co/6E2nBoZMji,@291009 Hey Brian! Can you let us know what Android and Spotify versions you're running? We'll see what we can suggest /AN,2317189,2317188,Thu Oct 19 21:29:51 +0000 2017
25622,671799,I wonder when @115888 is going to let us regular podcasters on their service? Are they only going to feature famous podcasters or famous shows? Us little guys deserve a chance too. We have audiences that deserve our content as well.,"@671799 Hey, we hear you! We suggest adding your vote at https://t.co/9AHL8STQNa to help make this possible /RE",2317068,2317067,Mon Nov 13 06:57:23 +0000 2017
30602,778594,@SpotifyCares son can't accept link for family subscription. Gets a 503 gateway error on website. Help please?,@778594 Hi Pauline! Could you ask him to try accepting the invitation on another browser or incognito window? Let us know how it plays out /NJ,2789376,2789375,Tue Nov 21 18:27:54 +0000 2017
27657,717059,@SpotifyCares Gooood lookin,"@717059 Cool! If you ever need us again, just... https://t.co/AUc7DGJpgF 💚 /KT",2517250,2517253,Thu Nov 16 00:35:37 +0000 2017
12668,417032,"@SpotifyCares, guys, could you please fix this artist? This is not The Real Tune, this is Lil Wayne. All of this: https://t.co/m4gA6hV4WB",@417032 Thanks. We'll get this reported. Great detective work! https://t.co/LpsmyUtme0 /MX,1268546,1268545,Thu Oct 26 12:44:18 +0000 2017
3054,197771,"@SpotifyCares Hey, it’s MacOS High Sierra 10.13 and Spotify 1.0.66.478.g1296534d","@197771 Thanks! Are you getting any error messages? If you can send us a screenshot of what you're seeing, that'd be great /PL",343535,343533,Thu Oct 26 08:07:36 +0000 2017
27199,385297,@SpotifyCares Thanks!!! Looking forward 🙏🏻,"@385297 Cool! If you need us again, you know where to find us. https://t.co/uEkAlnxbzn 🙂 /JN",2476380,2476382,Wed Nov 15 14:08:33 +0000 2017
12855,419677,@SpotifyCares the song can't be played because it's not selena gomez. it was sabotaged. fix this,@419677 Thanks. Can you send us the Song Link with error? Just tap the three dots &gt; Share &gt; Copy Link. We'll check things out /NG,1280802,1280804,Thu Oct 26 17:08:05 +0000 2017
6789,294261,@116380 hey!got your email about student premium discounts and i was wondering as to why high schools werent eligible? &amp;only unis are?,"@294261 Hey Nora! We're sorry to hear you're ineligible for the discounted rate. Don't worry, we'll pass on your feedback to the right team /GK",727429,727428,Wed Oct 11 06:28:46 +0000 2017
24421,386987,@SpotifyCares please advise,"@386987 Hi! Can you tell us more about what's happening? What device, operating system, and Spotify version are you using? We'll check backstage /JE",2251379,2251378,Fri Nov 10 19:21:10 +0000 2017
31046,787774,@115888 does the app just not work in Fiji or something? Cause I’ve been trying to sign up and it won’t let me😩😭,@787774 Hey there! We're launching in new countries as often as possible. Be sure to add your email at https://t.co/X8DVSX9QgM /KL,2828710,2828709,Mon Nov 27 07:21:24 +0000 2017
14193,455680,@SpotifyCares https://t.co/HwZNhWVeY4,"@455680 Thanks. We'll get this reported. If you ever need anything else, just shout and we'll come running 🏃 /JX",1446596,1446598,Thu Nov 02 16:14:39 +0000 2017
9193,344835,You know what could be great @115888 allowing me to block certain singers from ever coming up on my spotify radio,"@344835 Hey! This isn't possible right now, but you can show your support for the idea on our Community: https://t.co/oGDLtirXki /NQ",948058,948057,Tue Oct 10 23:41:38 +0000 2017
12725,386102,my phone when i think my spotify has fixed itself but then starts playing up again https://t.co/BYRdlv96FS,@386102 We've just replied to your DM. We'll carry on chatting there! /K,1270523,1270522,Wed Oct 25 17:20:06 +0000 2017
5987,276192,@SpotifyCares how can I change my login to my email rather than Facebook? My experience isint the same across platforms and some features,"@276192 Hey Marlon, the cavalry's here! Could you shoot us over your email address and a link to your FB profile in a DM? We'll take a look backstage 🔍 /JY https://t.co/ldFdZRiNAt",656463,656462,Wed Nov 22 20:47:37 +0000 2017
7886,319832,@SpotifyCares thanks guys. you are the best!,"@319832 Aww, thanks for the kind words. You know that we're always here for you. If you need help, we're just a tweet away 🙂 /DD",839948,839950,Fri Oct 13 03:23:07 +0000 2017
24785,662942,@SpotifyCares Thank you!,@662942 You're welcome! We're just a tweet away if you need anything else 🙂 /NJ,2280528,2280530,Sat Nov 11 20:51:17 +0000 2017
5585,267246,@SpotifyCares Why tho it was so much easier,"@267246 We appreciate your feedback. Not to worry, we'll make sure it's passed on to the relevant folks. In-app is 30% more expensive due to Apple's transactional costs. Get it cheaper directly at the link we've sent above. If there's anything else we can help with, just let us know /NG",620383,620382,Wed Nov 22 17:10:17 +0000 2017
12164,408516,"@SpotifyCares iPhone 6s, most recent spotify, and it just happened randomly and it's annoying","@408516 1: We'll get to the bottom of this. To get your iOS version, just head to your device's Settings &gt; General &gt; About.",1230173,1230175,Mon Oct 16 21:59:18 +0000 2017
27110,705874,"@SpotifyCares just did, thank you.",@705874 Any time! Feel free to reach out if you ever need any help. We're more than happy to lend a hand /TB,2466910,2466909,Sat Nov 25 22:42:37 +0000 2017
15437,147850,@SpotifyCares my partner paid for a family account but I'm not receiving the invite! Nothing to do with email. It's not sending it. Help!,"@147850 Hey there, help's here! Could you shoot us a DM with the usernames and email addresses for both accounts? We'll take a look backstage /VK https://t.co/ldFdZRiNAt",1574837,1574836,Mon Oct 16 22:22:45 +0000 2017
16698,518000,"@115888 how am I supposed to navigate in the app between browse and search, if my “now playing” is blocking the way? 😭 https://t.co/o93CSsD0ea","@518000 Hey Alyssa! What Android and Spotify version are you using? Also, does logging out and logging back in help at all? We'll help you out /BH",1709588,1709587,Tue Nov 07 00:37:13 +0000 2017
29880,763275,@SpotifyCares https://t.co/izePTgfwaG,"@763275 Hi! We’d love to have all of Miley's stuff available, but we have some info about content here: https://t.co/0i8GpimuDa. Hope this clears things up /DR",2720083,2720081,Mon Nov 20 08:40:51 +0000 2017
5305,258119,@115888 La oferta solo aplica pagando con tarjeta?,"@258119 Hey Eduardo! We can help out in English via Twitter, but we also have Italian support through email at https://t.co/ZgU70TbP8M. If you'd like to carry on here, just let us know /DB",585144,585143,Sun Dec 03 14:16:32 +0000 2017
17498,534881,How do you see how many times a songs been listened to on Spotify?,"@534881 Hi there! What device, operating system, and Spotify version are you using? We'll keep an eye out for your reply /LP",1780341,1780340,Tue Oct 24 18:05:44 +0000 2017
5658,268784,@SpotifyCares hi I’ve just received this ‘offer’ from you? Why is the offer the same price for 3 months as £9.99p/m is standard price? Not much of an offer for 3 months? https://t.co/PhmUNLRY3P,"@268784 Hey, thanks for taking the time to reach out. We don't have any specific info to share, but we appreciate the feedback. For anything else, we're just a tweet away /JE",628115,628114,Wed Nov 22 11:07:47 +0000 2017
32856,816404,"@115888 you really need a ""i dont like this"" option. Im REALLY sick of all the shit punk music that keeps cropping up. I have more classical than punk (every now and than a punk band cover something not punk) yet wheres my classical in discover weekly?","@816404 Hi! We're sorry to hear that. To help make it happen, we’d recommend showing your support for the idea here: https://t.co/LbswRrIq0Q /AU",2957826,2957825,Wed Nov 29 18:19:18 +0000 2017
15566,488639,@SpotifyCares i did clear the cache and the problem is still there.,"@488639 Just to check, are you on a home or public network? If possible, can you try rebooting the router to see if the issue persists? /AR",1588980,1588981,Sun Nov 05 22:35:34 +0000 2017
17405,533537,Is there any way to sort @115888 playlists by release date?,"@533537 Hey there! This isn't possible right now, but you can show your support for the idea in our Community: https://t.co/qb974jjD2Q /NS",1775522,1775521,Tue Oct 10 22:21:51 +0000 2017
23061,632022,@SpotifyCares Well this is embarrassing but it’s playing now 👀 panic over!,@632022 Woohoo! Glad to hear everything's working okay now. You know where to find us if you ever need us again 😉 /CH,2150449,2150447,Thu Nov 09 00:37:19 +0000 2017
2030,170415,"@SpotifyCares Pixel XL running Android O (8.0.0). It started after a Spotify update last week or so, but I am not sure which one.",@170415 Thanks for the info! What troubleshooting have you tried so far? Does this happen with every track/album/playlist you try to share? /CB,228272,228270,Wed Oct 11 12:29:39 +0000 2017
27262,709058,"@115888 @117168 Hey Quick question. Are you guys going to put ""Wicker chair"" by @33326  back on Spotify?",@709058 Hey! Sometimes content gets temporarily removed because of licensing changes. Hopefully we'll have it available again soon /DF,2481563,2481561,Sun Oct 29 18:29:25 +0000 2017
28939,739998,"@115888, downloaded an album to play when im out for it not then not play at all. What am I paying for?","@739998 Hi Shan, help's here. Can you let us know the device you're using, its operating system, and Spotify version? We'll see what we can suggest /NY",2618545,2618544,Fri Nov 17 13:53:20 +0000 2017
14971,473197,@115888 @SpotifyCares plz change @133324 information? 'Rap Monster' is now known as RM- also could you add Taehyungs acting career 🧡🧡🧡,"@473197 2: playlists, but we’ll pass on your suggestion. Let us know if we can help with anything else. We're just a tweet away 🙂 /LM",1522809,1522808,Fri Nov 03 20:35:06 +0000 2017
19684,568195,"My Discover Weekly contains TWO Mac Demarco songs
Will U comp me for this month, @115888 ?","@568195 Hey! We can't offer compensation, but your Discover Weekly should improve as it gets to know you. Any questions, give us a shout /PB",1907026,1907025,Wed Oct 25 14:34:45 +0000 2017
11901,287348,@SpotifyCares after all that hassle of Spotify transferring my account then resigning $$$.. STILL DON'T HAVE PREMIUM WHAT IS YOUR PROBLEM,@287348 Hey Nathaniel! We've just sent you a DM with a little more info. We'll carry on chatting there /K,1209995,1209993,Tue Oct 24 21:01:53 +0000 2017
11437,249035,@115888 @115858 Spotify is soooo buggy for CarPlay. Pls fix soon thanks,"@249035 Hi Lizzie, the cavalry's here! Does logging out, restarting your device, and logging back into Spotify help? Keep us posted /JI",1162421,1162419,Fri Nov 10 16:25:33 +0000 2017
3593,211012,@SpotifyCares just got an email from you that my email address was changed with you. I didn't change it + now I can't log in. Please advise,@211012 Hi Brad! We’re sorry to hear that. Check out Step 2 at https://t.co/QHn3ok8y2n for what to do next /NJ,401762,401761,Mon Oct 09 18:52:23 +0000 2017
7162,305379,WHY is it that random people continue to hijack my #spotify account??? I've changed my password four times in the last month. I'M TIRED. https://t.co/KfXp2GxGW4,@305379 Hey! We’re sorry to hear that. Check out https://t.co/QHn3ok8y2n for what to do next /JS,775830,775829,Thu Oct 12 02:25:42 +0000 2017
1732,160564,"@SpotifyCares Pixel AND Pixel XL, both running 8.0. Both with latest Spotify version 8.4.21.508.","@160564 Thanks. Can you try restarting your device, then log out and back in? Let us know how it goes /AU",190063,190062,Wed Oct 04 22:34:00 +0000 2017
15826,496327,@SpotifyCares It's clearly a bug in your card number formatter though. It adds a space to the input field every 4 numbers but doesn't reposition the caret,"@496327 Thanks for letting us know. We'll pass it on. For now, you can sign up for Premium at https://t.co/WB5TSxRfDe /CB",1618998,1618997,Sun Nov 05 15:52:29 +0000 2017
16004,421353,"@SpotifyCares OK. Thanks. If I wanted to import my existing iTunes to Spotify, how do I do it? Done in the past ages ago but want to copy latest. File-&gt; Import Playlists-&gt; iTunes does nothing","@421353 There's more about this under ""Can I import my iTunes library?"" here: https://t.co/SgMwFS1ONz. Hope that helps /NQ",1645296,1645295,Mon Nov 06 01:31:55 +0000 2017
25962,678758,Ah ada banyak lagu Indo yang okeh dan gak ada di @118266... Bisa request gak yah?,"@678758 Hi there! We can help out in English via Twitter, but we also have Indonesian support via email at https://t.co/ZgU70TbP8M /NH",2347863,2347862,Mon Nov 13 13:51:54 +0000 2017
14735,469904,@SpotifyCares 1.0.65.320.gac7a8e02,@469904 Thanks. Are you getting any specific error messages? A screenshot would come in handy /NS,1507583,1507581,Mon Oct 16 23:33:35 +0000 2017
32555,810215,"There really needs to be @115888 feature where you can add a specific part of a song, rather than the whole song, to a playlist.","@810215 Hey Nick, this sounds like a great idea! Suggest it in our Community at https://t.co/CTw7YUdKl7 and get support from other users /CH",2928668,2928667,Wed Nov 29 03:39:00 +0000 2017
19164,558147,@115888 What is this option? https://t.co/QFA9qhq4Fi,@558147 Hey Cameron! The Stranger Things Mode is in partnership with Netflix to promote the latest season of Stranger Things. This will change the look of your app while playing any Stranger Things playlist curated by Spotify. Hope you like it 🙂 /KM,1868502,1868500,Sun Nov 26 06:29:09 +0000 2017
22295,206832,@SpotifyCares E mail __email__,@206832 Thanks. We suggest you delete your last tweets as it shows your email address. Can you DM your members' email addresses to us as well? /DR https://t.co/ldFdZRiNAt,2077637,2077638,Mon Oct 09 14:19:08 +0000 2017
9774,359345,@115888 or some other spotify playlist recognition function,"@359345 Hey, this sounds like a great idea! Suggest it in our Community at https://t.co/rtDvYZOF32 and get support from other users /PB",1011576,1011575,Sun Oct 22 12:47:15 +0000 2017
32758,814114,@115888 @44782 @113093 I really need this track for a shared playlist. https://t.co/HuueV9jZ3F,@814114 Hey! We’ll have it available to you as soon as it’s available to us! There's more info here: https://t.co/1dgftcFtzc 🙂 /L,2947616,2947615,Wed Nov 29 00:50:16 +0000 2017
19655,567763,Any chance the @1922 family of podcasts will be on @115888 any time soon? Currently I’m only seeing Weekend. #please,@567763 Hey Alex! Thanks for the suggestion. We’re working hard with rights holders to get more of the best content on the service. Stay tuned /RE,1905336,1905335,Wed Oct 25 11:00:34 +0000 2017
27723,718654,@SpotifyCares  umm my student premium account isn’t connecting to Hulu anymore,"@718654 Hey Josh, help's arrived! Could you fire over your username and email address? We'll take a look backstage /JQ https://t.co/ldFdZRiNAt",2523582,2523581,Thu Nov 16 02:21:21 +0000 2017
9839,361584,@SpotifyCares Thanks babe,@361584 You're welcome! Let us know if you ever need us again. We'd be... https://t.co/LgAM6ky9Vv /PB,1020906,1020905,Thu Oct 12 15:37:44 +0000 2017
6798,294503,@SpotifyCares My Spotify keeps logging out and I can’t play music from my lock screen. How come? iPhone 7 and updated,@294503 Hey! Could you let us know the iOS and Spotify versions you're running? We'll see what we can suggest /RC,728394,728396,Wed Oct 18 08:07:15 +0000 2017
15869,498066,.@SpotifyCares im cool w you playing suggested and related music for me but do not ever play halsey for me ever again thats just rude,@498066 2: adding more artists into your playlists. Hope this helps /MU,1626585,1626584,Tue Oct 17 10:54:37 +0000 2017
22027,554613,@115888 I beg you please stop deleting off-line albums from my iPhone. I’m tired of adding them time and time again,@554613 1: Hey Rodrigo! We're sorry to hear that. Check out the steps under “Downloads unexpectedly removed” at https://t.co/38J7tF47d5.,1853441,1853442,Thu Oct 19 00:40:27 +0000 2017
26129,682725,Hey @SpotifyCares did a recent iOS update remove search from the app?,@682725 Hey! You should still be able to use Search on the most recent version of iOS. Could you let us know what's happening exactly? /CX,2364779,2364777,Mon Nov 13 22:22:50 +0000 2017
23336,209849,@115888 I wish I didn't have to push a button for a small ad for 30 min ad free. My hands aren't always free to push. But I'm not paying cause I can't always listen,@209849 Hey Alexandra! Thanks for the feedback – we appreciate it. We’ll get this passed onto the right team /RS,2175458,2175457,Thu Nov 09 13:19:18 +0000 2017
26572,692636,@115888 Where's iPhone X support??,@692636 Hey there! we’re working on it as we speak. Stay tuned 🔧 /PB,2408829,2408828,Tue Nov 14 14:43:08 +0000 2017
19531,565258,"@SpotifyCares If I download a playlist to my phone that I add new songs to each day, will those new songs auto download to my phone?","@565258 1: Hi Steven! As long as you have a stable connection &amp; Offline Mode is disabled, the app should automatically download the new songs...",1896515,1896514,Tue Oct 24 13:20:19 +0000 2017
6456,287079,@115888 can y’all put @13667 #S4MF2 on there I’ll appreciate it,"@287079 Hi there! We’d love to have all of his stuff available, but we have some info about content here: https://t.co/0i8GpimuDa /AP",700200,700199,Fri Oct 06 00:03:55 +0000 2017
18561,551574,@SpotifyCares does your premium students deal apply to high school students or just those in college/university??,@551574 Hi there! Right now the student discount is only available for students in accredited colleges and universities. Hope that helps /NQ,1840466,1840465,Tue Oct 17 22:54:40 +0000 2017
13340,432780,@SpotifyCares UK,"@432780 Got it. Fingers crossed we'll be able to have it soon, but there's info about Spotify content here: https://t.co/0i8GpimuDa /JE",1340968,1340967,Fri Oct 27 15:35:19 +0000 2017
23091,620904,I really hope one day @115888 brings back the lyrics feature! that is something I have been missing since it was removed! Here's hoping!,"@620904 Hey! We hear you. Any updates will be posted at https://t.co/osebD49Qxe. We'd recommend voting to support the idea, too /NQ",2153153,2153152,Thu Nov 09 01:16:44 +0000 2017
30881,784822,I’m ready for a redesign of the @115888 mobile interface. Happy to help!,"@784822 Hey Chris! We don't have any info on this right now, but we'll let the right team know it's something you'd like to see /FR",2815060,2815059,Mon Nov 27 01:40:15 +0000 2017
26678,647489,@694027 @115888 @SpotifyCares updated to today’s version and the app just crashes on my X. sucks.,@647489 Hey! We've just sent you a bit more info over DM. We'll carry on helping out there /JM,2414538,2422804,Tue Nov 14 18:15:14 +0000 2017
5909,274528,"@SpotifyCares Trying to create an account, but when I submit, I just get a spinner. Tried incognito and other browsers, emails and devices.","@274528 Hey there! Is this happening over WiFi, 3G/4G, or both? We'll see what we can suggest /MA",649981,649980,Thu Oct 05 06:36:59 +0000 2017
17293,531360,@SpotifyCares Interesting number. Why 3333?,"@531360 We don't have any info on this right now, but If you ever need anything else, just shout and we'll come running 🏃 /KL",1767069,1767068,Tue Nov 07 22:02:50 +0000 2017
16600,515897,Só @115888 just decide to delete all my music...the audacity! I want my money back. What kind of ship are y'all running ?,"@515897 Hey there! That doesn't sound good. Can you let us know if they're missing, or just removed from downloads? /PB",1701521,1701520,Mon Nov 06 19:16:55 +0000 2017
11819,402827,"@SpotifyCares One plus 5, Android 7.1.1 / Oxygen 4.5.10, Spotify very 8.4.22.857armv7. Thanks!",@402827 No worries. Can you give this a try: log out from Spotify &gt; restart your device &gt; log back in? Did that make a difference? /DR,1203974,1203976,Mon Oct 16 06:39:39 +0000 2017
11130,363229,"Hey, @SpotifyCares! Got any ideas on how to block my asshat flatmate from raiding my @44009 Hi-Fi with SpotifyConnect in a shared WiFi?","@363229 2: Not to worry. We'll make sure to pass your feedback on to the right team. If there's anything else, just let us know /AU",1027816,1027818,Sat Oct 14 13:09:24 +0000 2017
21386,598686,"@SpotifyCares my songs keep getting deleted from my phone. I woke up today, and 95% were undownloaded w/ random songs still being there. https://t.co/Wf72K7kAcC",@598686 Hi Lucas! Can you check out the steps under “Downloads unexpectedly removed” at https://t.co/38J7tFlIBF? They should help with this /ME,2024408,2024407,Mon Nov 06 12:51:43 +0000 2017
32516,809148,@SpotifyCares Same goes in the Assistant settings page. https://t.co/aEUGoSN26h,"@809148 Thanks for the screenshots. In this case, we'd suggest getting in touch with Google directly regarding this. They should be able to help out /NS",2924055,2924058,Wed Nov 29 03:14:58 +0000 2017
13511,436313,"@SpotifyCares @29949 When I use Spotify in offline mode in the car,  when I choose ""Recent..."" it continously loads with no results.","@436313 Hey there! Don’t worry, we can help. Can you let us know what device/version of Spotify are you using? We'll see what we can suggest /JI",1356649,1356648,Fri Oct 27 16:03:20 +0000 2017
22230,612732,@115888 I... I just want to save amazing songs without having to delete anything else from my library!! Is that too much to ask for? @SpotifyCares,"@612732 Hi! We have no updates on this yet, but we'll let the right team know about your feedback. Let us know if you have other questions /GK",2071776,2071774,Mon Oct 09 06:29:28 +0000 2017
24895,664365,@SpotifyCares - Yr App is killing my business. Keeps crashing/pple complaining/ music keeps stopping. Not happy😢😢😢,"@664365 Hey Janelle! Don't worry, we're here to help. Can you let us know the device, operating system, and Spotify version you're using? /MT",2286386,2286384,Sun Nov 12 00:41:07 +0000 2017
27003,703616,@SpotifyCares The updated version is out and it’s solid. 👌🏻,@703616 We're glad you like it. Just give us a shout in case you have other questions /GK,2456278,2456281,Mon Nov 20 14:24:39 +0000 2017
16112,505338,"@SpotifyCares I have had trouble playing music made by Karpe Diem and Kendrick Lamar lately. Works with other people, what should i do?","@505338 Hey! Do you get an error message when trying to play tracks from both artists? Also, can you let us know the device/OS you’re using? /SJ",1656001,1656000,Mon Oct 16 13:51:08 +0000 2017
19238,559005,"@SpotifyCares It finally went through and I have premium now, have a goodnight",@559005 Awesome! Let us know if you ever need us again. We'd be... https://t.co/LgAM6ky9Vv /FR,1871952,1871954,Fri Oct 20 02:33:56 +0000 2017
2555,185774,"@SpotifyCares About 2,000",@185774 Thanks! There's currently a 10k limit in Your Music (Songs + Albums + Artists). More info here: https://t.co/59ABtm5Ftl /SY,292978,292980,Fri Oct 06 17:04:29 +0000 2017
32779,814424,Fam @115888 why is @98201 “Rain On Me” NOT on Chapter II ??,@814424 Hey there! We'd love to have all her stuff available but we have some more info about missing content at https://t.co/1dgftcFtzc. Let us know if you need anything else 🙂 /KL,2948918,2948917,Wed Nov 29 16:20:13 +0000 2017
4745,244741,@115888 Also will you hire me once I graduate thank you,"@244741 Hey there! We're afraid we don't have any info on this right now, but we'll pass your suggestion to the right folks. On another note, we'd recommend checking out https://t.co/c1Z94oBFOl for any openings in the future. Hope this helps 🙂 /LP",538060,538059,Sat Dec 02 03:15:31 +0000 2017
22284,614146,@SpotifyCares Why would you take that away? Why.,"@614146 We don't have any more info that we can share about this, but we'll let the team know that this is something you'd like to see again /CX",2076536,2076538,Mon Oct 09 09:10:07 +0000 2017
2565,186018,Just got some quality assistance from @SpotifyCares. Excellent customer service. Bravo. https://t.co/QwQxjiaRlR,"@186018 Thanks for the sweet comment! If you ever need us again, you know where to find us 💚 /NG",293871,293870,Fri Oct 06 17:13:53 +0000 2017
15483,407204,@SpotifyCares Well her music was available on Spotify but was almost immediately took off.. can you tell me why please??,@407204 Sometimes content gets temporarily removed because of licensing changes. Hopefully we'll have it available again soon! /DF,1580666,1580668,Sat Oct 28 22:36:36 +0000 2017
8048,322350,@SpotifyCares I'm just contacting you guys in case it's a security issue. Have a nice day.,"@322350 2: https://t.co/QHn3ok8y2n for what to do next. If you have other questions, we'll come running 🏃 /RR",851856,851855,Fri Oct 20 13:15:01 +0000 2017
28138,726095,I wish I could 'thumbs down' an artist on @115888 to prevent any of their music appearing in my radio stations.,"@726095 Hey Adam! The radio evolves over time with your listening, so continue to tap ❤️ while it’s playing to replace your unwanted tracks 🙂 /KL",2557540,2557539,Thu Nov 16 16:02:16 +0000 2017
4342,231902,@118266 mau nanya promo yg 3 bulan 50k itu kalo bayar pake XL ada minimum pulsa gak ya? krn pulsa saya pas 50k tp pas udh masukkin pin katanya saldonya kurang. https://t.co/sOuyfeRWU9,"@231902 Hey Diana! We can help out in English via Twitter, but we also have Indonesian support via email at https://t.co/ZgU70TbP8M /JI",490763,490762,Fri Dec 01 15:12:22 +0000 2017
10477,373691,@SpotifyCares Please try! It’s been offline now for like 2 months 😫😫😫,"@373691 We also can't find the playlist. Don't worry, we’ll have it available to you as soon as it’s available to us! https://t.co/0i8GpimuDa /JP",1075223,1075224,Fri Oct 13 14:43:16 +0000 2017
1292,151371,Appreciate it. https://t.co/7BxCc61d9G,"@151371 No worries! If you ever need anything else, just shout and we'll come running 🏃 /DF",158934,158933,Fri Nov 24 17:45:50 +0000 2017
3048,197494,@SpotifyCares Update: I just tried to play other albums by the same artist and got the same result,"@197494 Thanks. Everything's working fine our end. Does logging out, restarting your device, and logging back in help at all? Keep us posted /AK",341105,341104,Sun Oct 08 00:14:23 +0000 2017
7935,320733,@SpotifyCares yes ive tried that but nothing worked because the playstation account i want to unlink the spotify account from doesnt exist anymore,"@320733 No worries. In this case, the folks over @AskPlayStation may be able to help you out with this. Give them a shout! /BH",844337,844339,Fri Oct 20 21:18:08 +0000 2017
23682,644355,"@115888 hey your app crashed and wiped all the saved songs from my listen offline, now I'm kinda screwed on this long drive","@644355 Hey Alex! Can you let us know the device, operating system, and Spotify version you're using? We'll see what we can suggest /MS",2203690,2203689,Thu Nov 09 20:09:35 +0000 2017
22051,610116,"@SpotifyCares got a new phone, logged in and it isn't set up for premium anymore.... what can I do? I don't want to be charged double","@610116 Hey Kevin, help's here! Could you shoot us a DM with your account's username and email address? We'll take a look backstage /VK https://t.co/ldFdZRiNAt",2062972,2062971,Fri Oct 06 15:17:45 +0000 2017
22107,610820,@115888 I’ve found something for the time being 🎉 https://t.co/uCTO2DHd9k,"@610820 Hey there! Fingers crossed we'll be able to have it soon, but there's info about Spotify content here: https://t.co/0i8GpimuDa /TB",2065523,2065521,Sat Oct 07 23:28:15 +0000 2017
28378,731453,"Dear @115888, your service is amazing. However, I just found out the Student discount is not available in Quebec. So...bye bye. Going to Apple Music I guess.","@731453 Hey there! Currently, we’re not able to offer the student discount in Quebec due to circumstances outside our control. We hope to be able to make it available in the future /LO",2580694,2580693,Thu Nov 16 20:44:06 +0000 2017
21435,599731,@115888 please stop putting father john misty on my discover weekly. i do not like father john misty. i will never like father john misty.,"@599731 Discover Weekly is based on what you, and others like you, are listening to. Hopefully it’s more in tune with your tastes next week! /MX",2028082,2028081,Mon Nov 06 18:40:40 +0000 2017
11512,395404,@SpotifyCares please reply to my direct message. Thank you! 🙂,@395404 Hey there! We've just sent you a bit more info over DM /PB,1171006,1171005,Sun Oct 15 10:23:13 +0000 2017
18168,546010,PETITION FOR @115888 FOR PUTTING BTOB's 2ND ALBUM ON SPOTIFY RIGHT NOW,"@546010 Hey there! We’d love to have all of their stuff available, but we have some info about content here: https://t.co/0i8GpimuDa /GK",1817744,1817743,Mon Oct 16 10:04:11 +0000 2017
5223,255066,. @115888 how do I claim the below? https://t.co/DIyQ35zY6b,"@255066 Hey there! To sign up for the offer, just visit https://t.co/k4M4Rau9Gq. We'd recommend using a credit card, debit card, or PayPal as your payment method. Hope that helps /NQ",574263,574262,Sat Dec 02 23:02:18 +0000 2017
32010,806619,Did @115888 add iPhone X support and break everything else? o_o;;,"@806619 Hey Crystina. We've made a few tweaks backstage, so this should now be fixed up. Let us know if not! 🙂 /GN",2913858,2913857,Tue Nov 28 20:49:35 +0000 2017
30501,220017,@115888 Can you give an update on the login sync failures this month please? I’ve been a loyal customer for years but this is a mess.,@220017 Sorry for the delay. We've just replied to your DM. Check it out. Let's carry on chatting there /MC,2780840,2780837,Tue Nov 21 16:05:39 +0000 2017
11702,400363,"@SpotifyCares Spotify 8.4.24.871 armV7
Android  6.0.1 build AA0571","@400363 1: Thanks! We're afraid this isn't possible right now, but we'll give our devs a nudge that this is something that you'd like to be able...",1193129,1193132,Wed Oct 25 01:13:45 +0000 2017
15119,315759,@SpotifyCares No Twitter on other devices sorry.,@315759 No worries. Does using a different internet browser or an incognito/private browsing window make a difference? /LO,1538242,1538244,Sat Nov 04 01:26:23 +0000 2017
27106,150783,I wish we had Spotify in our country so I could stream with the rest of ARMY☹️,"@150783 We hear you! We don't have any info on this right now, but we'll be sure to announce any news at https://t.co/8zO4WCXX7C as well /TB",2466901,2466900,Sat Nov 25 14:30:31 +0000 2017
6866,296744,how cant SPOTIFY be available in my countryyyyyy wtf,@296744 Hey there! Could you let us know the country you're currently in? We'll keep an eye out for your reply /LP,739013,739011,Fri Oct 06 21:17:18 +0000 2017
16240,264368,@SpotifyCares to work. It appears not to just yet. Switching premium music providers might be my only alternative,"@264368 1: Hey there! Playing on multiple Amazon Echo devices at the same time isn't possible for now, but you can vote...",1666796,1666797,Mon Nov 06 10:00:46 +0000 2017
14317,313854,@SpotifyCares My friend @60499 is having a problem activating her Premium purchase. Hope u can help her,@313854 We're sorry to hear that. We'd like to have your friend reach out to us either via Twitter or email. We'll be glad to lend a hand /JX,1462715,1462717,Thu Nov 02 18:59:47 +0000 2017
31539,797432,@115888 do you know what shuffle means cuz i’m listening to a playlist with 100+ songs and i got 4 neck deep songs in a row,@797432 Hey there! We’ve made some improvements to our shuffle algorithm. We’d love to hear your feedback here: https://t.co/T3vZnSL3od /KC,2872020,2872019,Tue Nov 28 01:11:37 +0000 2017
21734,604424,"@118266 min aplikasi spotify untuk PC tidak bisa di download ya,,, seperti di apps android, sehingga bisa offline.","@604424 Hi there! We can help out in English via Twitter, but we also have Indonesian support through email at https://t.co/ZgU70TbP8M /DB",2043881,2043880,Wed Oct 04 13:07:49 +0000 2017
9301,348337,@SpotifyCares Music will play on app but not on desktop? Help?,"@348337 Hey Ryan, help's here! Could you let us know your device's make/model, operating system, and Spotify version? We'll check things out /GU",962273,962272,Wed Oct 11 14:39:21 +0000 2017
28550,734706,"@SpotifyCares Done, thanks!!!",@734706 No worries! Let us know if you have any other questions 😁 /CE,2594606,2594608,Fri Nov 17 04:11:36 +0000 2017
12844,419522,"@SpotifyCares Got it, thx! https://t.co/IEw996JusY. @419523 @366223",@419522 You're welcome. Let us know if you ever need us again. We'd be... https://t.co/LgAM6ky9Vv 🎶 /AU,1280141,1280142,Fri Oct 27 14:09:32 +0000 2017
28223,591979,@115888 How does one submit for this ?,@591979 2: find the most influential artists. Check out our promo guide for tips on how to keep growing your audience: https://t.co/F0metMhGQp /JM,2001976,2001977,Fri Nov 03 20:55:30 +0000 2017
7347,308489,Fuck you @115888 what am I paying for 😩 https://t.co/zSvEBljzrf,@308489 2: They should help with this. Give us a shout if anything else comes up /MT,790440,790439,Sun Oct 08 01:13:38 +0000 2017
15205,478872,@SpotifyCares Copy link+pasting works.,@478872 Cool! Thanks for letting us know. Give us a shout if there's anything else ✌️ /GT,1546461,1546462,Sat Nov 04 20:24:26 +0000 2017
12125,407803,@SpotifyCares @115888 How come I was able to see the Bad Liar Spotify vertical video ? But not the Wolves video ... Canada isn't like some foreign country ....,"@407803 Hey there, we hear you 🎧 Rest assured, your feedback will be passed on to the right folks /CG",1226745,1226743,Wed Oct 25 18:00:10 +0000 2017
22870,623317,This is actually super cool. https://t.co/1yTbfBvrEX,"@623317 Glad you like it! If you ever need anything else, just shout and we'll come running 🏃 /KL",2135074,2135073,Wed Nov 08 17:12:21 +0000 2017
20360,578891,"Hey, @115888 - Since you're going to be picking up a whole mess of Groove users, maybe now is the time to update your @115786 app.","@578891 Hi! We appreciate your honest thoughts. Rest assured we'll pass this on. If there's anything else we can help with, just let us know /DB",1948438,1948437,Mon Oct 30 13:40:24 +0000 2017
15474,486668,@SpotifyCares please help me cancel my payments for an account I do not have access to. Also get a customer service number if you won’t help,@486668 Hey Brandon! We've already sent a response to you via DM. Let's continue chatting there 🙂 /CH,1580648,1580647,Sat Oct 28 19:22:29 +0000 2017
12610,416190,@SpotifyCares doesn’t really help but idc,"@416190 We don't have any info on this right now, but we’ll have his music available to you as soon as it’s available to us /JL",1264883,1264885,Tue Oct 17 00:35:43 +0000 2017
30200,770623,@SpotifyCares No pending updates.,@770623 Hmm. could you let us know how much available memory there is on your device (internal and on an SD card if applicable)? /CH,2752826,2752827,Tue Nov 21 03:59:49 +0000 2017
12115,407493,"@115888 @SpotifyCares
Why can't we see who's following our playlists? A lot of people want that simple feature.
https://t.co/oQHzXpR1am","@407493 Hi Esaias! We're afraid that's not possible right now, but you can show your support by voting for the idea through that link /AU",1225429,1225428,Sat Oct 14 19:35:17 +0000 2017
10782,379546,"HEY @115888, ADD @64892 TO THE POP PUNK'S NOT DEAD PLAYLIST https://t.co/JzSKX9hhJo",@379546 Hey! We hear you 🎧 Rest assured your feedback will be passed on to the right folks /DF,1099897,1099896,Mon Oct 23 20:36:31 +0000 2017
22309,614704,"@SpotifyCares my app barely even works, random songs skips, horribly repetitive shuffle and full of glitches... i pay for this","@614704 Hey Bailey! Did these issues happened after a recent update? Also, can you let us know the device and Spotify version you’re using? /SJ",2078388,2078387,Mon Oct 09 15:32:58 +0000 2017
21990,164068,"@SpotifyCares Time to implement is not the issue, the issue is your lack of response and customer service.",@164068 We appreciate your comments! We can’t make any promises but we’ll pass your feedback onto the right folks /CG,2059189,2059191,Thu Oct 19 16:23:38 +0000 2017
26172,562291,Hey @115888 please can you add Fabio Frizzi's incredible #Zombi2 soundtrack when you get a moment? In the top 5 movie scores ever! @SpotifyCares https://t.co/kwVOA7gduj,"@562291 @92563 @125633 @116130 Hey Jonathan! Fingers crossed we'll be able to have it soon, but there's info about Spotify content here: https://t.co/0i8GpimuDa /DF",2368046,2368044,Mon Nov 13 23:07:59 +0000 2017
23080,573856,@SpotifyCares Still nothing...,@573856 Hmm. Could you reinstall the app by following the steps here: https://t.co/EqisDMwZAT? Let us know how it goes /JU,2153128,2153129,Thu Nov 09 03:11:04 +0000 2017
11377,393448,@SpotifyCares thanks for updating your app today. Don’t notice anything different and was hoping it was for the iPhone X. But it wasn’t. Update that soon  pleaseeeeeeeeeeeeeeeeeee.,"@393448 Hey! Don't worry, we're on it. Our developers are looking into this, and we'll keep everyone updated /DF",1162240,1162239,Fri Nov 10 18:00:27 +0000 2017
28086,725073,"@SpotifyCares Thx. But now i have another problem. I don't see 'behind the lyrics' anymore. I reinstalled spotify and logged in again, didn't work tho. I tested songs, that I'm 100% sure they have 'behind the lyrics'.",@725073 Hmm. Can you try to see if you can use the Behind the Lyrics feature when you stream this playlist: https://t.co/arRmJtIkeT? /DV,2552696,2552698,Thu Nov 16 15:09:56 +0000 2017
6264,282052,@SpotifyCares australia,@282052 Thanks. It looks like their tunes aren't available in your country due to licensing. More info about it here: https://t.co/MEjmIRL2eB. Let us know if you have other questions /AY,679132,679131,Thu Nov 23 07:29:18 +0000 2017
2636,188142,@SpotifyCares Those are the 3 links for all 3 tracks.,@188142 Thanks. We'll get this reported. Great detective work! https://t.co/LpsmyUtme0 🔍 /JM,302335,302337,Fri Oct 06 21:53:19 +0000 2017
27684,717384,.@115888 make an Apple TV app I hate airplaying from my phone,"@717384 Hey there! We don't have any news to share about Apple TV right now, but you can vote for the idea here: https://t.co/quyaSSECJs /CE",2518459,2518458,Thu Nov 16 00:06:29 +0000 2017
30371,264368,"@SpotifyCares And pointing me to a four year old thread only highlights this. Why not look at the support behind a more recent 3 month old one?
 https://t.co/Rr6pVozwJR","@264368 We're afraid we don't have any more info on this at the moment, but we appreciate your patience. Thanks for your feedback, we'll make sure to pass it along to the team. You can also feel free to add your thoughts on the comments of the thread 🙂 /SB",2769155,2769156,Tue Nov 21 18:04:24 +0000 2017
29923,764288,WHY THE FUCK IS LONELY HEARTS CLUB NOT ON SPOTIFY?!?! I NEED ANSWERS @115888,@764288 Hey! We’ll have it available to you as soon as it’s available to us! https://t.co/0i8GpimuDa /BD,2725153,2725152,Mon Nov 20 11:10:44 +0000 2017
6120,278412,@SpotifyCares thank you for your response ☺,"@278412 Fingers crossed we'll be able to have it soon, but there's info about Spotify content here: https://t.co/0i8GpimuDa /RH",664690,664693,Thu Oct 26 01:49:10 +0000 2017
22327,615086,@115888: idea - introduce ad filters. so that people like me don't get anxiety listening to horror film ads. #thanks,"@615086 Hi Nika! We didn't mean to scare you. Not to worry, we'll let the right team know that option is something you'd like to see /NJ",2079737,2079736,Mon Oct 09 18:12:24 +0000 2017
4971,248112,@248111 true omygosh i thought its only for a day but then i noticed that it doesnt come back @SpotifyCares pls bring it back 😔,"@248112 Fingers crossed we'll be able to have it again soon, but there's info about Spotify content here: https://t.co/1dgftcFtzc /TB",550055,550056,Sat Dec 02 13:12:54 +0000 2017
30665,779263,It’s been a year can someone please tell me why @12899 lemonade album is still not on @115888,"@779263 Hey Kristina! We're working on it, and we hope to have it available soon. There's more info here: https://t.co/VE7KvznUs9 /MC",2792190,2792189,Tue Nov 21 18:57:00 +0000 2017
30687,779536,Anyone else having problems with @115888? Just keeps saying 504 Gateway timed out :( #Spotify,@779536 Hey! Our best tech folks are on the case as we speak. Hopefully we'll have a fix soon /MC,2793316,2793315,Tue Nov 21 19:31:26 +0000 2017
13189,426798,"@SpotifyCares No, no error messages. Apple’s own music app just responds to the headset commands even if the Spotify app is playing.","@426798 Got it. Have you tried logging out and back in to your account? Also, does restarting your device help at all? /NS",1313114,1313115,Fri Oct 27 06:49:45 +0000 2017
30813,783415,"@SpotifyCares Can I play music using Spotify in my company event? It's not a commercial event, just a company luncheon for the staff.",@783415 Hey! Spotify is intended for personal/non-commercial use only and therefore cannot be used to play music in public places. Let us know if you have other questions 🙂 /JS,2809044,2809043,Wed Nov 22 05:07:11 +0000 2017
14798,470722,"@SpotifyCares Woo I'm glad it's on your ""radar"" 😉. I hope you can make it happen. +1 from me!",@470722 Awesome! Your vote totally counts. Let us know if you ever need us again. We'd be... https://t.co/LgAM6ky9Vv 🙂 /PC,1510991,1510990,Fri Nov 03 15:43:41 +0000 2017
23128,634040,why isnt let me sign by robert pattinson on spotify @115888 :((,@634040 Hey! We’ll have it available to you as soon as it’s available to us. There's info about Spotify content here: https://t.co/0i8GpimuDa /AN,2158533,2158532,Thu Nov 09 04:22:01 +0000 2017
11467,394723,@115888 why does ur app never work !!!!!!!!!!,"@394723 Hey Dayna! Could you send us some details about what's happening, along with any error messages you're seeing? We'll keep an eye out /MQ",1167960,1167959,Tue Oct 24 15:35:06 +0000 2017
12327,116385,@SpotifyCares Didn’t work. Deleted it. Restarted the computer. Redownloaded and Installed it  and the app still won’t save the setting that I do NOT want it to start at Startup UGH!!!!,@116385 2: is listed in there to start with the computer. Highlight Spotify and click the Minus sign under that area /LO,1242370,1242371,Fri Oct 27 23:57:02 +0000 2017
24234,653068,@SpotifyCares Certainly I am,"@653068 Got it. We're afraid the Play Queue feature is not yet available for the web player. Not to worry, we'll make sure your feedback's passed on. For now, we'd suggest downloading the desktop app here: https://t.co/8cOZfB2usL to use the Play Queue. Hope this clears things up /MT",2239811,2239812,Sat Nov 18 02:54:01 +0000 2017
16910,524221,"@SpotifyCares Now it's working good, maybe since the update of the day. Thanks for help.",@524221 Great! Glad to hear it's working. Just let us know if we can help with anything else. https://t.co/m4HWSbgHVZ 😁 /AU,1736387,1736389,Tue Nov 07 19:36:01 +0000 2017
9759,358811,@SpotifyCares Thank you  .. and Hopefully won’t take long,"@358811 Don't worry, we'll let everyone know once we have info to share. Just let us know if we can help with anything else /BM",1009260,1009262,Sat Oct 14 14:21:03 +0000 2017
19930,407273,My Spotify isn't working... it's stopped every time that I come to twitter,"@407273 Hey there! That's not cool. Can you let us know your device, operating system, and Spotify version? We'll see what we can suggest /AP",1922455,1922454,Fri Oct 27 05:20:05 +0000 2017
23492,641308,@SpotifyCares Do you do these songs without the radio show?,"@641308 Fingers crossed we'll have versions like that available, but there's info on Spotify content here: https://t.co/MEjmIRL2eB /RH",2190823,2190824,Thu Nov 09 23:31:22 +0000 2017
23809,646265,@115888  can u pls put spooky blacks black silk album back on Spotify pls xx annoyed that u removed it xx,@646265 Hey there! Sometimes content gets removed due to licensing changes. Hopefully we'll have it available again soon /AR,2211057,2211056,Fri Nov 10 01:00:45 +0000 2017
21589,517798,@SpotifyCares I live in Philippines btw,"@517798 1: Hi! We're afraid it's not possible to pay for the student discount using the Pay by Mobile option, but you can use a debit card... /AK",1708805,1708806,Tue Nov 07 00:33:29 +0000 2017
29105,740372,@115888 where is the perfect velvet😔,@740372 Hi there! Can you let us know which country you're in? We'll take a look /GT,2629117,2629115,Fri Nov 17 17:17:31 +0000 2017
15140,477643,@117153 @SpotifyCares New Roku  streaming stick+ thinks Spotify account is in use when it isn't.,@477643 Hey Jay! What’s happening exactly? Can you send us a screenshot of the message you're getting? We'll see how we can help /CO,1541242,1541241,Fri Nov 03 22:36:55 +0000 2017
1488,156322,@115888 man come on w these commercials lol four in a row? Really?,"@156322 Hey there! Thanks for your feedback - we'll pass it on. For now, check out https://t.co/zgnxs5kPEu if you haven't had a subscription before /MG",172530,172529,Fri Nov 24 21:28:34 +0000 2017
24152,647492,@SpotifyCares When will Taylor Swifts #Reputation be hitting the catalog. As I check at midnight eastern and right now. It's not There,"@647492 Hi David! ""Reputation"" isn't available to stream just yet – stay tuned! For now, check out the singles: https://t.co/3h0TnPWP0c 🤘 /JI",2234742,2234741,Fri Nov 10 15:52:58 +0000 2017
24642,660212,"hello @SpotifyCares , would mind to check and reply my DM please thank you",@660212 Hey Natasha! We've sent a reply to your DM. Let's continue chatting there /KT,2268730,2268729,Sat Nov 11 08:10:43 +0000 2017
31467,795910,@115888 Do you all have an educational out reach? I have a project I would like my students to do that would involve some help from you all!,"@795910 Hey there! We don't have any info on this right now, but we'll let the right team know it's something you'd like to see /MT",2865509,2865507,Mon Nov 27 21:58:39 +0000 2017
5716,270300,it keeps getting better @SpotifyCares https://t.co/GppnpCl8TV,@270300 Hey! Can you try the steps here for us: https://t.co/EqisDMwZAT? They could help with this /L,634010,634009,Wed Nov 22 14:59:46 +0000 2017
9572,352770,@SpotifyCares Will there be any possibility to change my profile name in the future? (Not a Facebook user),@352770 Hi there! Could you send us your account's email address or username via DM? We'll take a look backstage /LP https://t.co/ldFdZRiNAt,981740,981739,Wed Oct 11 20:12:40 +0000 2017
14496,463774,Why can't navs mixtaoes be on @115888 @81447,"@463774 Hey! We hear you, but we’ve got some info about mixtapes here: https://t.co/MEjmIRL2eB /MU",1480468,1480467,Fri Nov 03 07:10:47 +0000 2017
3581,210457,@SpotifyCares That worked! Simple enough lol thanks!,"@210457 Awesome, that's what we like to hear! If you need us again, just... https://t.co/AUc7DGJpgF /RV",399544,399545,Mon Oct 09 21:56:15 +0000 2017
17113,528046,@SpotifyCares yall some snakes. where my presale code @?,"@528046 Hey, help's here! Just to make sure. which artist are you referring to? We'll take a look backstage /SJ",1752903,1752901,Tue Oct 17 19:34:29 +0000 2017
17162,528950,"Hey @115888 &amp; @SpotifyCares , what about the Apple Watch app ? When are you gonna release it ? 🤔🤔","@528950 Hey Ben! We don't have any info on this, but we'll let the right team know it's something you'd like to see /JX",1756711,1756709,Tue Nov 07 19:13:47 +0000 2017
2287,178803,@SpotifyCares @SpotifyCares What could i do?,"@178803 Hey there! Just to check, are you referring to Cyka Blyat by DJ Blyatman? /JP",263524,263521,Thu Oct 05 22:52:32 +0000 2017
25439,669689,@SpotifyCares Make it hAPPEN,@669689 Fingers crossed we'll have it available. Give us a shout if there's anything else we can help with /AP,2308814,2308813,Mon Nov 13 01:33:03 +0000 2017
23262,635619,"@SpotifyCares Dude, the link you provided also error... #doubleFail https://t.co/CZtPGWrfdz",@635619 Can you try giving it a go using a different browser or an incognito window? It's also worth trying another device. Keep us posted /JN,2165576,2165578,Thu Nov 09 14:19:33 +0000 2017
26843,699794,@SpotifyCares when should we be able to stream it?,"@699794 We're afraid we don't have this info, but we’ll have it available to you as soon as it’s available to us! /GS",2439876,2439878,Fri Nov 17 22:28:28 +0000 2017
21806,605611,"Friends: ""What did you learn in clinicals today?""  Me: ""How to get free food and connect my Hulu to Spotify premium.""","@605611 Hi again! We’d love to have the chance to use your tweet. Are you cool with this? If so, hit us up via DM /T https://t.co/ldFdZRiNAt",2047812,2047811,Tue Sep 26 16:51:37 +0000 2017
9299,348335,"Why isn't @118408 's older music on Spotify 😡 bought premium for no reason now @115888 I need Monte, Boy Bandz, and #mood 😐😤","@348335 Hey Megan! We’d love to have all the music in the world, but we have some info about content here: https://t.co/0i8GpimuDa /JP",962264,962263,Wed Oct 11 14:27:55 +0000 2017
28189,727191,Hey @115888 @SpotifyCares Are you going to update your website or app so I can update my payment options?! The websites keeps crashing every time I click on the LOG IN button. Even clicked on the SPOTIFY PREMIUM FREE TRIAL option and it crashed. Please fix this soon!,"@727191 Hey there, help's here! Does using a different browser help? You might also want to try using an incognito window. Let us know how it goes /KL",2562462,2562461,Thu Nov 16 17:33:28 +0000 2017
13913,447710,"@115888 Hey Spotify, who do I talk to about using the same rounding method for the song browser and player?","@447710 Hi Nicolas! Don’t worry, we'll do our very best to help. Can you tell us more about what you meant by rounding method? /HR",1409891,1409890,Wed Nov 01 19:29:18 +0000 2017
1378,138145,"Weird activity on my @115888 so I go to change my password, if I access my account it shows me my DOB among other things - why show me my DOB, I know it, I don’t need anyone else to know it, useless element to my profile page #security #cybercrime #cyberaware",@138145 Hey Dan! We’re sorry to hear that. We'd suggest to check out https://t.co/QHn3ok8y2n for what to do next. Let us know if we can help with anything else 🙂 /GN,166653,166652,Fri Nov 24 19:00:58 +0000 2017
30178,186779,"@SpotifyCares looks good. thank you, CH.",@186779 Woohoo! Glad to hear everything's working okay now. You know where to find us if you ever need us again. https://t.co/uEkAlnxbzn 😉 /CH,2750602,2750603,Tue Nov 21 00:47:21 +0000 2017
24643,660213,when is **#reputation on Spotify sos,"@660213 Taylor Swift's 'Reputation' isn't available to stream just yet – stay tuned! For now, check out the singles: https://t.co/3h0TnPWP0c 🙂 /M",2268732,2268731,Sat Nov 11 01:32:31 +0000 2017
3548,209815,"@SpotifyCares It doesn’t no, I don’t think it’s an issue with my computer. I’ve seen online that other people’s recently played doesn’t update as well.","@209815 That's odd. Just to be sure, are you usually on Private Session? If so, this might be the reason why it hasn't updated /KL",396199,396200,Mon Oct 09 18:53:27 +0000 2017
8172,324426,"What the hell is up with my @115888 queue today? It's two or three sons of heavy metal and then ponies, repeatedly! #brony #mlp https://t.co/Iqj2WeyeSD",@324426 Hey there! Your Queue is algorithmically updated based on your previous songs played. Hope this clears things up 🙂 /TB,860919,860917,Mon Oct 09 15:55:01 +0000 2017
29938,765007,"@SpotifyCares Can I/Spotify change it with more readable username? Hopefully i can change it,
By the way my name is Daeng not Deang (:","@765007 Sorry for the confusion. We're afraid it's not possible to create your own username, but your followers and friends are seeing your Facebook name anywhere in the app /JP",2728367,2728369,Mon Nov 20 14:30:41 +0000 2017
20156,575950,@115888 hey! What's up with Yelawolf's Trial By Fire?,"@575950 Hey there! We don't have info about this, but we’ll have it available to you as soon as it’s available to us. https://t.co/0i8GpimuDa /KL",1935978,1935977,Fri Oct 27 19:47:22 +0000 2017
31642,801270,@115888 Jadi ini 4990 u/ yg baru mnggnkn spotify premium dgn pmbyrn mnggnkn krtu kredit tdk brlku u/ potong pulsa.,"@801270 Hey! We can help out in English via Twitter, but we also have Indonesian support via email at https://t.co/ZgU70TbP8M /XF",133961,2890076,Tue Nov 28 11:02:35 +0000 2017
1279,151642,Wtf upload the damn new Loreen album @115888,"@151642 Hey there, we're here to help! Could you let us know what country your Spotify account is set to? We'll take a look backstage /TB",155380,155378,Fri Nov 24 14:29:19 +0000 2017
1283,152050,@SpotifyCares Roughly how long does it take to get a response to a private message? Just sent one and I'm wondering. Cheers.,@152050 Hi there! We've just replied to your DM. Check it out /JE,156960,156959,Fri Nov 24 16:53:24 +0000 2017
2169,174346,"@SpotifyCares Hi, thanks for this. its __email__",@174346 We'd recommend deleting your last post as it contains your email address. You can click on the link below our last reply /NY,245635,245636,Mon Oct 09 11:49:37 +0000 2017
29121,727191,Spotifys website is superrr broken. Can't even update my payment options without being sent to broken links left and right. Ugh.,@727191 Got it. The website seems to be working on our end. Can you send us a screenshot of the error? We'll see what else we can suggest /KL,2631692,2631691,Fri Nov 17 18:26:44 +0000 2017
15802,495707,@SpotifyCares Thanks,"@495707 You're welcome. If you have any other questions, feel free to give us a tweet. Have a great day 🙂 /DR",1616423,1616425,Sun Nov 05 14:09:42 +0000 2017
3057,197772,@SpotifyCares Thank you! And one more question please. How many times (frequency) an ad appear in 1 hour?,@197772 No worries. Our Press team are the right folks to help with this. You can get in touch with them here: https://t.co/p0LldlBp30 /MU,343540,343539,Thu Oct 26 07:19:01 +0000 2017
8460,328942,@SpotifyCares Where is car / driving mode?  https://t.co/3vEDpvioqU,"@328942 Hi there! We don't have any info on this right now, but we'll let the right team know it's something you'd like to see /JI",880108,880106,Fri Oct 20 18:00:37 +0000 2017
14359,133627,@SpotifyCares why Bey's album lemonade isn't available while a user made it as a playlist 🤔 https://t.co/7XxnmLt22g,"@133627 Hey there! We're working on it, and we hope to have it available soon. There's more info here: https://t.co/WI0fi3V8Cu /JI",1466233,1466232,Thu Nov 02 18:35:10 +0000 2017
1093,145718,@SpotifyCares hello! I sent dm on your inbox... please check thanks!,@145718 Hi! We've just sent a DM your way. Let's carry on chatting there /DR,131803,131801,Fri Nov 24 05:59:56 +0000 2017
12789,418610,@SpotifyCares please check your DM,@418610 Hi there. We've replied to your DM. Check it out 🙂 /AY,1275672,1275671,Mon Oct 16 07:04:00 +0000 2017
3704,213825,it breaks my heart that lemonade isn’t available on Spotify @12899 @115888 @SpotifyCares @117168  It’s by far one of the best albums😫,"@213825 Hey Leah! We're working on it, and we hope to have it available soon. There's more info here: https://t.co/WI0fi3V8Cu /FR",414124,414122,Tue Oct 10 01:38:16 +0000 2017
32232,807638,"@SpotifyCares Spotify works with the Bose client but since half an hour not with your own client (iPhone, latest iOS).","@807638 Hey, thanks for the report! We had a little hiccup earlier, but everything should be running just fine now /JS",2917857,2917856,Tue Nov 28 21:06:33 +0000 2017
28432,731920,@121907 I get this message when I try to go for a family premium. https://t.co/8iabhLMlEM,@731920 @121907 We've just sent a DM your way. Let's carry on chatting there /NG,2582663,2582662,Mon Oct 30 15:48:15 +0000 2017
12435,413413,@SpotifyCares Yeah it works,@413413 Awesome! Let us know if you ever need us again. We'd be... https://t.co/LgAM6ky9Vv /MG,1250616,1250618,Mon Oct 16 04:14:50 +0000 2017
3790,215512,@SpotifyCares umm excuse me but I’m not gonna pay for something I didn’t get. Please transfer my money back https://t.co/HeFsSmzn6p,@215512 Hi! We've just sent a DM your way. Let's carry on chatting there /JN,421934,421933,Tue Oct 10 08:04:31 +0000 2017
26801,276182,Petition for @115888 to bring back the messenger feature and this time make it DISCOVERABLE so people will actually use it lol https://t.co/F9XH5KLMok,@276182 Hi Jamie! We have some info about this here: https://t.co/xW1fRS96NG. Give us a shout if you have any other questions /AU,2433034,2433033,Tue Nov 14 20:55:45 +0000 2017
4868,248886,"@SpotifyCares I'm unable to reset my password. This is the error I get ""The CSRF token is invalid. Please try to resubmit the form."" Why can't anything from Spotify ever be easy?","@248886 Hey there! Can you try heading to https://t.co/6eDm6VZ89R using a different device, browser, or an incognito window? Let us know how it plays out /LM",552696,552695,Sat Dec 02 18:19:15 +0000 2017
19793,570028,@SpotifyCares thank you :) x,"@570028 No worries, we're always happy to help! We'll be here if you need us again /SP",1913673,1913671,Tue Oct 31 14:29:26 +0000 2017
13428,434361,"@SpotifyCares Thank you, so much for replying - but I solved the problem without knowing what i was - and how I did it.",@434361 No worries! Just give us a shout if the problem persists or for anything else. We're... https://t.co/zOXI69QSqg 🙂 /NJ,1348067,1348069,Fri Oct 27 20:37:09 +0000 2017
23187,634693,@115888 @SpotifyCares If I start a 30 day trial for 10/mo can I get the student discount plan later?,"@634693 1: Hey there! If you're currently enrolled and attending classes, you should be able to subscribe directly to the student discount...",2161267,2161268,Thu Nov 09 05:40:25 +0000 2017
4503,236080,@SpotifyCares does the $99 for a year stack with the capital one quicksilver deal?,"@236080 Hey there! At this time, the Quicksilver card deal doesn't extend to gift cards, E-cards, or annual payments. You can find more info here: https://t.co/KZd4d7u0Vt. Let us know if you need anything else /VK",506021,506020,Fri Dec 01 19:17:27 +0000 2017
3269,203731,"C'mon @115888, look at the size of this title. Couldn't it be just ""Spotify""? https://t.co/g4XHlPeixn","@203731 Hey! Thanks for the feedback – we appreciate it 🙂 Don't worry, we’ll get this passed onto the right team /KB",370406,370405,Sun Oct 08 17:47:31 +0000 2017
28320,366784,Still no legit response from @115888. Lots of blaming the customer as opposed to taking ownership of what their app is doing. #privacyviolation https://t.co/jPExoFTbC2,@366784 We've just replied to your DM! /I,2575461,2575460,Thu Nov 16 03:52:32 +0000 2017
30318,772950,@115888 This so fucking fake i started now and this is not working with out internet why you are telling lie to your customers @115888,"@772950 Hi there, we're here to help! Can you tell us what's happening exactly? We'll see what we can suggest /AK",115216,2763003,Sun Nov 26 22:54:53 +0000 2017
5387,262212,"@122609 @SpotifyCares using android Auto, I can no longer skip back to the beginning of a song. The back button takes me to the previous track. Any ideas why please?","@262212 Hey there! Help's here. Can you let us know the device, Android, and app version you're running? We'll see what we can suggest /PB",599478,599475,Sun Dec 03 12:11:44 +0000 2017
15657,468275,@SpotifyCares My Spotify plays on other (bt) devices. It's a car related thing.,"@468275 Can you let us know the year, make, and model of your BMW? We'll take look under the hood 😉 /DR",1599416,1599417,Sun Nov 05 09:51:45 +0000 2017
31056,788107,"@118266 @SpotifyCares hi, i don’t have cc to get the student discount. Is there any payment options?",@788107 Hi Iqram! We're afraid that you'll need a recurring payment method for the student discount. You can read more here: https://t.co/rdZ9slIDDQ. Hope this clears things up /WW,2830147,2830146,Mon Nov 27 06:34:43 +0000 2017
28655,736077,@115888 get your shit together and optimise your app for iPhone X...,"@736077 Hey Harry! We hear you, and we’re working on it as we speak. Stay tuned /AN",2600297,2600296,Fri Nov 17 06:44:46 +0000 2017
22723,624524,"@SpotifyCares My phone died before I got a chance to say anything, but David B helped me get my account back so let him know Ian said thanks","@624524 Hey Ian, thanks for the feedback! It's music to our ears 🎶 /NS",2119223,2119222,Thu Oct 19 05:50:55 +0000 2017
3243,202846,@SpotifyCares I have win10 and I cannot check spotify version because it all freezes. Tablet app working fine. Any help or is it Windows fault?,@202846 Hey Claudia! Can you try reinstalling the app again by following the steps for Windows 10 here: https://t.co/cxGHt0bCR8? /RH,366684,366682,Wed Aug 30 23:16:45 +0000 2017
24813,366236,@115948 when will reputation be available for streaming ? @SpotifyCares @121574,"@366236 Hi! Taylor Swift's 'Reputation' isn't available to stream just yet – stay tuned. For now, check out the singles: https://t.co/3h0TnPWP0c /AU",2283753,2283752,Sat Nov 11 11:31:19 +0000 2017
874,140442,@115888 There is any way to find the songs that I gave a thumb up on the radio? where do they go? I don't have any playlist or removed playlist related to that...,"@140442 Hey Nicolas! Once you've started liking songs, Spotify will create a playlist called ""Liked from Radio"" where you can find and listen to all your favorites. If you ever need anything else, just shout and we'll come running 🏃 /DT",110095,110094,Thu Nov 23 16:27:23 +0000 2017
14955,472888,@SpotifyCares You could at least play suggested tracks from artists that I actually listen to. I do not wanna go from Chris Brown to Katy Perry 😒,"@472888 We hear you loud and clear! We can't promise anything, but we'll pass your comments onto the relevant folks 😉 /JM",1521351,1521353,Fri Nov 03 19:30:19 +0000 2017
13769,442724,"@SpotifyCares I didn't know to be like music it had to be under 3,333 songs what is the title after that many songs saved? Music Connoisseur?","@442724 We don't have any more info to share. Rest assured your feeback won't fall to deaf ears. Any questions, give us a shout /PB",1386921,1386920,Wed Nov 01 22:17:43 +0000 2017
6040,277063,"@SpotifyCares Thanks a lot, i listen to that playlist a lot and i love that song. It'd be awesome if you can add it!! Thanks!","@277063 You're welcome! If you ever need us again, just give us a shout. We'd be happy to help. https://t.co/m4HWSbgHVZ /LO",659580,659581,Wed Nov 22 23:58:12 +0000 2017
1497,156646,"@SpotifyCares None of the song titles are with the right songs. Fiction is titled as Back to You, Freeze is titled as Virus.",@156646 Thanks for the heads up. We'll get this reported. Great detective work! https://t.co/LpsmyUtme0 /GS,173606,173605,Fri Nov 24 22:47:29 +0000 2017
22759,601384,"If @SpotifyCares had a phone number, my issues could have been fixed this afternoon. But instead I'm up at 1am waiting for a Twitter DM.",@601384 Hey there. We've just sent a DM your way. Let's carry on chatting there /JU,2122760,2122759,Thu Oct 19 06:09:34 +0000 2017
18124,545382,@SpotifyCares @115888 ❤️ Spotify on PlayStation 4! Development request: Could you please add a visualizer? Like WinAmp,@545382 Hey Mark. Thanks for bringing this up. We’re always testing things in order to improve &amp; we'll pass on your thoughts to our devs /JU,1815537,1815536,Sun Oct 15 23:46:54 +0000 2017
16147,506282,@SpotifyCares Yup.,@506282 Thanks! You can find Your Time Capsule at https://t.co/ExdY0v86I8. We'd also suggest following it to keep it saved 🙂 /SY,1659447,1659449,Mon Nov 06 12:50:02 +0000 2017
31094,789139,. @115888 needs to add more @108774 songs,"@789139 Hey there! Thanks for the feedback. Our Curation team are independent &amp; use taste, data, research, and trends to create playlists, but we’ll pass on your suggestion. For anything else, let us know /GU",2835010,2835009,Mon Nov 27 03:05:22 +0000 2017
22658,623931,@SpotifyCares Hi! when you guys are planning to release Spotify in North Africa..it's been 84 years..,@623931 Hey! We're launching in new countries as often as possible. Be sure to add your email at https://t.co/X8DVSX9QgM /KM,2116868,2116867,Wed Nov 08 11:38:17 +0000 2017
32526,632935,"@SpotifyCares Most of the ads are too loud, significantly louder than music is. It's on all platforms and devices. Need to implement some kind of avg loudness req",@632935 Thanks for taking the time to reach out – we've passed this on to our Ads team. Let us know if there's anything else we can help you with /NQ,2925031,2925033,Wed Nov 29 03:20:11 +0000 2017
15192,478796,"@SpotifyCares iPhone 7 Plus, iOS 11.1",@478796 Does logging out and back in help? Sending us the version of the Spotify app would be great too /CX,1546097,1546095,Sat Nov 04 06:41:09 +0000 2017
28147,726397,"@99207 Make a Discovery playlist filtered for bands coming to town! 

https://t.co/PmnO1hsojS","@726397 Hi Michael! We hear you loud and clear. We don't have any more info to share right now, but we'll be sure to let the team know it's a feature you'd like to see 🙂 /JI",2558825,2558824,Thu Nov 16 17:01:24 +0000 2017
18981,555911,why was i love my love by @87725 taken off @115888 😭😭,"@555911 Hi there! Fingers crossed we'll be able to have it soon, but there's info about Spotify content here: https://t.co/0i8GpimuDa /DV",1859361,1859360,Thu Oct 19 15:02:48 +0000 2017
10860,380509,The audacity @115888 has by playing songs that are not in my playlist is unreal.,"@380509 Hi, sorry to hear that. Are you currently on Free or Premium? Do you also hear the song in between tracks or at the end of the playlist? /RE",1103924,1103923,Sun Oct 22 03:43:38 +0000 2017
22655,623926,Waiting for @133941 and @115888 iPhone X app update like https://t.co/iHvHjDB1Pk,"@623926 Hey there! We don't have any info to share on this right now, but our developers are looking into this. We'll keep everyone updated 🙂 /RE",2116856,2116855,Wed Nov 08 11:48:11 +0000 2017
5202,254902,Is anyone else having massive problems with @115888 on their iPhoneX? I’ve updated the app and am still having problems,"@254902 Hi there. Don't worry, help's here. Can you tell us what's going on exactly? We'll see what we can suggest /JU",573747,573746,Sat Dec 02 22:45:39 +0000 2017
22062,610272,"@SpotifyCares idk about you, but I don't think this is the same @14648 as you've put it under https://t.co/DVZEeWgCkz",@610272 Hi there. Thanks for letting us know. Looks like this has already been reported. Great detective work! https://t.co/LpsmyUtme0 /ME,2063427,2063426,Fri Oct 06 16:18:16 +0000 2017
7175,305721,@SpotifyCares Thanks! Hope it's fixed 💚,@305721 https://t.co/qAh6tkevrD! You know where to find us if there's anything else 💚 /AP,777905,777904,Thu Oct 12 04:08:56 +0000 2017
10942,382453,@SpotifyCares United States,"@382453 Thanks. Just to check, is this what you're referring to: https://t.co/MpnRHkiqWi? /AU",1112063,1112065,Sat Oct 14 11:16:54 +0000 2017
31386,794901,@SpotifyCares someone is hijacking my account. Message me please.,@794901 Hey Garret! We've just sent a DM your way. Let's carry on chatting there /MT,2861292,2861291,Mon Nov 27 18:33:07 +0000 2017
3161,199962,"Can’t believe @115888 removed the 'hold to preview' feature on iPhone, I loved that feature.",@199962 Hey Dylan! We're always testing things in order to improve Spotify. We have more info about this here: https://t.co/pXBCq8GlsI. Give us a shout if you have any questions /BP,353149,353148,Sat Nov 25 01:42:43 +0000 2017
18598,552187,@115888 I am actually going to cancel my subscription based on this as I have no way to redownload them all. Shame,@552187 Hey Mary! We understand how you feel about it. We suggest adding your vote to the idea at https://t.co/oIReQL93sm. Hope this helps /AY,1842725,1842724,Wed Oct 18 06:57:33 +0000 2017
28564,734955,"@SpotifyCares i meant undo revoke access, not do revoke access. I accidently revoked access to playlist buddy but i want to undo it.","@734955 Oh, we understand. In this case, try heading to Playlist Buddy and link it to your Spotify from their site. That should do the trick /BH",2595633,2595634,Fri Nov 17 20:48:57 +0000 2017
25173,666302,"@SpotifyCares Hey spotify, is it possibly to see my statistiks anywhere? I'd like to see how much hours i spendet with music sofar","@666302 Hey there, we can see how that’d be useful! You can vote for the official idea here: https://t.co/2MDGCLPOX5 /TB",2294621,2294620,Sat Nov 11 22:35:27 +0000 2017
6309,283230,Just had the best customer service from @SpotifyCares Thank you.,@283230 It's our pleasure! Give us a shout if you need anything else. We'll be right here 🙂 /DN,683946,683945,Thu Nov 23 07:49:33 +0000 2017
19448,487837,"@SpotifyCares Hey, I need some quick help. Please help me recover ""Discover Weekly"" from last week. 10/16-10/22.",@487837 Hey there! Unfortunately we're unable to recover your previous Discover Weekly. Be sure to save your favorites so you don't miss out /PB,1887243,1887241,Mon Oct 23 11:51:57 +0000 2017
13311,431968,@SpotifyCares That message appears for every song on the album https://t.co/U9z3bdrLCw,@431968 Can you try giving it another go in an incognito window? Let us know how it goes /SY,1337488,1337489,Fri Oct 27 15:36:03 +0000 2017
32927,817678,"Ok @115888, how is Kenny Rogers our top related artist? What’s up?",@817678 Hey there! Related Artists aren’t manually curated. We'd suggest checking out https://t.co/tYng4rXZsf for more info. We hope this helps /LP,2963341,2963340,Wed Nov 29 21:11:29 +0000 2017
15622,490194,@SpotifyCares why are the songs I listen to not posting on my activity  log on facebook?,"@490194 Hey there, help's here! Does logging out &gt; restarting the device &gt; logging back in help? Keep us posted /TY",1595431,1595430,Sat Nov 04 18:43:50 +0000 2017
17655,537243,"@1124 @115888 @129941 not to mention many other ""this application is not available in your country"" shit fuck open op to us bababes",@537243 Hey Alb. We're launching in new countries as often as possible. Be sure to add your email at https://t.co/X8DVSX9QgM. We'll pass it on /MQ,1788471,1788470,Thu Oct 12 16:26:16 +0000 2017
6065,277658,@SpotifyCares just got an in app ratings notification after turning off ratings and reviews in the settings,@277658 Hey Grant! The cavalry's here. Could you send us a screenshot of the notification you've received? We'll see what we can suggest /KB,661778,661777,Thu Nov 23 00:27:28 +0000 2017
25256,667204,@115888 Cause I have it too but I stopped using it cause I dont have premium,@667204 Hi there! Can you fire over your account's email address via DM? We'll check under the hood and see what we can suggest /NY https://t.co/ldFdZRiNAt,2298550,2298549,Sun Nov 12 12:14:12 +0000 2017
567,131102,"@SpotifyCares Hi I was wondering, are there still gift cards sold at Australian stores? I can't find them anywhere anymore.",@131102 Hi Courtney! We've just sent you a bit more info over DM. We'll carry on helping out there /LS,66020,66019,Thu Nov 30 08:33:18 +0000 2017
3155,199920,@SpotifyCares Out and about at the mo - just tried to use my iPhone app and it's doing the same thing. Weird! Will give you deets when I'm back home.,"@199920 Sounds like a plan. No rush, we'll just be here 🙂 /DR",352961,352959,Sun Oct 08 13:16:35 +0000 2017
6978,299692,"@SpotifyCares 4G. Wifi takes long to load, but at least it does something",@299692 Sorry about this. We appreciate your feedback on this issue. We’ll get this passed onto the right team /JQ,751832,751834,Wed Oct 11 18:27:35 +0000 2017
13574,437612,@SpotifyCares Too late. Xoxo https://t.co/W8xJLlVelj,"@437612 We're sad to see you go, but if you need help with anything else, we'll be right here. https://t.co/jfEdq1NSfk /JE",1364052,1364051,Fri Oct 27 20:27:10 +0000 2017
19853,570618,@117168 I think my account got hacked! I got an email that it changed to a diff rando email?  Should I respond to __email__?,@570618 Hi! Sorry to hear that. You can reply to that email or contact our Accounts team through the contact form at https://t.co/QHn3ok8y2n /AP,1915699,1915698,Thu Oct 26 01:21:27 +0000 2017
5825,272397,@115888 How many devices can premium be on ?,"@272397 All users can log in to multiple devices, and Premium users can download offline tunes on 3 different devices. This to make sure the app runs smoothly. Hope that clears things up /JE",137177,642115,Wed Nov 22 20:12:36 +0000 2017
28846,739080,"@SpotifyCares on iOS 11 with the latest Spotify, I can’t get the “magical” syncing for local files from computer to phone to work, any ideas?","@739080 Hey Bas, help's here. Can you let us know your computer's operating system, the iOS device you're using, and the Spotify versions you're on? We'll see what we can suggest /AY",2614465,2614464,Fri Nov 17 11:29:02 +0000 2017
13760,442387,Hey @115888 how can I come by your NYC office and do an acoustic set for you guys? 👀😊,"@442387 1: Hi Felicia! Currently, there's no formal submission process for selecting artists for Spotify Sessions. But...",1385361,1385362,Sat Oct 28 00:18:05 +0000 2017
2241,177341,@SpotifyCares I am having a similar issue. When I paste my bio it isn't showing up. It is also not letting me paste my wiki link.,@177341 2: You might also want to try using an incognito window. Let us know how it goes /MQ,257844,257843,Thu Oct 05 18:56:41 +0000 2017
16363,262187,"@SpotifyCares Hey KL, it doesn't actually work on the Desktop app. Is a Mac vs PC thing? I have the PC version installed on my work CPU, fwiw.","@262187 Hmm, that's odd! Can you let us know which Spotify version you're using? We'll see what we can suggest /KL",1683983,1683985,Mon Nov 06 18:24:59 +0000 2017
12431,413411,"@SpotifyCares I believe I've done everything here. Same WiFi, .mp3 format, etc...",@413411 Got it. Can you try to see if reinstalling the app on both of your devices with the steps at https://t.co/46sWVpIvlI does the trick? /DV,1250605,1250606,Mon Oct 16 17:54:56 +0000 2017
11807,402619,"@115888 we have a problem here (it's sounding ""Sky is a neighborhood"") https://t.co/4p94H1lokO",@402619 Hey there! That's not cool. Does logging out &gt; restarting the device &gt; logging back in help? Keep us posted /MX,1202998,1202996,Wed Oct 25 11:25:26 +0000 2017
27185,707606,@SpotifyCares Thank you so much 💓,"@707606 No worries! If you need us again, you know where to find us. https://t.co/uEkAlnxbzn 💚 /JN",2475177,2475179,Wed Nov 15 13:42:16 +0000 2017
29440,751103,"Hey @117168 @SpotifyCares, it's been years since Gary Barlow's ""Since I Saw You Last"" and Mark Owen's ""The Art of Doing Nothing""....think we could finally stream them? That'd be great.",@751103 Hey! We’ll have them available to you as soon as they're available to us! We have more info here: https://t.co/0i8GpimuDa /BD,2665986,2665984,Sun Nov 19 07:47:00 +0000 2017
11057,302074,"@SpotifyCares Worse customer satisfaction guaranteed, go to Apple Music. I've messaged spotify a few times no reply, we should petition..","@302074 Hey Robert, we'll continue to look into this for you. We'll send over a DM and check things out /J",1125884,1125883,Sun Oct 15 04:20:42 +0000 2017
11661,399659,@SpotifyCares my payment for premium doesn’t go through... help??,@399659 Hey! We've just sent you a DM 🙂 /RV,1189833,1189832,Sun Oct 15 14:45:47 +0000 2017
10665,378059,"@115888 @6443 why did you remove the @10789 ""the suburbs"" album? please return it",@378059 Hey! Sometimes content gets temporarily removed because of licensing changes. Hopefully we'll have it available again soon /NQ,1093445,1093444,Sun Oct 15 02:48:39 +0000 2017
3663,212633,"@SpotifyCares No problem, thanks for the help!","@212633 You're welcome! If you ever need us again, just give us a shout. We'd be... https://t.co/LgAM6ky9Vv 🙂 /LO",409460,409461,Mon Oct 09 23:11:26 +0000 2017
16487,394543,@SpotifyCares Thank you!,@394543 You're welcome! Let us know if you ever need us again. https://t.co/m4HWSbgHVZ 🙂 /LO,1694980,1694981,Tue Nov 07 01:57:48 +0000 2017
844,139566,@115888 I've been listening to a 3 minute song for 24 minutes now? It won't end and won't let me change songs. Already refreshed and reopened. https://t.co/DH0mg6K5VD,"@139566 Hey Matthew! That's not cool. Can you let us know the device, OS, and Spotify version you're rocking? /QI",106347,106346,Thu Nov 30 17:42:59 +0000 2017
5771,271203,"@SpotifyCares At what point in a search, specifically, for this band and this song would your engine decide ""now this is a guy that wants to sing it and not listen to it?"" https://t.co/9auK13H1p4","@271203 Hi there! Search results are based on popularity. No worries, we’ll get your feedback passed onto the right team. In the meantime, let us know if you have any other questions /FJ",637691,637689,Wed Nov 22 17:16:36 +0000 2017
20727,583644,@SpotifyCares Your About section for SOPHIE misgenders her and uses a dead name(?).,@583644 Hi Emily! Can you send us a link to her artist profile? We'll take a closer look /GT,1970246,1970244,Tue Oct 31 15:42:36 +0000 2017
20871,586031,"@SpotifyCares Saved songs/albums.

The hasty response is much appreciated ☺",@586031 You're welcome. There's currently a 10k limit in Your Music (Songs + Albums + Artists). More info here: https://t.co/59ABtm5Ftl 🙂 /AU,1979541,1979540,Tue Oct 31 20:29:00 +0000 2017
17051,420893,"@SpotifyCares MBPr, macOS 10.13.1, latest version of Spotify. It's been happening since macOS 10.13 was released, more details: https://t.co/KeoOrVYOj8","@420893 To clarify, this is happening to other apps too, right? What troubleshooting steps have you tried so far for Spotify? /CB",1747049,1747051,Tue Nov 07 18:38:16 +0000 2017
7013,300815,"@SpotifyCares why did your ""cloud service"" download 5gb of user data onto my phone","@300815 Hey there! Help's here. Can you let us know the device, operating system, and app version you're using? We'll see what we can suggest /PB",756592,756591,Wed Oct 11 17:02:41 +0000 2017
28033,724682,@SpotifyCares why do I have charges from you when I don't even own an account ☹☹☹☹☹☹,"@724682 Hi, we've just replied to your DMs. We'll carry on chatting there /SY",2550803,2550802,Mon Oct 30 13:25:00 +0000 2017
16368,511789,@117168 what do your boys have to do to get a track on this playlist? https://t.co/OVUknvgB92,@511789 Hey! Our Curation team are independent so there's no formal submission process. Check out https://t.co/6BMOmfiZvQ for more info 🙂 /M,1683997,1683996,Sat Nov 04 20:16:36 +0000 2017
2868,192956,"@SpotifyCares Hey - no, that didn't help :(",@192956 Could you send us the Spotify URI of the playlist? Just right-click the playlist &gt; Share &gt; URI. We'll take a look /KM,323068,323069,Sun Oct 08 09:20:31 +0000 2017
24183,653031,I was gonna buy @115888 but they took Long Haired Redneck by David Allan Coe off so really there's no point,@653031 Hi there! Sometimes content gets removed because of licensing or other legal issues. Hopefully we'll have it available again soon /LP,2239683,2239682,Fri Nov 10 14:48:57 +0000 2017
24977,665060,Why did @115888 deem @89835’s Christmas album explicit? Lol 😂😂😂😂 https://t.co/MD4ES31XLb,@665060 Hey there! Can you send us the Album Link? Just tap the three dots &gt; Share &gt; Copy Link. We'll take a look /NQ,2289244,2289243,Sun Nov 12 04:03:46 +0000 2017
24047,648594,@117168 please get some new software for targeting ads. I don't care about new country music lol. https://t.co/i015X4FJuy,@648594 Hey Fred! You can show your support for ads that are better suited to you by voting here: https://t.co/K6XELyTf62 /JP,2220697,2220696,Thu Oct 19 14:58:17 +0000 2017
29418,582478,@SpotifyCares Submitted my podcast to be reviewed to get on the service about a month ago. Will I ever know if I've been rejected/approved?,@582478 2: approval doesn’t guarantee it’ll be uploaded. We’ll be here if there’s anything else /AY,1964826,1964827,Tue Oct 31 06:47:38 +0000 2017
27903,618331,"@SpotifyCares Nope, there was no crash, this has been an on-going issue and no matter how many times I see the ads, I never get a full 30 minutes of ad-free music.","@618331 Thanks for confirming. Just to check, did you definitely watch the video ad that grants you 30 minutes ad-free listening in full after hearing the offer? /MU",2543089,2543091,Thu Nov 16 13:08:19 +0000 2017
8394,324691,"@SpotifyCares Iphone 6, IOS 11.0.3 (15A432), Spotify versio 8.4.22.515. no devices",@324691 Alright. Can you try reinstalling the app using the steps here: https://t.co/EqisDMwZAT? Keep us posted /LM,875185,875183,Fri Oct 20 18:22:59 +0000 2017
31158,791314,@115888 Hello there im looking for some help i have find something called Playlist Buddy and says i can use it to change all my Music from Spotify to Youtube and since they would be good so i can play it in a Discord Bot i was just wanting to know is it safe?.,@791314 Hi there! Thanks for the details. Could you send over your account's email address and username via DM? We'll check this out for you /NJ https://t.co/ldFdZRiNAt,2844612,2844611,Mon Nov 27 08:07:47 +0000 2017
11216,390101,Had a few issues with my Premium Spotify account - I've never received a better level of customer service. Impressed 👍 @SpotifyCares,@390101 Woohoo! This calls for a https://t.co/ArJFNes23V. Give us a shout if you need anything else /NQ,1147701,1147700,Sat Oct 14 20:31:17 +0000 2017
32921,817674,"Hi @SpotifyCares do you have any idea why my downloaded songs frequently skip when I play them from my phone? Literally sounds like a scratched CD. Kind of defeats the purpose, don't you think?

Thanks for taking the time.","@817674 Hey there! That's not cool. Does logging out, restarting your device, and logging back into Spotify help? Keep us posted /JI",2963328,2963326,Wed Nov 29 21:47:16 +0000 2017
21883,181184,@SpotifyCares is there anyway to contact the curators,"@181184 There's no way to do that, but you can check out the link that we've sent earlier for more info on how to gain visibility /LO",2053746,2053745,Fri Oct 06 04:15:39 +0000 2017
5097,253479,@SpotifyCares Xiaomi redmi note 3. I'm running Android 6.0.1 and I'm using Spotify 8.4.30.688.,"@253479 Thanks. Can you send us the Playlist Link? Just tap the three dots &gt; Share &gt; Copy Link. Also, what country is your account set to? /XF",568906,568908,Sun Dec 03 06:13:49 +0000 2017
28032,724681,With @115888 killing 42% of my battery for 1.4 hours background usage 👀,"@724681 Hey Emil, help's here! Can you let us know the device, OS, and Spotify version you're running? We'll see what we can suggest /DB",2550800,2550799,Mon Oct 30 13:34:58 +0000 2017
12153,408286,"@SpotifyCares Hi! Thank you for being so nice. I’m from Italy and I couldn’t see Wolves exclusive video on Spotify, probably because I’m not from US. 😊","@408286 Thanks for letting us know. Currently, the video is only available in the US, but you can enjoy the single here: https://t.co/EjUrcbZN6T /SY",1228869,1228871,Wed Oct 25 20:43:06 +0000 2017
2214,176622,@SpotifyCares Guess who? So when is spotify going to show some social responsibility? Explicit filter please! #ProveSpotifyCares @147836,@176622 @147836 Hi Duncan! We appreciate your thoughts on this requested feature. You can keep an eye out for any updates here: https://t.co/LQlWa1xbin /MK,254974,254976,Sat Oct 21 17:17:59 +0000 2017
9153,343374,"@SpotifyCares ...kidding? That was the 1st reply in that same thread, no use.","@343374 That doesn't sound good. Does logging out, restarting your device, then logging back in help at all? /QI",942274,942272,Sat Oct 21 12:34:31 +0000 2017
19993,573574,@SpotifyCares WHY IS 'THE CITY SLEEPS IN FLAMES' BY SCARY KIDS SCARING KIDS OFF SPOTIFY AGAIN,@573574 Hey there! Sometimes content gets temporarily removed because of licensing changes. Hopefully we'll have it available again soon /TB,1927302,1927301,Fri Oct 27 16:46:22 +0000 2017
31611,799989,"@SpotifyCares 
I want to know if you guys charge for the month past or coming month ??? Please answer me!!","@799989 Hi! We've sent a DM your way. If you could check your inbox, that'd be great /AY",2883728,2883727,Tue Nov 28 08:13:56 +0000 2017
21263,594608,"@115888 bro, I'm making a playlist for a reason.  Not just to hear suggested hill Billy ""I was born by the river"" music.  Any suggestions?","@594608 Hey there! To reduce the number of Suggested Tracks you get, try adding more artists into your playlists. We hope this clears things up /CH",2010808,2010807,Sun Nov 05 03:07:23 +0000 2017
15321,481913,"@115888 can you bring back ""Closer"" by The Tiny please?",@481913 Hey! Sometimes content gets temporarily removed because of licensing changes. Hopefully we'll have it available again soon /NQ,1559461,1559460,Tue Oct 17 03:54:49 +0000 2017
30848,784077,"S/O to @115888 @125633 for verifying my artist account. 
#Spotify #DynamicApollo https://t.co/1ZY8m24mzk","@784077 You're welcome, Dynamic Apollo! If you need us, just shout 🙂 /K",2811828,2811827,Wed Nov 22 02:46:19 +0000 2017
32214,273989,"@115888 I have a premium account;I keep getting an error message whenever I try to access my home or artist. Since you is not allowing me to play music. What’s the deal,please help.",@273989 Hey there! Everything should be running smoothly now. Let us know if this is still happening /GS,2917818,2917817,Tue Nov 28 21:07:37 +0000 2017
2919,194110,"@SpotifyCares Alright, thanks! I will subscribe to Spotify Premium today. ☺️",@194110 Awesome! Let us know if you ever need us again. We'd be... https://t.co/LgAM6ky9Vv 💚 /BP,327638,327641,Sat Nov 25 04:24:15 +0000 2017
28828,738833,When you need help from @SpotifyCares but there’s no phone number for customer service 😡😡😡😡,"@738833 Hey Ashley! We're afraid we don't have telephone support, but we've got your back. Can you tell us what's happening exactly? We're here to help /GK",2613408,2613407,Fri Nov 17 11:09:25 +0000 2017
21389,510200,Hello @115888 would you explain what is the meaning of this? Is this related to netflix series “Stranger Things”? https://t.co/ZMxIVgOG0K,"@510200 1: Hi Kaiser, thanks for reaching out! Yes, whenever you listen to compatible Stranger Things playlists, your device goes to the...",1677311,1677312,Mon Nov 06 14:16:33 +0000 2017
12180,408849,@SpotifyCares Wait I thought there was one! He instagrammed it!,"@408849 We don't have any info on this right now. If you ever need anything else, just shout and we'll come running 🏃 /JX",1231481,1231483,Wed Oct 25 21:14:41 +0000 2017
3249,203079,Should I Call Spotify Customer Service To Yell at them that I have not gone on Spotify yet???,"@203079 1: Hi Adrian! We're afraid we currently don't have telephone support, but we can help out here on Twitter.",367619,367618,Sun Oct 08 20:42:59 +0000 2017
1244,150783,@115888 when are you going to be available in Qatar I'm really annoyed,"@150783 Hi, help's here! We're launching regularly in countries around the world. Sign up here to be first to hear: https://t.co/XDwWzj7cLP. If you need anything else, just give us a shout /MY",152222,152221,Fri Nov 24 10:14:34 +0000 2017
7349,308524,"@SpotifyCares Wow, I really don't do twitter much anymore, just saw this now. It often doesn't load my library, the artists are there but no music.","@308524 Hey Jenn, nice hearing back from you! Does this happen when you stream your music online or when you listen to your downloaded tracks? /JN",790566,790568,Thu Oct 12 12:02:17 +0000 2017
2035,170416,@SpotifyCares Done! Thanks!!! 💝,@170416 No worries! We hope you have a... https://t.co/FQulrDtFky 💚 /DH,228279,228281,Wed Oct 11 13:17:18 +0000 2017
11766,401850,"@SpotifyCares I'm seeing conflicting information, am I capped at 1,333 songs offline or 10,000?","@401850 1: Hey! You can download up to 3,333 songs per device, on a maximum of 3 different devices. There's more info... /KB",1199565,1199566,Wed Oct 25 04:23:52 +0000 2017
18798,554393,"@115888 should have mixtapes too, I have to switch to spinrilla if I want to listen to @62196",@554393 Hey Ron! We’ve got some info about mixtapes here: https://t.co/MEjmIRL2eB. Give us a shout if you ever need help with anything else 🙂 /CH,1852473,1852472,Thu Oct 19 01:30:10 +0000 2017
30038,766867,@115888 I don’t pay you $11 a month  for edited song,"@766867 Hey there! Spotify doesn't censor the music, we make it available in whatever form it's given to us. Where possible, we have both versions available. There's some great info here you can check out: https://t.co/uKBxlsmKqi. Let us know if you need anything else 🙂 /TI",2736567,2736566,Mon Nov 20 17:59:42 +0000 2017
13843,445544,"@115888 @SpotifyCares 
You guys messed my Artist Name up on the site. Please fix it.",@445544 Hey there! You'll need to reach out to your distributor to get this fixed up. There's some more info here: https://t.co/wljA2WvAjK /TY,1400076,1400075,Sat Oct 28 16:40:33 +0000 2017
27838,721588,"@125449 @721589 @133691 @125633 @SpotifyCares i was at a spotify talk only a couple weeks ago and they were encouraging people to do it, so you must be able to",@721588 Hey! We recommend dropping a line to our Artist Services team: https://t.co/p1wbtdELHu. They'll be able to advise you further with this /K,2536613,2536612,Wed Nov 15 21:36:34 +0000 2017
3917,219163,why RBD is not on spotify??? @SpotifyCares,@219163 Hey there! Sometimes content gets temporarily removed because of licensing changes. Hopefully we'll have it available again soon. We have more info here: https://t.co/0i8GpimuDa /LO,438415,438413,Sat Nov 25 02:22:19 +0000 2017
31792,805030,@SpotifyCares Keep getting that error message on both my iPhone 7 and my iPad. I believe I've the most recent app. Was working fine up to about half an hour ago. My internet connection is fine so it's not that.,@805030 Thanks for getting back to us. Does logging out and logging back in help at all? Can you also try restarting your devices to see if it makes any difference? /NJ,2907344,2907349,Tue Nov 28 20:27:38 +0000 2017
8953,338375,yo @115888 @125633 you should add this song to your new music friday playlist 😉💛,@338375 2: Check out https://t.co/6BMOmfiZvQ to help you gain visibility /K,919985,919984,Sat Oct 21 04:19:23 +0000 2017
3449,206901,"@125633 Give us artist back the ""create playlist as artist"" option pleeeeease. We need that feature back! 😬","@206901 Hey there! We appreciate your feedback, and will be sure to pass it on to the right folks /KP",383711,383710,Mon Oct 23 18:29:01 +0000 2017
14096,452216,@SpotifyCares It's *their (majid Jordan is a duo),"@452216 Hi Karina! Thanks for the feedback - we appreciate it. If there's anything else that we can help with, just let us know. We'll be here /MT",1430547,1430549,Tue Oct 17 01:53:21 +0000 2017
9986,364090,"@SpotifyCares 
I want to add or remove members and it is not possible
Can you help me?",@364090 Hi! We've just replied to your DM. Let's carry on chatting there /JE,1031563,1031562,Thu Oct 12 17:56:12 +0000 2017
3821,216505,@115888 sucks at shuffling. It will only shuffle the last 3 albums of a bands total albums. This is the case for Emmure anyway.,@216505 Hey! We’ve recently made some improvements to our shuffle algorithm. We’d love to hear your feedback here: https://t.co/T3vZnSL3od /NQ,426779,426778,Mon Oct 09 23:13:21 +0000 2017
1483,156319,@115888 Can you pass on some great respect to the geeks who built the Spotify Connect stuff; it works really well.  It's really neat that my S2 Gear can control my phone which then controls my desktop spotify...  As a developer I appreciate the technological challenges.. #geek,"@156319 Hey Gordon, thanks for your kind words! If only we could get that sort of automation in other parts of our lives... https://t.co/5ovi5csbVt",172517,172516,Fri Nov 24 17:14:42 +0000 2017
27399,711378,"@SpotifyCares iOS 11.1.2

Thanks","@711378 We'll take note of it. To check your version of Spotify head to Settings &gt; About. Does logging out, restarting your device, and logging back in help at all? /YM",2491628,2491626,Tue Nov 21 06:30:58 +0000 2017
17148,528925,@SpotifyCares thank you!,@528925 Sure thing! Hope you have a nice day ✌️ /JE,1756618,1756617,Tue Oct 17 20:55:26 +0000 2017
30173,732889,@SpotifyCares Yes,@732889 Alright. Can you tell us more about the issue you're having? We'll see what we can suggest /LO,2750584,2750582,Tue Nov 21 00:23:31 +0000 2017
11073,385696,@SpotifyCares Maybe it's related to the current Android 8.0.0 version of Google phones or a problem with de previous security patch. Plz fix this. Thanks,"@385696 Got it. We're currently looking in to this. For now, let us know if there's anything else we can help with /DB",1126865,1126866,Sun Oct 15 14:32:00 +0000 2017
28658,736079,"Miksei @115888 :ssä enää pysty kuuntelemaan toistolla valittua biisiä Miksi yhtäkkiä soi Metallica,kun oon valinnut Queenin @SpotifyCares ?","@736079 Hey there! We don't offer support in Finnish, but we can help you out in English. If you want to continue here, can you give us more info on what's happening? We'll see what we can do /NS",2600305,2600303,Fri Nov 17 06:38:54 +0000 2017
5192,254714,"@115888 I just subscribed to the Php 1290/year promo, but I'm already a premium user. Does that mean that I won't be charged the monthly Php129 starting today, until my 1 year subscription expires?",@254714 Hi Dylan! The cavalry's here. We've just sent you a bit more info over DM. We'll carry on helping out there /JS,44330,573203,Sun Dec 03 05:02:47 +0000 2017
32850,816042,@SpotifyCares Thanks for letting me know! Is there a reason that full lyrics aren’t made accessible to all listeners like it was a few years ago?,"@816042 We're afraid we don't have any specifc info to share, but we're always testing things in order to improve Spotify. Head here: https://t.co/j814g9vkRT. On another note, you can support the lyrics feature idea by voting at https://t.co/uyKzeW1er0 /JE",2956311,2956313,Wed Nov 29 19:54:21 +0000 2017
17284,531356,"@SpotifyCares btw I followed your instructions and it seems to have stopped happening, tho I've been out of town for a couple days

ty!",@531356 Fantastic news! Give us a shout if it starts misbehaving again; we're always here to help /GT,1767052,1767053,Sun Nov 12 16:45:03 +0000 2017
12712,417345,@SpotifyCares  https://t.co/6NoQK7INsn,@417345 We've just replied to your DM. Let's carry on chatting there 🙂 /PX,1269988,1269990,Mon Oct 16 15:43:53 +0000 2017
25807,676190,@115888 PUT FLICKER ON ALREADY,@676190 Hey Grace! Help's here. Is this what you're looking for: https://t.co/qU9JrSVTFM? /DD,2337108,2337107,Fri Oct 20 03:34:52 +0000 2017
32535,809660,@SpotifyCares Galaxy s5,@809660 Hey Scotty! Help's here. What's happening exactly? Can you fire over the Android and Spotify versions you're using? /JS,2926300,2926299,Thu Jul 20 23:27:24 +0000 2017
31999,806610,@115888 you wanna explain why I’m paying $9.99 a month for this? Also your desktop app crashes @116230 frequently https://t.co/4saQKEtMB1,"@806610 Hey Colin! We had a little hiccup backstage, but it should be working now. We're here if you need us 🙂 /GN",2913835,2913834,Tue Nov 28 20:42:21 +0000 2017
19581,566196,"@SpotifyCares my Xmas playlist used to have about 3,000 songs on it, now it has 1801. I know that sounds crazy, but I’m bummed! Where r they",@566196 Hey Bridgette! Sometimes content gets temporarily removed because of licensing changes. Hopefully we'll have it all available again soon /TB,1899885,1899884,Mon Oct 23 18:58:39 +0000 2017
16632,516363,"Hi @SpotifyCares, what is ""SPOTIAMB"" &amp; why is it playing shite music on my phone?","@516363 Hey Jon, we’re sorry to hear that. Check out https://t.co/QHn3ok8y2n for what to do next /TB",1703344,1703342,Mon Nov 06 19:58:15 +0000 2017
8046,322348,@SpotifyCares Was there first - does not answer either question,"@322348 Can you try going to the playlist that you want to sort? Then click on the column, it should arrange it alphabetically. Keep us posted /GU",851848,851850,Fri Oct 20 15:47:21 +0000 2017
26474,691176,"@147836 It would be great to have ""Local Music"" section while traveling abroad. I know that the music is there if you know the name of the local artists, but it would be more comfortable to have a section within the app where you can see the local music according to your locatio","@691176 @147836 Hey, this sounds like a great idea! Suggest it in our Community at https://t.co/rtDvYZOF32 and get support from other users /K",2402467,2402466,Tue Nov 14 10:24:00 +0000 2017
28931,739994,@115888 hello tf I wanted to spend my Friday crying WHILE listening to red velvet's new album but I'm only doing one of it now??,"@739994 Hey there! Just to clarify, are you only able to play one song from their new album? Can you send us the Album Link? Just tap the three dots &gt; Share &gt; Copy Link. What country is your account set to? /JP",2618522,2618521,Fri Nov 17 13:58:09 +0000 2017
17226,530158,@SpotifyCares OK so why haven't these appeared then??? These have been like this for months https://t.co/d2bradHedC,@530158 1: We're afraid we don't have any more info on why the tracks shown on the screenshot you've sent are still unavailable. Fingers crossed...,1761825,1761828,Wed Oct 18 00:19:08 +0000 2017
6420,286442,"@SpotifyCares I use a Samsung Galaxy. No matter what song I play, they all skip multiple times.",@286442 Can you also send us the Android and Spotify versions you're running? /LO,697632,697630,Thu Oct 05 23:14:11 +0000 2017
24311,654610,I seriously don’t know how to use Spotify,"@654610 Hey Mary! If you need any help, just give us a shout. We're here for you 🙂 /LP",2246059,2246058,Fri Nov 10 22:22:39 +0000 2017
9351,348742,@SpotifyCares Great. So now the official way is to create a “downloads” playlist and download that playlist? That sounds hacky af.,@348742 We hear you 🎧 Rest assured your feedback will be passed on to the right folks /DF,963746,963745,Sat Oct 21 19:04:11 +0000 2017
10507,373827,"@SpotifyCares After—however, the playlist is set on shuffle &amp; repeat.","@373827 Alright! In this case, head to your Spotify settings and turn off Autoplay. That should take care of this inconvenience. Keep us posted /BH",1075790,1075789,Sun Oct 15 00:17:52 +0000 2017
17446,534229,"@115888 will I ever be able to download more than 3333 songs? Or save more albums?
#musicfreak","@534229 Hey Steven! We're afraid we don't have info about that, but we'll pass your feedback on to the relevant folks ✌️ /GS",1778063,1778062,Wed Nov 08 00:19:20 +0000 2017
31049,777595,@SpotifyCares Oh come on. Help us all out and just put it on 💃🏼,"@777595 We hear you 🎧 Rest assured, your feedback will be passed on to the right folks /DF",2829072,2829073,Mon Nov 27 21:48:56 +0000 2017
30772,724388,@SpotifyCares will @209394’s Purple Reign mixtape and @19279’s Days Before Rodeo ever be added to Spotify?,"@724388 Hey Rob! We’d love to have all of their stuff available, but we have some info about content here: https://t.co/0i8Gpi4TeA /AN",2803540,2803539,Wed Nov 22 00:36:53 +0000 2017
12767,413856,help help please @SpotifyCares !! trying to join wife's premium family plan but can't seem to join. heeelp!! invite to __email__,"@413856 1: Hey, help's here! We'd suggest deleting your previous tweet as it contains your email address. Can you DM it to us instead... /NQ",1252707,1252708,Mon Oct 16 01:44:41 +0000 2017
23360,507557,@SpotifyCares Thank you!,@507557 Awesome! Let us know if you ever need us again. We'd be happy to help you out 🙂 /JF,2176177,2176176,Sun Nov 19 19:13:10 +0000 2017
25907,446331,@SpotifyCares Please check DMs!,@446331 Sorry to keep you waiting! We've just replied to your DM. Let's continue chatting there /GT,2342547,2342546,Mon Nov 13 13:03:28 +0000 2017
8920,337501,@115888 ever since I ended my sub with you I can't play music through the app anymore. What gives ?,"@337501 Hi Laura! Help's here. Can you let us know your device, operating system, and app version? We'll see what we can suggest /MU",916069,916067,Sat Oct 21 08:25:06 +0000 2017
26621,584375,Ugh I want to sign up for the @115888 /Hulu student but apprently Im not a student of my own university @-@?! Ugh,"@584375 2: For more info, click here: https://t.co/hAqefUikr2 /AU",1973037,1973038,Tue Nov 14 16:22:27 +0000 2017
3316,204824,@SpotifyCares Premium. How do I upgrade to a Petty Premium that only plays Tom Petty? I don’t need any additional music (except maybe traveling Wilburys),@204824 We're afraid we don't have such offers at the moment. We'd suggest following his profile instead: https://t.co/z13YsqDkoY /MG,374589,374591,Tue Oct 10 02:37:46 +0000 2017
9177,344454,"@SpotifyCares I got the premium 1 year package and wasn't aware that it takes money from my account, it took $119 and I need that money back",@344454 Hi! We've just sent a DM your way. Let's carry on chatting there /JN,946517,946516,Wed Oct 11 07:39:29 +0000 2017
11675,399881,Can somebody tell me we why I can‘t activate the mobile data for @115888 on my phone???,@399881 Hi Sophie! Can you let us know what's happening exactly? Are you getting any specific error messages? We'll do our best to help out /NJ,1190780,1190778,Sat Nov 25 10:28:11 +0000 2017
30626,778605,@115888 Why is the website not working? And just had my money taken yet my premium isn't working. Not on...😒,@778605 We've just sent a DM your way. Let's carry on chatting there /CG,2789436,2789435,Tue Nov 21 19:18:34 +0000 2017
22719,622521,". @116130 please tell me there is a way to blacklist Frank Ocean from EVER appearing on my Discover Weekly/Spotify in general. #HesDeadToMe please stop recommending him, we ain't friends.",@622521 1: Hi. We're sorry you feel that way. We're afraid it isn't possible to blacklist artists from appearing in the Spotify app. Rest...,2110191,2110194,Wed Nov 08 12:01:59 +0000 2017
8373,327651,"was listening to music on spotify then suddenly someone just showed me the finger by playing a song named ""fuck you""","@327651 Hey there, we've just replied to your DM. We'll carry on helping there /JX",874647,874646,Mon Oct 09 20:55:10 +0000 2017
12556,415610,"@SpotifyCares Windows 7 enterprise. I can load library and artists but nothing will play. Have checked Chrome settings, deleted cache etc.",@415610 Thanks. Are you getting any error messages? Does logging out &gt; restarting your device &gt; logging back in make a difference? /AY,1261984,1261981,Thu Oct 26 10:16:14 +0000 2017
6240,281543,@115888 please add Rise and Fall - Into Oblivion,"@281543 Hey! Fingers crossed we'll be able to have it soon, but there's info about Spotify content here: https://t.co/0i8GpimuDa /RH",677111,677110,Thu Nov 23 03:50:01 +0000 2017
12015,406106,@SpotifyCares This track is a demo rather than album version,"@406106 2: relevant folks. In the mean time, if there's anything else we can help with, just give us a shout 🙂 /CH",1219441,1219442,Thu Oct 26 05:35:52 +0000 2017
11897,403950,It's so inconvenient that @116130 got rid of the inbox feature. It's so much more long winded to send songs to @403951 now 😫,"@403950 Hey Robyn, we have some info about this here: https://t.co/xW1fRS96NG. Give us a shout if you have any other questions /RE",1209603,1209602,Wed Oct 25 09:42:28 +0000 2017
28089,723973,@SpotifyCares @725075 @6860 @115888 Why not just say that?,@723973 Sorry for the confusion. Could this be the one you're looking for: https://t.co/vzWbxC013c? /AR,2552704,2552707,Thu Nov 16 23:54:34 +0000 2017
10841,380222,"@SpotifyCares Hello, I would like to know why the offer is not available in QUEBEC. Thank you","@380222 Sorry, we're still not sure we understand. Can you clarify which offer specifically? We'll hang tight /WW",1102759,1102761,Mon Oct 23 23:29:33 +0000 2017
7793,318427,@SpotifyCares It wasn't like this before which makes me suspect the SD card - it's a decent one though with a high read/write speed. I'll log out now.,@318427 Sounds good. We'll be on the lookout for your update /AY,833229,833228,Fri Oct 13 06:38:24 +0000 2017
14029,451064,@115888 how many times do I have to tell you that I hate Modest Mouse,@451064 Hi Taylor! The cavalry's here. What's happening exactly? We'll see what we can do /AU,1424983,1424982,Fri Aug 04 19:25:25 +0000 2017
23909,646231,@115888 can we PLEASE make this a normal interface??😩😍 https://t.co/25QjrOOKhk,@646231 Let us know if you ever need us again. We'd be... https://t.co/LgAM6ky9Vv /AN,2210960,2210961,Fri Nov 10 01:59:46 +0000 2017
14751,470035,@SpotifyCares I have a USA account. The link isn't on Spotify anymore since a few weeks ago. Here's the URL https://t.co/BzGVJ8susw,@470035 Thanks! Sometimes content gets temporarily removed because of licensing changes. Hopefully we'll have it available again soon! /MX,1508131,1508133,Fri Nov 03 18:20:34 +0000 2017
28697,578611,My @115888 playlists play on shuffle even if I din’t play them on shuffle.,"@578611 Hi John! What's the exact device, operating system, and Spotify app version you're using? Does logging out and logging back in help at all? We'll see what we can suggest /NJ",2603343,2603341,Sun Nov 26 11:02:15 +0000 2017
12466,413857,"@SpotifyCares It happens on Wi-Fi and data. Also, I have the latest version of Spotify.",@413857 Thanks for the info. Best thing to try here is a clean reinstall. Just follow the exact steps at https://t.co/EqisDMwZAT. Keep us posted /RK,1252713,1252714,Mon Oct 16 04:40:45 +0000 2017
19196,321060,"@SpotifyCares I mean it’s cool to do podcasts, but let me just have music if that’s all I want",@321060 We hear you! We'll be sure to let the relevant folks know about your comments /AR,1869706,1869708,Thu Oct 19 22:24:50 +0000 2017
13605,438117,"@SpotifyCares nah the payment is not pending, its been deducted","@438117 2:  show your full credit card number, expiration date, or 3-digit code for privacy reasons. We'll take a look backstage /MG https://t.co/ldFdZRiNAt",1366571,1366573,Sat Oct 28 03:51:41 +0000 2017
30015,766434,@SpotifyCares When you guys gonna launch in India??,"@766434 Hey! We don't have any info about this, but we're launching regularly in countries around the world. Sign up here to be first to hear: https://t.co/XDwWzj7cLP /JP",2734636,2734635,Mon Nov 20 19:11:27 +0000 2017
18976,555900,"@SpotifyCares ... their Facebook accounts on Spotify but when I search for my Friends it says ""none of your friends use Spotify"". [2/2].","@555900 Hey Ilona, help's here! Can you let us know the device, operating system, and Spotify version you're using? We'll take a look backstage /JE",1859304,1859302,Thu Oct 19 14:57:38 +0000 2017
32838,815710,"@SpotifyCares My current phone contract includes Spotify premium &amp; is due to finish next month so I’m looking for a better mobile deal.

Once it’s cancelled, can I re-enable my Spotify subscription directly w/ you and, if so, will my playlists remain intact? Thanks.","@815710 Hey there, not to worry! You can absolutely subscribe directly through Spotify, just head here to get started: https://t.co/WB5TSxRfDe. Your playlists will remain intact for you as well. Hope this helps /JX",2954678,2954676,Wed Nov 29 18:10:45 +0000 2017
15987,502314,@115888 how is the web app so dysfunctional,@502314 Hey there! Can you let us know what's problems are you having with the app? We'll help out /AR,1643546,1643545,Sun Nov 05 22:41:39 +0000 2017
1289,127494,@SpotifyCares I’ve reached my maximum number of downloads is that an achievement? 😂,"@127494 Hey Andros, congratulations! That is quite an achievement. Don't forget to share your... https://t.co/Jfm9LzQy42 🎉 /LX",156978,156977,Fri Nov 24 15:25:05 +0000 2017
18875,393132,@SpotifyCares Where? I don’t want to create a playlist. Just want a list of songs... https://t.co/JymNzTKBQr,"@393132 You can open each of the artist's albums to view their songs, so putting your favorites in a playlist would be super useful /CX",1855400,1855402,Thu Oct 19 08:34:13 +0000 2017
29540,144390,@SpotifyCares  https://t.co/JohbNV4r7L,@144390 Does this issue happen on other devices as well? Can you also send over the exact OS X version on your computer? /NJ,2682404,2682406,Tue Oct 31 16:20:23 +0000 2017
13762,442721,@SpotifyCares  https://t.co/tBtLxE80BR,@442721 Thanks. Can you try logging out &gt; restarting your phone &gt; logging back in? Let us know if that makes a difference /RH,1386905,1386904,Wed Nov 01 22:39:11 +0000 2017
29733,732079,@SpotifyCares That's awesome. Thanks!,@732079 No worries! Feel free to get back in touch if you have any other questions 🙂 /JL,2706995,2706997,Mon Nov 20 00:06:47 +0000 2017
24962,664913,@147836 Would be great to see rearrange songs in a play list on Android. Spotify has the best organizer tools on desktop. Mobile please 😌,"@664913 @147836 Hi Joseph! We understand your frustration. Rest assured, we monitor all feedback in our Community. We'll post any updates there /T",2288653,2288651,Tue Sep 05 03:17:40 +0000 2017
21378,507447,"@191335 Öğrenci olduğuma dair belgeyi gönderecekken ""dosya seç"" ikonu dosya seçemedi ve ""geri"" tuşuna basmamla parayı çektiğinizle kaldık.","@507447 1: Hey! We suggest deleting your tweet with screenshots as it contains private info. Also, we can help out in English via Twitter, but...",1665447,2023348,Mon Nov 06 09:32:20 +0000 2017
378,127242,@SpotifyCares pls check your DMs,@127242 Hey there! We've just sent a DM your way. Let's carry on chatting there /AU,50182,50181,Wed Nov 01 17:28:52 +0000 2017
24031,648416,@115888 4.990 atau 49.990?,"@648416 Hey! We have Indonesian support via email at https://t.co/ZgU70TbP8M, but we can help out in English here on Twitter. Can you let us know what's happening exactly? We'll see what we can suggest /KM",77700,2219841,Sun Nov 26 03:52:38 +0000 2017
1787,162936,@115888 if you made speakers with the same functionality as Sonos (sound quality too) you'd take over the world,"@162936 We hear you loud and clear, Jamie! Your feedback has been noted and passed onto the team 👊🏼 /MA",199174,199172,Wed Oct 04 10:57:14 +0000 2017
31178,481852,@SpotifyCares why don’t you have lyrics to song OR the ability to send to their users’ inboxes anymore? @115948 has lyrics to every song pretty easily...,@481852 We can see how that’d be handy. Thanks for taking the time to reach out – your feedback's been noted 📝 /DF,2848290,2848288,Mon Nov 27 12:44:29 +0000 2017
6966,299297,I wanna switch back to @115888 but how will I get all my songs over?! 😭,"@299297 Hi there, we're here to lend a hand. Can you let us know what's happening exactly? We'll do our best to help out /AK",750077,750076,Sat Oct 07 02:25:39 +0000 2017
31819,805342,@117153 you down? Can’t search or do anything that’s not already downloaded. iPhone 6.,@805342 Hey Graeme! That doesn't sound right. What iOS and Spotify versions are you using? Are you getting any error messages? A screenshot of the issue would also help. We'll see what we can suggest /LP,2908683,2908681,Tue Nov 28 20:26:39 +0000 2017
2961,194815,"Anyone having an issue connecting Spotify in your car? 

Cc: @115888 @SpotifyCares @3493","@194815 Hey there, help's here! What kind of issues are you having? We'll see what we can suggest 😁 /DH",331021,331019,Sat Oct 07 15:12:51 +0000 2017
20786,584379,@191335 @SpotifyCares How do you process user data for weekly discovery? As fan of @112075 why did I start the week with song of @112076 who is the biggest competitor of @112075 ? https://t.co/lEf3cISAyf,"@584379 Hi İbrahim! Discover Weekly is based on what you're listening to. Hopefully, it’s more in tune with your tastes next week /AU",1973061,1973060,Tue Nov 14 16:59:21 +0000 2017
574,131449,"@SpotifyCares Thanks, I didn't know this was a thing!","@131449 Sure thing! If you need us again, you know where to find us. Enjoy your music 🎧 /JN",67658,67660,Thu Nov 30 09:24:55 +0000 2017
11956,405608,@SpotifyCares Doh... pilot error.. Spotify not latest version. Updated and problems gone. Thanks.,@405608 Great! Glad to hear it's working. Just let us know if we can help with anything else. https://t.co/m4HWSbgHVZ /PB,1217102,1217104,Wed Oct 25 14:39:25 +0000 2017
7072,254907,@SpotifyCares No issue on Android app on phone. Could be interference from local files on desktop?,"@254907 Possibly. We'd suggest, once you have access to your computer, removing the local files source and see what happens. Keep us posted /JP",763018,763019,Tue Oct 03 20:46:01 +0000 2017
26475,691177,@SpotifyCares hey guys How long does it take for Artist verification? I have been waiting for quite a while,@691177 Hi there! We have some info about the verification process at https://t.co/aR6VNZNfsw. Let us know if you have any other questions /NY,2402473,2402470,Tue Nov 14 13:12:09 +0000 2017
15527,487883,.@115888 you’ve had two months to optimize your app for iPhone X. Please release an update soon or I’ll be switching over to Apple Music.,"@487883 Hey! Don't worry, we're on it. Our developers are looking into this, and we'll keep everyone updated /DF",1585726,1585725,Sat Nov 04 15:20:53 +0000 2017
891,140870,@SpotifyCares Thank you for your time,@140870 No worries! Just give us a shout if you ever need any help. We're more than happy to lend a hand /TB,111982,111983,Thu Nov 23 21:00:07 +0000 2017
15616,401713,@SpotifyCares Always have automatic downloads on 😬,@401713 Awesome! Have a https://t.co/FQulrDtFky 😁 /LP,1595419,1595418,Sat Nov 04 21:54:53 +0000 2017
30625,778604,Why is '03 Bonnie and Clyde not on @115888,"@778604 Hey Brittany! Fingers crossed we'll be able to have it back soon, but there's info about Spotify content here: https://t.co/0i8GpimuDa /JO",2789434,2789433,Tue Nov 21 18:10:50 +0000 2017
18460,550379,Srsly @115888? 😒 https://t.co/55uA9rLoCI,"@550379 Hi, Discover Weekly is based on what you, and others like you, are listening to. Hopefully it’s more in tune with your tastes next week! /PB",1835139,1835138,Wed Oct 18 14:37:41 +0000 2017
22443,618963,"@SpotifyCares mac book pro 15"" 2016 model. spotify 1.0.65.320.gac7a8e02.",@618963 Got it. Can you try logging out and back in again? Does that make any difference? /GK,2095107,2095106,Wed Nov 08 07:50:08 +0000 2017
22095,610711,@SpotifyCares my Spotify isn’t connecting to my headphones.,"@610711 Hey Hannah! What device and Spotify version are you using? Also, what headphones are you trying to use? We'll see what we can suggest /BH",2065166,2065165,Sat Oct 07 19:27:04 +0000 2017
25278,667716,"@SpotifyCares I have solved it with customer support by email, thanks anyway :)",@667716 Nice. Glad to hear it's all good  now. Just let us know if we can help with anything else. https://t.co/m4HWSbgHVZ /GK,2300618,2300620,Mon Nov 13 11:29:34 +0000 2017
18680,553389,@SpotifyCares Thanks so much✌❤🙏,"@553389 Anytime! If you ever need anything else, just shout and we'll come running 🏃 /JX",1847868,1847870,Thu Oct 19 21:51:54 +0000 2017
28341,210396,@SpotifyCares Its becoming inbearable. I cant listen to anything with headphones in. I am going to unsubscribe from premium if it continues,"@210396 We understand. Can you shoot us a DM of your account's username or email address, and the date when it last happened. We'll see what we can suggest /PK https://t.co/ldFdZRiNAt",2577788,2577789,Tue Nov 28 06:57:45 +0000 2017
26550,199409,@SpotifyCares I don't need a family package,@199409 We understand. We've already passed on the suggestion for more offers to the relevant folks. Fingers crossed we'll have one for you /PB,2407015,2407014,Tue Nov 14 15:32:00 +0000 2017
24044,648424,@115888 I want u but i dont even know how to pay this shit,@648424 Hey! Can you fire over your account's email address or username via DM? We'll see what we can suggest /RC https://t.co/ldFdZRiNAt,590155,2219870,Sun Nov 26 13:41:08 +0000 2017
3503,208172,"listening to the @7990  podcast #Page94 on Android and finding they are in reverse order, just a heads up @SpotifyCares","@208172 Hi David, help's here! We'd suggest trying out the steps here: https://t.co/5hjtm5AdqM. Let us know how it plays out /NY",389435,389433,Mon Oct 09 14:52:07 +0000 2017
11743,401560,@115888 @117168 @SpotifyCares Please provide music videos too then we can end this YouTube dilemma,"@401560 Hey Tessa! This isn't currently available, but you can vote for the idea at https://t.co/ExzAphXe8b to help make it happen 🙂 /AR",1198373,1198372,Wed Oct 25 02:54:19 +0000 2017
8146,323993,"@SpotifyCares your web player doesn't PLAY. Chrome browser cleared cache, cookies, history, etc. It loads, but won't play =\","@323993 Hey there! That's not cool. Just to check, are you getting any error messages? If so, could you send us a screenshot? /GU",859145,859144,Fri Oct 13 13:31:55 +0000 2017
26076,682001,@115888 Free desktop version lose the shuffle function for only the songs of that artist you are listening to? Mine is skipping to various artists instead of just the one.,@682001 Hi Aaron! The Free version shuffles to similar tracks from other artists to what you're playing. More info here: https://t.co/MInQRSMgzZ /LS,2361921,2361919,Mon Nov 13 19:36:09 +0000 2017
22141,611100,@SpotifyCares how to redeem the code? Thanks :),@611100 Hey! We've just sent you a DM. Check it out 🙂 /NY,2066483,2066482,Sun Nov 26 00:25:35 +0000 2017
10674,186387,Hi @SpotifyCares I'm not able to sign up to @115888. I don't understand the problem.,@186387 Hey there! Could you tell us what's happening exactly? We'll see what we can suggest /DF,1094488,1094486,Mon Oct 23 18:06:31 +0000 2017
5427,264089,"@SpotifyCares I am trying to use hulu with my premium for students + hulu package and it keeps saying ""We’re having trouble authorizing your account with Spotify. Please contact Spotify support to help resolve this issue.""","@264089 Hey Matt, help's here. Can you fire over your account's email address or username via DM? We'll take a look under the hood /AY https://t.co/ldFdZRiNAt",606293,606292,Wed Nov 22 07:28:42 +0000 2017
21596,602504,@115888 your connect to a device feature really sucks,"@602504 Hey! Can you tell us what's happening exactly? Also, can you tell us what device, operating system, and Spotify version you're using? /CH",2037685,2037684,Tue Nov 07 02:04:45 +0000 2017
8629,332139,@SpotifyCares  I need help with my account 😩,@332139 Hi Melanie! The cavalry's here. What's happening exactly? We'll see what we can do /AU,893403,893402,Fri Oct 20 20:37:29 +0000 2017
27419,711579,@SpotifyCares Hi again. I followed your links and advice. Completed the I still need help form and have heard nothing? Very concerned about data security as presumably the hacker still has access to my account.,@711579 We understand. We recommend reaching out to us here: https://t.co/EQsHGd5NCy. They'll be the best folks to help out with this /CG,2492568,2492570,Wed Nov 15 21:40:23 +0000 2017
23169,634070,"I need to know why ""Breaking News"" by @5515 isn't on @115888....","@634070 Hey there! Fingers crossed we'll be able to have it soon, but there's info about Spotify content here: https://t.co/0i8GpimuDa /LO",2158639,2158638,Thu Nov 09 01:49:46 +0000 2017
10360,371584,"@SpotifyCares does this with every song from Avanged Sevenfold. also i looked on the community site, and seems like i'm not the only one with this issue","@371584 Alright. Just to confirm, Is this message popping up both on mobile devices and PC? Also, do you have these songs saved as local files? /BH",1065554,1065555,Sat Oct 14 22:47:20 +0000 2017
14157,454333,@115888 where do I get support with issues the community cant help me with?,@454333 Hey! Can you let us know what's happening exactly? We'll see what we can do to help /CX,1440745,1440742,Thu Nov 02 10:18:57 +0000 2017
30547,777243,"@SpotifyCares NVM, it's working again :-)","@777243 Hi Joel! Thanks for keeping us posted. If it happens again, let us know and we'll dig deeper. Otherwise... https://t.co/M9DGmitf5G 🙂 /LP",2783491,2783490,Tue Nov 21 17:20:44 +0000 2017
9686,356515,"@115888 remove the ""Share my activity to Facebook"" feauture!!!??? you morons!","@356515 Hey! Sorry to hear you feel that way. Rest assured, we'll let the right folks know it's something you'd like to see again in the future /MO",998905,998904,Thu Oct 12 04:06:52 +0000 2017
10513,374007,"@118266 bisa minta tolong dicek, akun saya ketagih 2x. Dicek di tnda terima pmblian tgl 14 okt tidak ada. Thanks https://t.co/gUtFSIJ2Uf","@374007 1: Hey! We have Indonesian support via email at https://t.co/ZgU70TbP8M, but we can also help out in English via Twitter.",1076466,1076467,Sat Oct 14 23:26:16 +0000 2017
7887,319833,@115888 can I get a job making playlists at ur establishment cause this whole college thing is stressing a hoe out,"@319833 Hey there! For any job openings, you can check here: https://t.co/c1Z94oBFOl, or contact the folks at @7997 /NS",839952,839951,Fri Oct 13 02:21:56 +0000 2017
5226,255190,"Hi, @SpotifyCares. Skengdo &amp; AM's 2Bunny Mixtape and some of their other releases are solely being attributed to Skengdo, with 'A!M' being listed as a feature. AM doesn't even seem to have his own artist profile.",@255190 Hey James! Can you send us the Spotify URIs? Just right-click the album/tracks &gt; Share &gt; URI. We'll check this out for you /RE,574710,574709,Sun Dec 03 05:37:18 +0000 2017
29009,740998,"@SpotifyCares It’s lowkey crazy, because Holland never pays with credit cards, everyone uses iDeal, most of them are students like me.",@740998 We can see how that’d be handy. Thanks for taking the time to reach out – your feedback's been noted 📝 /DF,2622853,2622855,Fri Nov 17 16:40:30 +0000 2017
12523,415067,"@SpotifyCares Have restarted app, rebooted Macbook, logged out &amp; back in to Spotify, ran the installer from the website, no change to the date. 🙃 https://t.co/cS8pCHWNBb",@415067 That's odd. Can you send us the album links? We'll take a closer look /MU,1259372,1259370,Thu Oct 26 08:48:06 +0000 2017
32673,811930,@115888 Hi @SpotifyCares I have sent message po regarding my query about premium acct. Thanks in advance!,@811930 Hey! We've just replied to your DM. Let's carry on chatting there /KM,44393,2937145,Wed Nov 29 11:50:54 +0000 2017
25038,665382,@SpotifyCares still waiting on y’all to find a solution to my problem!,@665382 Hey! We've replied to your DM. Check it out and we'll continue over there /RC,2290706,2290705,Sun Nov 12 08:19:05 +0000 2017
26995,703611,@115888 you need  to update  for iPhone X like it’s been a minute update kinda getting pissed,@703611 Hi! We understand - we’re working on it as we speak. Stay tuned /RB,2456264,2456262,Wed Nov 15 04:21:47 +0000 2017
8414,328072,"J-pop isn't Spotify's strongest feature. A lot of important idol and band is missing, having incomplete discography, or just a few songs.","@328072 1: Hey there! Sometimes, it all comes down to licensing matters. More info on this here: https://t.co/YlV1IAXwsi.",876413,876414,Fri Oct 20 17:44:04 +0000 2017
1338,153457,@SpotifyCares Hi I didn't have enough money in my bank account linked to my Spotify premium and was put back to free. I have since payed it and my iTunes says that it's active but the app won't allow me to access premium only the free subscription. I'm on iOs __email__,"@153457 It seems the system was unable to process your payment. We’d recommend reaching out to iTunes for more information on the charge. Any other questions, feel free to give us a shout /TF",162239,162237,Fri Nov 24 17:50:02 +0000 2017
29341,748206,@SpotifyCares United States homie,@748206 Thanks! Sometimes content gets temporarily removed because of licensing changes. Hopefully we'll have it available again in the US soon. There's more info about Spotify content here: https://t.co/0i8GpimuDa. We hope this clears things up /CH,2653078,2653077,Sun Nov 19 05:56:04 +0000 2017
15778,495080,@SpotifyCares I must admit I’m baffled by your app. Things are downloded to my phone that I don’t want to be.,@495080 Hey Jacob! Could you let us know what's happening exactly? We'll see what we can suggest /PL,1613869,1613866,Sun Nov 05 10:09:07 +0000 2017
9302,348347,@115888 can you put sixbomb on spotify,@348347 Hey Logan. We’ll have it available to you as soon as it's available to us! https://t.co/0i8GpimuDa /BH,962304,962303,Sat Oct 21 16:59:04 +0000 2017
7137,304408,"@SpotifyCares Thank you, switching to an incognito window seems to have solved the problem.","@304408 Awesome! We're glad that worked out. Let us know if you need us again, we'll be right here waiting 🙂 /JQ",772045,772044,Thu Oct 12 00:32:07 +0000 2017
927,141622,"@115888 will you optimise spotify for galaxy note 8?
And since I'm coming from iOS, can't you add gestures for ""queue"" and ""add to my songs,"" it's really useful",@141622 Hey there! Thanks for the feedback. We'll make sure to pass your suggestion about the gestures on to the right folks. Are you having issues using Spotify on your Galaxy Note 8? /PC,115233,115231,Thu Nov 23 15:31:16 +0000 2017
20792,584385,"hey @117168 whose in charge of those ""this is"" collections of an artist once theyve passed or something? I'd like to request one for my dad Bobby Matos if possible. I'd be willing to help",@584385 2: Don't worry - we'll make sure to pass your suggestion on 🙂 /SY,1973078,1973077,Tue Nov 14 14:34:45 +0000 2017
19780,569959,@SpotifyCares Restarting worked!! Thank you 🙏🏼,@569959 You're welcome! Glad to hear it's working. Just let us know if we can help with anything else. https://t.co/m4HWSbgHVZ 😁 /RR,1913463,1913464,Wed Oct 18 16:55:29 +0000 2017
31008,787067,@SpotifyCares Ahh good to know thanks 😁,@787067 No worries. Give us a shout if you have other questions. Have a... https://t.co/FQulrDtFky 🙂 /AY,2825199,2825201,Mon Nov 27 13:06:06 +0000 2017
29201,744672,@SpotifyCares My version is 8.4.26.770,@744672 Best thing to try here is a reinstall. Just follow the steps at https://t.co/EqisDMwZAT. Let us know how it goes /CP,2638607,2638609,Fri Nov 17 21:31:55 +0000 2017
33045,819735,"@SpotifyCares I’m trying to connect my student premium account to my Hulu, and I keep getting this same error message. Super frustrating since Hulu access is one of the big reasons I subscribed. Help?? https://t.co/mUb1xjXpaf","@819735 Thanks! If possible, can you to head to a desktop &gt; use incognito window &gt; log in to https://t.co/JngmWaWjDG &gt; 'Go To Hulu' &gt; and follow the steps to link your account? Let us know how it goes /RB",2972073,2972074,Thu Nov 30 01:05:38 +0000 2017
25776,675126,@SpotifyCares Thank you,"@675126 Awesome, that's what we like to hear! If you need us again, just... https://t.co/AUc7DGJpgF 😁 /NS",2332430,2332429,Fri Oct 20 01:36:22 +0000 2017
12432,413411,@SpotifyCares Did this and still not working :/ I've had local files work in past but can't get this,"@413411 If both devices are connected to the same home WiFi network, can you restart the router before trying again? /JU",1250607,1250608,Tue Oct 17 01:08:35 +0000 2017
14546,465351,"@SpotifyCares Never mind, I see it in play queue.  As interface feedback there should be a direct action to recover...  Confusing.","@465351 We hear you, Steve! Your feedback has been noted and passed onto the team 👊🏼 /RH",1486996,1486995,Fri Nov 03 02:59:37 +0000 2017
29482,752363,@SpotifyCares Just checked and it's up now.. cheers for the help tho,"@752363 Cool! Glad to hear it's up now. For anything else, just give us a shout. We'd be... https://t.co/LgAM6ky9Vv 🙂 /MU",2672071,2672074,Tue Oct 31 11:32:18 +0000 2017
26584,693070,@115888 @spotifycares Yo how do I see my playlist followers?! I have 26 secret admirers that I'd like to shower with affection. thx.,"@693070 Hi! Right now there isn't a way to check who's following your playlists, but you can support the idea here: https://t.co/rXH5HEx9hM /WW",2410590,2410589,Tue Nov 14 16:12:42 +0000 2017
25980,679167,@115888 It's ridiculous that I cannot see who follows my original playlists. Can you explain why this feature isn't available?,@679167 2: add your support to the idea in our Community: https://t.co/rXH5HEx9hM /CP,2349666,2349664,Mon Nov 13 16:07:48 +0000 2017
27328,710105,@SpotifyCares how does pricing for branded playlists work? Do you have rates you can share? @115888 #BrandedPlaylists #HelpAGirlOut,@710105 Hey Kaitlin! We'd suggest contacting our Brands team for more info on this. You can get in touch via https://t.co/EPFb14dNII. Hope this helps 🙂 /LP,2485958,2485957,Wed Nov 15 15:37:26 +0000 2017
15618,380593,".@115888 WTF. More BS Ads by #GEICO, a Billion $$$ Ad budget, Thug Gorilla of US Insurance. UGH now, BS jive #NeYo? Cancel my Service.","@380593 Got it! Just to check, have you tried updating your firmware? Spotify is most compatible with iOS 11. Let us know how it goes /DF",1595421,1595420,Sat Nov 04 18:33:32 +0000 2017
1347,153882,@SpotifyCares the ios beta update screws with spotify. my music stops any time i get a notification and wont play unless i reopen the app. please look into this,"@153882 Hey Vicky, the cavalry's here! Can you provide which Spotify version you're currently using? We'll take a closer look 🔍 /JJ",163736,163734,Fri Nov 24 13:46:18 +0000 2017
23805,646258,@SpotifyCares @646246 I want to have Spotify on my nintendo switch :D,@646258 Hey there! We can see how that’d be useful! You can vote for the official idea here: https://t.co/mkQ919Yh0d 🙂 /KL,2211020,2211049,Fri Nov 10 16:20:37 +0000 2017
22094,610709,"@SpotifyCares I deactivated my facebook awhile ago that I used to create my spotify, and the support site can't help me back into it, help?","@610709 Hey Nate! We'll help out, don't worry. Can you send us your account's email address via DM? We'll see what we can suggest /GN https://t.co/ldFdZRiNAt",2065161,2065160,Sat Oct 07 19:16:59 +0000 2017
7917,320294,Yo @115888 why is the go to version of shuffle songs the clean versions? If I wanted to hear clean music I'd listen to kids bop.,"@320294 Hey Mason! Can you tell us more about what's happening? What device, operating system, and Spotify version are you on? /AY",842002,842001,Fri Oct 13 10:26:36 +0000 2017
10134,366508,@366509 @115888 DIE KPOP TRASH,@366508 We hear you 🎧 Rest assured your feedback's been noted and will be passed on to the right folks /AN,1042607,1042606,Thu Oct 12 22:05:55 +0000 2017
29612,756723,Does anyone else always have trouble with @115888 on their laptop?,@756723 Hey! Help's here. Can you give us some more info? What difficulties are you experiencing? /BD,2691972,2691970,Sun Nov 19 15:07:52 +0000 2017
2362,181115,Hi @116130 the sound quality of rich homie quan/young thug - power is awful. Sounds very distorted.,@181115 Hey! Help's here. Can you share the link to the track with us: https://t.co/RT7XNMNEAr? We'll take a look backstage /RA,272733,272732,Fri Oct 06 02:54:31 +0000 2017
17368,201093,@SpotifyCares I’m having problems playing some albums/playlists I’m getting “this song isn’t available if you have the file you can play it”,@201093 Hi Tristan! That doesn't sound good. What operating system and Spotify versions are you using? We'll see what we can suggest /AU,1771421,1771419,Tue Oct 17 22:08:55 +0000 2017
9330,348610,"Why does @115888 play ads for car dealerships to Seattle users? Too poor for premium, too poor for a 🚗 in this 💸🔥 city.",@348610 Hi! You can show your support for ads that are better suited to you by voting here: https://t.co/K6XELyTf62 🙂 /RR,963323,963321,Sat Oct 21 18:20:22 +0000 2017
5842,273112,@115888 your premium of 3 months for 99p doesn’t work☹️😬,"@273112 Hey there! We just sent you a reply to your DM, we'll continue assisting you there /TF",645097,645096,Wed Nov 22 16:11:24 +0000 2017
4385,232844,"@SpotifyCares Ahhh, so this doesn’t apply to family accounts. Okay, thanks anyway though. Sad there’s a promotion for regular subscribers but nothing for family accounts. ☹️","@232844 Sorry for the confusion! We hear you 🎧 Rest assured, your feedback will be passed on to the right folks /CG",494227,494226,Fri Dec 01 17:46:13 +0000 2017
13805,162377,@SpotifyCares Smoke and Mirrors by Demi Lovato?,"@162377 Fingers crossed we'll be able to have it soon, but there's info about Spotify content here: https://t.co/0i8GpimuDa /DF",1394693,1394695,Sat Oct 28 18:17:10 +0000 2017
31231,793152,"@115888 Spotify client to LG webOS 3.5, please!!!","@793152 Hey Andre! Don't worry, we'll pass on your feedback to the right folks /JP",2853007,2853005,Mon Nov 27 14:47:48 +0000 2017
4348,231909,@115888 I want to avail this but all I can see is the 129/3mos. Send help pls!,@231909 Hi Sehds! We're sending the help you need via DM. Let's carry on chatting there /QI,93916,490779,Fri Dec 01 14:54:28 +0000 2017
19790,570024,"@115888 why is this in my discovery weekly playlist? Why would I, or anyone for that matter, think this song is possibly good?? 😂😂 https://t.co/Ac8leAWA29",@570024 Hey there! Your Discover Weekly should improve as it gets to know you. Keep adding your fav tracks to Your Library/playlists 🙂 /GU,1913657,1913656,Wed Oct 25 19:19:24 +0000 2017
26107,682350,Why isn’t @10932 #NRACountry on @115888?!? #Spotify,@682350 Hey! Sometimes content gets temporarily removed because of licensing changes. Hopefully we'll have it available again soon /TB,2363312,2363311,Mon Nov 13 20:40:08 +0000 2017
11217,390103,"My @115888 keeps on stop playing music every few songs, wth","@390103 Hey, help's here! Can you let us know your device, operating system, and Spotify version? We'll see what we can suggest /MG",1147706,1147705,Sat Oct 14 20:03:14 +0000 2017
15401,484101,How do we get @64347 on @115888 just like Nancy Bea Hefley! 🎹🎼,"@484101 Hey! We’d love to have all of his stuff available, but we have some info about content here: https://t.co/0i8GpimuDa /RC",1569457,1569456,Tue Oct 17 05:24:31 +0000 2017
7982,321348,@SpotifyCares yo what's up with Calvin Harris? I can't play him. You guys get in a Tiff?,@321348 Hey there! That's not cool. Does logging out &gt; restarting the device &gt; logging back in help? Keep us posted /MX,847179,847178,Fri Oct 20 11:44:23 +0000 2017
26302,687534,"@115888 hi .issues with Spotify for artists, tracks up but can’t manage profile artist not recognised or manually paste artist profile",@687534 @115888 Hey! We've just replied to your DM. Let's carry on chatting out there /MU,2385525,2385524,Fri Oct 20 07:17:37 +0000 2017
30508,776667,@115888 when will reputation be available?,"@776667 Hey there! We’ll have it available to you as soon as it’s available to us. For now, check out the singles: https://t.co/3h0TnPWP0c /CG",2780858,2780856,Tue Nov 21 15:27:40 +0000 2017
25241,667072,@117153 @SpotifyCares i tried to get the student discount but as soon as i saw that was impossible to me for now i found my card with no money,@667072 Hey there! We've just sent you a bit more info over DM. We'll carry on helping out there /JQ,115258,2297969,Thu Oct 19 18:39:19 +0000 2017
16217,507349,@115888 let me fuckin listen to my music dammit https://t.co/8wjpHKFbyX,@507349 Hi there! Can you let us know what exactly is happening here? We'll see what we can suggest /NY,1664969,1664968,Mon Nov 06 09:25:33 +0000 2017
13560,437462,@115888 Will we get a new Stranger Things 2 playlist? ;),@437462 Hey Adam! Is this what you're looking for: https://t.co/4cQt9Vn0ec? Keep us posted /KL,1363413,1363411,Fri Oct 27 19:43:05 +0000 2017
26722,697053,@SpotifyCares Thank you!,@697053 You're welcome! Let us know if you ever need us again. We'd be... https://t.co/LgAM6ky9Vv 😁 /JM,2427673,2427675,Tue Nov 14 20:37:43 +0000 2017
32887,816781,@SpotifyCares Computer says no. I guess I'll just log in with my own details.,"@816781 Thanks for keeping us in the loop. If there's anything else we can help with, we're just a tweet away. Otherwise https://t.co/uQiQuWow27 🙂 /JE",2959365,2959367,Wed Nov 29 20:50:49 +0000 2017
15061,475101,"@SpotifyCares hey, i received an email invite with a code to use spotify family, but it says it;s not valid? please help!",@475101 Hi! We've replied to your DM. Let's continue chatting there /GU,1531498,1531497,Fri Nov 03 19:47:25 +0000 2017
5318,258796,Why the hell is I Hate College not on @115888 @27413 #CrimesAgainstHumanity,"@258796 Hi there! Fingers crossed we'll be able to have it soon, but there's info about Spotify content here: https://t.co/1dgftcFtzc /DV",587529,587528,Sun Dec 03 07:41:14 +0000 2017
28812,738494,@SpotifyCares è passata una settimana ma #reputation ancora non lo vedo..,"@738494 Hi Hermano! We can help out in English via Facebook, but we also have Italian support through email at https://t.co/ZgU70TbP8M /JN",2611705,2611704,Fri Nov 17 10:37:06 +0000 2017
18572,551739,You should add a feature for playlists where you can search up a song. And not have to scroll through 800 songs looking for it. @115888,"@551739 Hey! Thanks for the feedback. If you're using the desktop app, you can search for a track within a playlist by pressing on Ctrl+F /NQ",1841060,1841059,Wed Oct 18 00:23:26 +0000 2017
16873,522603,PUT THIS ON REPEAT!!! @115888 #athenakoumis #NowPlaying #freshfinds @125633 https://t.co/J3ccdpyMir,@522603 Hey there! We appreciate your feedback. We were sure to pass this on to the right folks 🤘 /KP,1728505,1728504,Tue Oct 17 18:00:18 +0000 2017
30409,775404,@115888 what's wrong with my apps? https://t.co/TvE22qCM6J,@775404 Hey! Can you let us know the Android and Spotify versions you're running? We'll check it out /RC,2774539,2774537,Tue Nov 21 13:33:33 +0000 2017
30830,783638,"@SpotifyCares Why is it when I shuffle a playlist with over 800 songs, I only seem to hear the same 20-30 songs over and over???",@783638 Hey! We’ve recently made some improvements to our shuffle algorithm. We’d love to hear your feedback here: https://t.co/T3vZnStrZD /NQ,2809926,2809925,Wed Nov 22 05:21:30 +0000 2017
2930,194131,@SpotifyCares noted. Many thanks and appreciate for your respond,"@194131 You're welcome. Did you contact support via email? If not, let us know what you need. We'd be glad to help you out /QI",327719,327721,Sat Oct 07 22:58:17 +0000 2017
16198,506714,@SpotifyCares It says error connecting to PlayStation network and everything is fine besides Spotify. I have an Ethernet cable connected,"@506714 Got it! Can you let us know the device's model, operating system, and Spotify version? /PL",1661159,1661161,Mon Nov 06 08:43:30 +0000 2017
32159,807296,@269331 @115888 @SpotifyCares Same bug for me...,"@807296 Hey, thanks for the report! We had a little hiccup earlier, but everything should be running just fine now /JS",2916576,2916618,Tue Nov 28 20:53:17 +0000 2017
24040,648419,@115888 Why can’t I subscribe using your promo even I’m a first time spotify user?,@648419 Hey! Can you fire over your account's email address or username via DM? We'll take a look backstage /RC https://t.co/ldFdZRiNAt,93931,2219859,Sun Nov 26 13:49:50 +0000 2017
5981,275957,"@115888 Just GREAT!! Even instrumental songs can be EXPLICIT, wow... 🙈😂😎 https://t.co/Dy25XsDWFS",@275957 Hey Adriaan! Thanks for the feedback – we appreciate it. We’ll get this passed onto the right team /RS,655577,655576,Thu Oct 05 11:55:49 +0000 2017
8448,328655,@147836 @38739 help https://t.co/QuERpMCiWU,@328655 1: Hey Marc! You can head here for the steps on how to filter and sort your tunes on playlists: https://t.co/5hjtm5AdqM.,878888,878889,Fri Oct 20 18:16:45 +0000 2017
22661,623934,@SpotifyCares I just did it. It didn't work and it's done this before on another account. I'm about to have my 19th nervous breakdown with this app,@623934 We understand. Best thing to try here is to reinstall the app with these steps: https://t.co/EqisDMwZAT. Let us know how it goes /TY,2116875,2116877,Wed Nov 08 19:31:57 +0000 2017
21705,603934,Hello @117153 im having trouble with 404 error code. Can you tell me if the service will resume soon? Webplayer is working fine. Thx,"@603934 Hey! Can you send us your account's username or email address via DM? The exact device, OS, and app version you're using would also help /LP https://t.co/ldFdZRiNAt",2042355,2042354,Wed Oct 04 15:06:33 +0000 2017
31627,800777,"@SpotifyCares buen día, me gustaría saber si pueden agregar mas canciones de akwid, la verdad no encuentro mucha variedad, gracias un saludo",@800777 ¡Hola! Nos encantaría tener toda su música disponible. Tenemos más información sobre contenido aquí: https://t.co/0i8GpimuDa /JV,2887773,2887772,Tue Nov 28 06:19:40 +0000 2017
13298,287602,@SpotifyCares Eastern time,@287602 1: Thanks. You'll need to use the desktop app to view the last 50 tracks you listened to. More info on this at https://t.co/Lx02el9U59.,1336509,1336511,Fri Oct 27 15:45:41 +0000 2017
21362,598086,@SpotifyCares I've been a premium user for a while now. Why can't I play downloaded songs when not connected to WiFi or when data is off?,"@598086 Hey, sorry to hear that! Check out the steps under “Downloaded songs won't play” at https://t.co/38J7tFlIBF. They should help with this /MG",2022245,2022243,Mon Nov 06 06:28:11 +0000 2017
7754,318199,@SpotifyCares https://t.co/WRRv56r6gO I've already tried a test account and experience dropouts on that as well.,@318199 Got it! Could you send us your account's email address or username via DM? We'd like to check further /RK https://t.co/ldFdZR1cbT,832182,832181,Fri Oct 13 04:48:12 +0000 2017
25419,669538,"Still no #reputation on @115888!!
Sad.. Very sad... @121574 @118062","@669538 Hey Joana! Taylor Swift's 'Reputation' isn't available to stream just yet – stay tuned. For now, check out  https://t.co/3h0TnPWP0c /RA",2308168,2308166,Mon Nov 13 00:45:10 +0000 2017
18265,477389,@115888 after all of these complaints NOW you reply????,"@477389 1: Apologies for the delay. Not to worry, the Artist Support team will be able to assist you further. You can use the link we sent...",1540308,1540309,Tue Oct 17 01:59:27 +0000 2017
22649,494846,"@SpotifyCares I see it's available on Samsung watches, as standalone, so really hope to see it coming Wear.","@494846 It's definitely something for the team to consider, so we'll be sure to pass your feedback on to the relevant folks! /MA",2116845,2116846,Wed Nov 08 14:15:43 +0000 2017
18858,554926,"@SpotifyCares It's just a recent event too, it started at the beginning of September. Ive uninstalled the app, and loggrd out and back in already.","@554926 Got it. Just to check, are you also experiencing this issue with other similar apps? /NS",1854851,1854850,Thu Oct 19 06:25:08 +0000 2017
23615,642983,"@115888 pls, why? Pls be nice. That is not a brief message at all, its 131 minutes of the same advert. https://t.co/cpIc9R06ro","@642983 Hey, that doesn't sound good! Did the app crash at any point during the 30 minutes? That can cause the ad-free time to reset /DF",2198206,2198205,Thu Nov 09 22:38:10 +0000 2017
7376,309198,"@SpotifyCares Although if all you can do is tweak it, please fix the Search cursor so that it moves one space at a time. Maddening how it jumps around.",@309198 We have some info about the Spotify app on Roku here: https://t.co/titMn0j3Im. Give us a shout if there's anything else /HC,793479,793478,Thu Oct 12 13:40:59 +0000 2017
24959,664894,So like why isn’t Acid Rap by @167274 NOT on @115888?,@664894 Hey Rich! We’ll have it available to you as soon as it’s available to us: https://t.co/0i8GpimuDa /DD,2288604,2288603,Sun Nov 12 02:50:28 +0000 2017
4144,225901,@SpotifyCares Hi I am based in hong kong and wonder why the new album of @21333 is still not available ?,"@225901 Hey there! Fingers crossed we'll be able to have it soon, but there's info about Spotify content here: https://t.co/1dgftcFtzc /NS",466111,466110,Fri Dec 01 02:35:52 +0000 2017
19749,569325,Who tf are these people and why tf are they fucking up wolves @SpotifyCares y’all better fix this https://t.co/hk3Yz993tG,"@569325 Hey there! That doesn't look right. Can you try logging out, restarting your device, then logging back in? Let us know if that helps /QI",1911166,1911165,Thu Oct 26 17:12:42 +0000 2017
21229,483265,@115888 Can you do your 99p deal again thanks lol,"@483265 1: Hey there! We're afraid it's not possible at the moment, but we're always looking for ways to make music available for everyone.",1565402,1565403,Sat Nov 04 12:47:45 +0000 2017
15506,487445,@SpotifyCares i sent it you as DM,@487445 Thanks! We've sent a reply over. Let's carry on chatting there /LP,1583976,1583975,Sat Nov 04 20:23:15 +0000 2017
3446,206899,@115888 bring your lyrics back.,"@206899 We hear you! Any updates will be posted at https://t.co/osebD49Qxe. We'd recommend voting to support the idea, too /ND",383705,383704,Mon Oct 23 17:09:44 +0000 2017
1119,146709,@115888 🚨🚨SEND HELP🚨🚨 my friends songs wont play not all but an exceptional few and they’re absolute bops we tweet this to you with high concerns but with high hopes of an answer 😁👍🏽,@146709 Hi Cameron! Help's here. Can you send us a screenshot of the error message your friend is getting? We'll see what we can suggest /MU,136267,136266,Fri Nov 24 06:57:28 +0000 2017
7328,308148,@SpotifyCares Perhaps you need to give them a harder nudge or a kick; try reading the forums. You are losing customers over this.,"@308148 We hear you. Rest assured, we'll be passing your feedback on to the right folks /GT",788967,788968,Mon Oct 02 14:37:40 +0000 2017
23036,631409,@115888 what is this??? Not planning on being a victim of fraud https://t.co/9xRSOpGkWa,@631409 Hey! We've just sent you a DM. Check your inbox /RH,2148219,2148218,Thu Nov 09 00:07:18 +0000 2017
17677,537493,"@SpotifyCares Im on an iPhone, running Spotify 8.4.22",@537493 Thanks for sending the info. Can you give soft reset a try by holding your phone's Home + Lock buttons for 10 seconds? /FR,1789311,1789313,Tue Oct 17 23:56:15 +0000 2017
21604,602659,Hey spotify! Last week's discover weekly was AMAZING but I forgot to save all the music :'( please help! @SpotifyCares,"@602659 Hey! Unfortunately we're unable to recover your previous Discover Weekly. Be sure to save your favorites, so you don't miss out /NQ",2038199,2038198,Thu Oct 05 04:01:12 +0000 2017
28430,494294,"@117153 hi, wanted to open spotify my spotify on mobile device. showing no internet connection. also https://t.co/e1mx8yAE1U is down","@494294 1. Hey, help's here! We've checked and confirmed that the website is all good. Can you let us know the device, operating system, and...",1610129,1610130,Sun Nov 05 09:20:02 +0000 2017
9170,344068,"@SpotifyCares someone changed the email on my account. I mailed on the account, could you look at it?",@344068 Hi there. We're sorry to hear that. We suggest filling up the contact form found in the 2nd step at https://t.co/QHn3ok8y2n /LM,944974,944973,Sat Oct 21 13:44:05 +0000 2017
6435,286747,@SpotifyCares It’s the worst thing i have ever experienced.,"@286747 We're sorry you feel that way. We're always making improvements to the app. No worries, we'll pass on your feedback to the relevant team /PB",699076,699075,Sun Oct 15 14:22:42 +0000 2017
2542,185397,@SpotifyCares thanks!,@185397 No worries! Just give us a shout if you need us again. We're... https://t.co/zOXI69QSqg /CG,291458,291457,Fri Oct 06 15:15:16 +0000 2017
14970,472974,@115888 full lyrics for songs on the app please,@472974 2: We have more info about this here: https://t.co/DjMkORfakO. Let us know if you have any questions /KL,1521694,1521693,Fri Nov 03 20:21:47 +0000 2017
32295,807988,"@115888 what’s going on with the tunes, guys? App is not working.","@807988 Hey, thanks for the report! We had a little hiccup earlier, but everything should be running just fine now /JS",2919253,2919252,Tue Nov 28 21:25:50 +0000 2017
8868,336516,@115888 why isn’t Lana Del Rey’s music working?,"@336516 Hey! Don’t worry, we can help. Can you let us know the device/OS you’re using? We'll see what we can suggest /MX",911629,911628,Thu Oct 19 18:45:18 +0000 2017
33002,818864,@115888 When did you guys remove the ability to choose which song to play when connected to PS4 with 'Spotify Connect'? Lame.,"@818864 Hey there, help's here! Can you send us your account's username and email address? We'll do some digging /JK",2968489,2968488,Wed Nov 29 21:04:22 +0000 2017
12277,410648,"@SpotifyCares Oh wow never realized that was there! Awesome, thanks! Hope your developers keep upgrading that video option to include more.",@410648 No worries. We'll pass your feedback onto the right team. Give us a shout if there's anything else we can do to help /DV,1239127,1239129,Wed Oct 25 22:09:37 +0000 2017
7515,313095,@SpotifyCares Your support team is slower than your programming monkeys - it was fixed by the time you responded.,"@313095 Sorry for the delay, but glad to hear it's working. Let us know if you need anything else. We'd be happy to help /PB",810434,810433,Thu Oct 12 17:46:00 +0000 2017
16701,518150,@115888 @117168 @SpotifyCares is there going to be an X compatibility update??,"@518150 Hey there! We don't have any info on this right now, but we'll let the right team know it's something you'd like to see /NQ",1710271,1710268,Tue Nov 07 01:01:53 +0000 2017
3518,209004,@SpotifyCares would I have to cancel my premium account in order to sign up for the student discount?,@209004 Hey there! You can sign up for the student discount even if you're on Premium. More info at https://t.co/WxWVAhamEi /GU,392716,392714,Mon Oct 09 15:51:02 +0000 2017
28933,739995,@SpotifyCares Read the tweets?,@739995 Are some of your apps still stopping everything after you launch Spotify on your phone? We'll be releasing app version 8.4.28 starting today which will work a lot better with the iPhone X. Keep an eye out for the updates! /RR,2618527,2618525,Fri Nov 17 14:50:06 +0000 2017
14333,459928,@115888 now that I am setting up my iPhone X is there a way to stop the 9000 tracks from downloading into my device?,@459928 Hey Corey! Help's arrived. Can you tell us what's happening exactly? We'll see what we can suggest /CH,1464500,1464497,Wed Nov 08 03:01:05 +0000 2017
21111,590628,@SpotifyCares when will @16832 “Ain’t too long” be on spotify??,"@590628 Hey! Fingers crossed we'll be able to have it soon, but there's info about Spotify content here: https://t.co/0i8GpimuDa /TR",1997499,1997498,Fri Nov 03 16:57:52 +0000 2017
27973,723968,@SpotifyCares The album. The United States,@723968 Gotcha. Sometimes content gets temporarily removed because of licensing changes. Hopefully we'll have the album available again soon. Thanks for bearing with us! /JE,2547388,2547390,Thu Nov 16 15:40:29 +0000 2017
28084,725072,"@SpotifyCares Doesn't look like Apple Music has a problem with the ""licensing"". How can you have every album from drake but not his best one yet? You're not sorry, you're pathetic.","@725072 We're afraid we don't have that info. We appreciate your feedback on this, and we'll be sure to pass it on to the right folks /LM",2552692,2552694,Thu Nov 16 14:58:18 +0000 2017
11567,396899,"@SpotifyCares I tried to log off and on again, and I tried to uninstal Spotify and downloading it again, still didn't work",@396899 We understand. Our best tech folks are on the case as we speak. Hopefully we'll have a fix soon! /PB,1177223,1177224,Sun Oct 15 21:33:01 +0000 2017
2901,193874,Would like to thank @SpotifyCares for being nice enough to credit the month we weren't able to use the service due to #HurricaneMaria.,@193874 You're welcome! We're... https://t.co/LgAM6ky9Vv. Stay strong Puerto Rico 😍 /CO,326809,326808,Sat Oct 07 16:28:14 +0000 2017
30493,134224,@SpotifyCares Have you come across anyone talking about USB data connection not working in their cars with the new ios 11? Apple says to check with you guys since I use Spotify over Apple music.,"@134224 Hey there! We don't have any info on this at the moment. What's happening exactly? Can you let us know the exact device model, iOS, and app versions you're using? We'll see what we can suggest /PB",2780812,2780810,Tue Nov 21 15:59:16 +0000 2017
26042,681289,"@SpotifyCares iPhone 6, iOS 11.1",@681289 We can see how that’d be handy. Thanks for taking the time to reach out – your feedback's been noted 📝 /DF,2358979,2358981,Mon Nov 13 21:33:33 +0000 2017
4895,138420,@SpotifyCares @1457 release radar recipe has stopped running but no error reported. Any ideas?,@138420 Hmm. Does logging out &gt; restarting the device &gt; logging back in help? Keep us posted /CG,555474,555473,Sat Dec 02 09:21:13 +0000 2017
13729,441825,@SpotifyCares If i can't listen to the music that i want then what is the point of evrn using your service instead of something else?,"@441825 2: more of those get higher when playing an album or single. Don't worry, we'll make sure your thoughts are passed on to the right team /MU",1382807,1382805,Sat Oct 28 07:08:34 +0000 2017
27340,710428,@SpotifyCares signing,@710428 We hear you loud and clear! We can’t make any promises but we’ll be sure to pass your feedback onto the right folks /JI,2487393,2487395,Wed Nov 15 16:38:46 +0000 2017
15653,491144,"When this is going to happen????
@115888 @12899 https://t.co/uMhNHzTuXz",@491144 Hey! We're working on it. Fingers crossed we'll have it available. There's more info here: https://t.co/WI0fi3V8Cu /AP,1599345,1599344,Sun Nov 05 01:53:50 +0000 2017
24186,653035,@115888 please update your IOS app so that it formatted for IPhone X,@653035 2: downloads to get the latest update once it's available: https://t.co/vHqjftXuQ0. Let us know if we can help with anything else /LP,2239689,2239688,Fri Nov 10 14:18:33 +0000 2017
22202,612443,"Uh, my @115888 Discover Weekly playlist has a lot of Japanese pop and folk songs. Either the algorithm is jacked or my account is hacked.","@612443 Hey! Discover Weekly is based on what you, and others like you, are listening to. Hopefully it’s more in tune with your tastes next week /AR",2070895,2070894,Mon Oct 09 00:40:48 +0000 2017
2120,172747,Sad that #Spotify has disabled the app on Smart TVs (beyond a certain age) @SpotifyCares has been attentive but nothing much they can do 😒,"@172747 Don't worry, we’re taking all the feedback on board about this. For anything else, we'll be right here for you /RC",238555,238553,Sat Sep 02 07:35:39 +0000 2017
17247,530821,@SpotifyCares That didn't fix it. The play/next/previous keys still don't work. Tried the keys on both my external keyboard and the built-in one.,"@530821 Just to check, when did this issue start happening? Also, are there any other programs on your Mac that have a similar issue? /LM",1764653,1764652,Tue Nov 07 21:05:08 +0000 2017
9535,352362,@SpotifyCares Still launching?,@352362 Hi Aditya! We're launching regularly in countries around the world. Sign up here to be first to hear: https://t.co/XDwWzj7cLP /NY,979885,979884,Sat Oct 28 09:18:48 +0000 2017
1669,160032,@SpotifyCares neither worked :s,@160032 Got it! Could you check if the same thing happen while using the desktop app? /PL,187629,187631,Wed Oct 04 09:21:49 +0000 2017
27439,190061,Is there a @115888 #StrangerThings2 playlist??,@190061 Hey Eric! Is this what you're looking for: https://t.co/Xx6AsAKSQO? /FR,2495862,2495861,Mon Oct 30 00:50:37 +0000 2017
25588,671102,I need @115888 to update their app for iPhone X full screen compability,@671102 Hey Alan. We’re working on it as we speak. Stay tuned! /BH,2314345,2314344,Sun Nov 12 19:39:16 +0000 2017
9748,358515,"@SpotifyCares I’m able to pull up the app and start playing music, but then it will freeze mid-song. And I’m on WiFi.",@358515 Does logging out and logging back in help at all? Can you also try restarting your phone? Let us know how it goes /NJ,1007952,1007951,Sun Oct 22 19:55:44 +0000 2017
21080,587680,@SpotifyCares seems you are the folks to ask. Can I save the playlist in a few clicks? Not song by song. https://t.co/9BMCvvTbac,"@587680 2: copy the entire playlist (Ctrl+A), then paste (Ctrl+V) it into your desired destination. Hope that helps /NQ",1985346,1985347,Thu Nov 02 03:53:59 +0000 2017
759,136859,@5606 have been charged twice $9.99 for a personal account when I want a family account for $14.99. Can you fix this...acct Cervelott,@136859 Hi David! We've just sent a DM your way. Let's carry on chatting there /AU,95817,95816,Thu Nov 30 16:08:42 +0000 2017
11097,386320,"@115888 Yup but when I switched devices, it be came a problem","@386320 Hey, help's here. Can you let us know what exactly happened? We'll see what we can suggest /NY",1129995,1129993,Tue Oct 24 07:07:32 +0000 2017
7179,305722,@115888 why the hell isnt spotify available in fiji im pissed please do something,@305722 Hi there! We're launching regularly in countries around the world. Sign up here to be first to hear: https://t.co/XDwWzj7cLP /AU,777914,777913,Wed Oct 11 19:16:53 +0000 2017
3987,221341,@115888 webplayer can't handle my logins.,"@221341 Hey Yonji, that doesn't sound right. Can you send us a screenshot of any error messages you're getting? We'll take a look under the hood /JE",448849,448848,Thu Nov 30 18:46:05 +0000 2017
21100,590462,"I really love how @115888 actually responds to the artists who have music on their platform in a timely manner. Now, if only i knew where to send a pitch to be included on their playlists 🤔 https://t.co/c9bqrNsBGR",@590462 Our Curation team are independent so there's no formal submission process. Check out https://t.co/6BMOmfiZvQ to help you gain visibility /DQ,1996910,1996909,Fri Nov 03 15:33:44 +0000 2017
17968,542544,@115888 I'm having a issue with my account some help would be amazing 🤞🏽,@542544 Hey! We'll take a look at things for you. Send over a DM with what's going wrong &amp; your account's email. We'll check things out /J https://t.co/ldFdZRiNAt,1805676,1805675,Sun Oct 15 10:17:06 +0000 2017
17820,455813,I honestly think @115888 should employ me purely on the basis of creating banging throwback Thursday playlists every week,@455813 Hi there! Our good friends @7997 are the best people to help you with this. Let us know if there's anything else we can help with /ME,1796220,1796219,Thu Oct 12 15:05:01 +0000 2017
30878,784819,@SpotifyCares can you check your DMs please? I’m locked out of my account,@784819 Hi Chelsea. We've just sent a DM your way. Let's carry on chatting there /JU,2815052,2815051,Sun Nov 26 14:51:15 +0000 2017
22313,614790,"@116130 I pay you monthly for music, and you delete it all. #AreYouFuckingSerious","@614790 Hi, sorry to hear that! Check out the steps under ""Downloads unexpectedly removed"" at https://t.co/38J7tFlIBF. They should help /GT",2078732,2078731,Mon Oct 09 15:56:54 +0000 2017
7443,311400,@SpotifyCares BTW @115888 still doesn't available in morocco https://t.co/AlCf42zRUy,@311400 Hey! We're launching in new countries as often as possible. Be sure to add your email at https://t.co/X8DVSX9QgM /KM,803212,803211,Sun Oct 08 10:11:24 +0000 2017
32938,817690,@115888 your app won't let me update my payment info so I can't pay for my premium or listen to any music,"@817690 Hey there, help's here! Could you shoot us a DM with the username and email address for your account? We'll take a look backstage /VK https://t.co/ldFdZRiNAt",2963370,2963369,Wed Nov 29 20:58:45 +0000 2017
32016,806624,@117153 Can't connect! Neither on Wi-Fi or Network data!,"@806624 Hey, thanks for the report. We had a little hiccup earlier but everything should be running just fine now. Let us know if not! /LP",2913873,2913871,Tue Nov 28 20:40:50 +0000 2017
10057,364806,@SpotifyCares Thanks. I've got it working. It's never seemed to work abroad before. Must be due to the WiFi.,"@364806 You're welcome! It's possible that some networks or firewalls are blocking some websites, so it might be the case. Glad to hear it's sorted now. For anything else, just give us a shout. https://t.co/uEkAlnxbzn /MU",1034900,1034902,Sat Nov 25 12:08:35 +0000 2017
6532,288507,Wish: there was a @115888 filter that excluded music made with a vocaliser,@288507 Hey Dave! Thanks for the feedback. We'll pass it on to the right team /AR,704974,704973,Fri Oct 06 02:28:25 +0000 2017
20913,586807,@115888 Im feeling so fucking down rn I WANT GOT7 I NEED THEM,"@586807 Hey there! We’d love to have all of their stuff available, but we have some info about content here: https://t.co/0i8GpimuDa /CG",1982444,1982442,Thu Nov 02 18:31:28 +0000 2017
10422,372505,"@SpotifyCares All is good now, thank you 👌","@372505 Awesome, that's what we like to hear! If you need us again, just... https://t.co/AUc7DGJpgF /RV",1070117,1070119,Sat Oct 14 23:52:55 +0000 2017
28055,725060,"@SpotifyCares Google Pixel phone, Oreo OS, and I've just reinstalled Spotify so I'll try it again now to see if that fixed it!",@725060 Sounds like a plan! We look forward to hearing back from you 🙂 /GN,2552627,2552628,Thu Nov 16 15:24:44 +0000 2017
2309,179251,hmmm. album art covers not showing. @SpotifyCares.,"@179251 Hey Dennis! What device and Spotify version are you using? Also, are you in Offline Mode or are you online using WiFi or 3/4G? /BH",265515,265514,Mon Oct 16 22:43:21 +0000 2017
7559,160530,"@SpotifyCares Wait, disregard my last tweet! Bless the lord I get a two-for-one lol, y'all are the realest of MVPs for this deal!!! Thank you so much 🙌🏾🙌🏾",@160530 No worries! Just give us a shout if you have any other questions. We're... https://t.co/zOXI69QSqg 🙂 /TB,189822,818155,Thu Sep 28 16:46:49 +0000 2017
14322,459573,@SpotifyCares can i switch my $9.99 CAD premium account to the $4.99 CAD student premium account instead ?,@459573 Hi! We've replied to your DM. We'll carry on helping you there 🙂 /BX,1463020,1463019,Sat Oct 28 17:01:25 +0000 2017
14980,473405,@SpotifyCares My fear is I'll be in the car with my kids and some uncensored rap song comes on. My playlist should be my playlist with no suggestions,"@473405 1: We understand. Not to worry, we'll pass on your feedback to the right team. For now, we'd suggest resubscribing to Premium here...",1523708,1523707,Thu Oct 19 23:47:53 +0000 2017
25677,672116,@SpotifyCares Happens with every playable song,@672116 Hmm. What operating system and Spotify version are you on? Does the same thing happen on other devices? /AY,2318636,2318639,Tue Nov 14 10:39:51 +0000 2017
11228,371220,i'm a high school student 👀that qualify? https://t.co/V8FuSYTr3L,@371220 1: You need to be currently enrolled in an accredited college or university to be eligible for the student discount.,1149143,1149144,Tue Oct 24 14:27:25 +0000 2017
27213,708214,Why is foxy shazam’s 3rd album not on @115888 🤔,"@708214 Hi there! Just to make sure we're on the same page, could you tell us the title of the album that you're looking for? We'll take a look under the hood /JM",2477819,2477818,Wed Nov 15 14:14:51 +0000 2017
26925,701360,Two updates to the @115888 @SpotifyCares iOS app since iPhone X launch and still no optimization... Beyond dissatisfied. Looks like I’ll be switching over to @115948,@701360 Hey Evan! We just replied to your DM with more info. Check it out 🙂 /BH,2446510,2446509,Wed Nov 15 01:11:12 +0000 2017
1144,147835,"@SpotifyCares @147836 Cool, thank you 😀","@147835 You're welcome! If you need us again, just shout 🙂 /K",141171,141173,Fri Nov 24 12:04:52 +0000 2017
29739,760227,@SpotifyCares also have you guys been using the app ? The shuffle problem was an old one and haven’t been resolved 🤷🏻‍♂️,@760227 Hey! We’ve recently made some improvements to our shuffle algorithm. We’d love to hear your feedback here: https://t.co/T3vZnSL3od /JS,2707011,2707010,Sun Nov 19 21:19:55 +0000 2017
5524,266497,@115888 scammer! Setelah diakses linknya harganya menjadi 49.990,"@266497 Hey there. We can help out in English via Twitter, but we also have Bahasa support via email at https://t.co/ZgU70TbP8M /JE",617445,617443,Wed Nov 22 09:39:22 +0000 2017
5655,268633,"@1390 hola, necesito ayuda con una cuenta familiar, me podéis ayudar?","@268633 @1390 Hi, we've just replied to your DMs. We'll carry on chatting there 🙂 /SY",627566,627565,Wed Oct 04 18:32:42 +0000 2017
912,141285,"@SpotifyCares is there really no workaround for this? I wouldn't mind putting some time into making this work, but Spotify just has so little use for me if this can't be done...","@141285 We're afraid this isn't possible, but we can see how that'd be handy. Your feedback has been noted. Don't worry, once you've imported your iTunes tracks, you can easily move them to playlists by following the steps at https://t.co/a38Mc2DlCx /WP",113833,113836,Fri Nov 24 11:42:10 +0000 2017
14478,462673,Thanks. Try harder plz😉 https://t.co/Kf9KSF50hJ,"@462673 You're welcome. Thanks for sharing your feedback, we'll pass it on to the relevant folks /SY",1477056,1477055,Thu Nov 02 22:44:32 +0000 2017
26136,682730,"@SpotifyCares Suddenly I lost all my Playlists, saved albums and songs etc. I don't know if I my account have been compromised. I did reset my password and logged out of all devices. Can you bring back my library?",@682730 Hey Benjamin! We've already replied to your DM. Check your inbox to find our response /CH,2364796,2364795,Mon Nov 13 22:09:17 +0000 2017
11656,124014,@SpotifyCares Yeh I know and use this but I often miss a new release because it isn’t within one of these playlists.,@124014 2: pass on your suggestion /AR,1189531,1189533,Wed Oct 25 06:46:34 +0000 2017
32083,806948,"@117153 Back up in Canada - nice one, @117153","@806948 Hey Mike, that's awesome! If you need us again, just... https://t.co/AUc7DGJpgF 💚 /GN",500975,2915205,Tue Nov 28 21:38:53 +0000 2017
11289,392154,Yo wtf @115888 why y'all take my favorite song off your damn app?! I ain't paying $5 for nothing..... disappointing.,"@392154 Hey Matt, help's here! Can you give us more info about what's happening? We'll see what we can do /KL",1156903,1156901,Tue Oct 24 14:37:37 +0000 2017
13515,436711,"Hoi @131098 
Ik wil een liedje zoeken en afspelen. Waar moet ik klikken? https://t.co/M50Uz73XiU","@436711 Hey Harald! We can help out in English via Twitter, but we also have Dutch support through email at https://t.co/ZgU70TbP8M /JP",1358437,1358435,Fri Oct 27 19:15:52 +0000 2017
14059,451660,"@SpotifyCares like david bowie type? 80s rock? the clash, reo speedwagon, the romantics, starship, the psychedelic furs, etc.",@451660 Great choice! Can you check this one out: https://t.co/QkxBtqa0an? 😁 /NS,1427777,1427775,Thu Nov 16 05:35:36 +0000 2017
5686,269797,@115888 do you not look out for loyal customers too? how is this fair when I pay £9.99 a month and have done for years!?,"@269797 Hi Daisy! Sorry you feel that way. Don't worry, we'll pass your feedback on to the right folks. Hopefully you can enjoy a similar offer in the future. For now, check out other deals available for you here: https://t.co/WcBQzucFjB. If you have any questions, let us know /MC",620353,632015,Wed Nov 22 11:52:14 +0000 2017
18836,554674,when am I gonna be able to get @115940 live with my @SpotifyCares student account I'm sick of adds every 2 minutes,"@554674 1: Hey there! You’ll have free access to Hulu’s Limited Commercials plan, which includes unlimited streaming of exclusive series, hit...",1853726,1853727,Thu Oct 19 04:30:25 +0000 2017
17647,537195,"@SpotifyCares The webplayer just continues to tell me ""Oops! Something went wrong, please try again"" when I try to log in. Please help!",@537195 Hey Lynnette! Does clearing your cache/cookies help? You might also want to try using an incognito window. Let us know how it goes /KL,1788333,1788332,Thu Oct 12 15:56:51 +0000 2017
23452,251308,"@SpotifyCares @639498 Is @115888 and @SpotifyCares really that unaware that people want to see Spotify optimized on the flagship Apple phone?  I'd hope everyone from developers, designers, and PMs aren't that out of touch.  If so there's a huge breakdown in your process...like astronomically huge.","@251308 Hey there! We're afraid we don't have any info to share about this right now, but we'll let the relevant folks know you'd like to see it /SY",2183140,2183142,Thu Nov 09 18:22:03 +0000 2017
28486,560323,@115888 how come Rodney Atkins song if you’re going through hell isn’t on Spotify anymore???,@560323 Hey Ashley! Sometimes content gets temporarily removed because of licensing changes. Hopefully we'll have it available again soon. We have more info here: https://t.co/0i8GpimuDa /LO,2586529,2586528,Fri Nov 17 00:17:52 +0000 2017
32812,815011,Tell me why Boyz in Luv by BTS is in the best of 2017: Kpop playlist @115888 do y’all even what year that came out in????,"@815011 Hey Leah! Our Curation team are independent &amp; use taste, data, research, and trends to create playlists, but we’ll pass on your feedback /SY",2951504,2951503,Wed Nov 29 17:08:13 +0000 2017
10869,343853,@SpotifyCares Sure! Will do :),"@343853 Hey Erica! We just sent you a reply to your DM, so we'll continue assisting you there /TF",1105781,1105780,Tue Oct 24 00:27:12 +0000 2017
28602,735368,"@SpotifyCares iPhone 7+, iOS 11.1.1 ... I already swiped to close https://t.co/61po4jfisE","@735368 Thanks for the info. Just to clarify, are you still having the issue? We'll be right here for your reply /MT",2597229,2597228,Fri Nov 17 04:30:37 +0000 2017
20291,577953,@SpotifyCares i have some q's is there anyway I can only listen to the music I save? Or do I have to go premium ? 🙏🏼,"@577953 1: Just to check, are you getting Suggested Tracks? They part of our of Free service on mobile, but you can reduce them by adding...",1944065,1944064,Mon Oct 30 03:41:45 +0000 2017
1110,146176,So is the new @146177 album going to be dropping on @115888 any second or naaaw??,"@146176 Hi Cory! Fingers crossed we'll be able to have it soon, but there's info about Spotify content here: https://t.co/0i8GpimuDa. Hope this info helps /GK",133939,133938,Fri Nov 24 06:19:20 +0000 2017
32233,807639,@116130 is down 😫,@807639 Hey Joe! Thanks for letting us know. Everything’s looking good on our end now - are you still having this issue? /FR,2917859,2917858,Tue Nov 28 21:06:41 +0000 2017
313,125918,Look I love you &amp; all but also get your shit together and stop undownloading all my songs @115888 this $10 ain’t a joke,"@125918 1: Hey, we're sorry to hear that. We'd suggest checking out the steps under “Downloads unexpectedly removed” at...",44681,44682,Wed Nov 01 16:03:19 +0000 2017
32815,815013,there needs to be a @115888 setting to skip spoken word intros to songs. no one listens to ‘da booty’ for the riddle!,"@815013 Hey Meg! Don't worry, we'll pass on your suggestion to the right folks. For anything else, we're just a tweet away /JP",2951510,2951509,Wed Nov 29 17:05:52 +0000 2017
4795,246120,Spotify been blessing me all year @SpotifyCares @125633. Can’t wait to c what da future holds 💯🙏🏽🤘🏾🙌🏽,@246120 💚,543136,543135,Sat Dec 02 16:15:23 +0000 2017
8363,327491,I wish there was a way @115888 would separate new albums vs. new singles,@327491 Nice idea! It's definitely something for the team to consider and we'll make sure it reaches them /DF,873993,873992,Fri Oct 20 17:55:02 +0000 2017
16890,523123,@115888 I think your app might be a little confused https://t.co/9sdm6QWkkb,@523123 Hi there! Everything looks good on our end. Does logging out &gt; restarting your device &gt; logging back in help? Keep us posted /NH,1731391,1731390,Thu Nov 30 19:28:56 +0000 2017
23362,638035,"@SpotifyCares hi please respond to my DM as soon as you can, thanks x",@638035 Hey there! We've just sent a DM your way. Let's carry on chatting there /PL,2176752,2176751,Thu Oct 19 11:21:38 +0000 2017
19005,556111,@115888 are DW playlists now only updated every other week? :(,@556111 Hey Corinna! Your Discover Weekly should update every Monday. Does logging out &gt; restarting the device &gt; logging back in help? /KL,1860280,1860278,Thu Oct 19 15:48:57 +0000 2017
1685,160067,Yo @SpotifyCares the volume on Spotify on my iPhone is outputting at a lower level than it should be. Help plz,"@160067 Hey! Can you give us a bit more info on what's happening? What iPhone, iOS, and Spotify version are you using? We'll do our best to help /CB",187791,187789,Wed Oct 04 11:28:21 +0000 2017
22207,612462,@115888 give me better daily mixes pls,"@612462 Hi Chloe! Don't worry. Daily Mix evolves over time with your listening, but a particular mix shuffles a fresh batch of tracks each day /MG",2070944,2070943,Mon Oct 09 01:05:44 +0000 2017
14972,473198,@SpotifyCares Thank you also,@473198 You're welcome! Let us know if you ever need us again. We'd be... https://t.co/LgAM6ky9Vv /BM,1522812,1522811,Fri Nov 03 20:41:42 +0000 2017
19526,565174,@115888 needs to add the full Lil Wayne F.W.A (free weezy album).. it would be greatly appreciated..,"@565174 Hi Seth! We’d love to have all of Lil Wayne's stuff available to you, but we have some info about content here: https://t.co/0i8GpimuDa /LP",1896180,1896179,Tue Oct 24 12:40:31 +0000 2017
2154,174039,@SpotifyCares hi! I've had a problem with my Spotify for over a month now. The app for my phone keeps telling me I'm offline. Please help me,"@174039 Hey there! Can you let us know your device, operating system, and Spotify version? We'll see what we can suggest.",244333,244330,Thu Oct 05 14:44:57 +0000 2017
3397,205954,Can't a brother listen to original Biggie songs in peace? What are all these nonsense remixes on @115888,@205954 Hey there! Can you tell us more about what's happening exactly? We'll see what we can suggest /NS,379058,379056,Mon Oct 09 05:55:19 +0000 2017
8519,189768,"@SpotifyCares whenever I'm out, away from my home, basically every song either doesn't play at all or does this https://t.co/mp9unvBNvn","@189768 Hey Cooper! What device, iOS and Spotify version is this happening on? We'll look into this /SY",885040,885038,Fri Oct 20 22:24:36 +0000 2017
32745,813509,@SpotifyCares I️ would use Spotify for podcasts if you guys had ign Game Scoop! And podcast Beyond!,@813509 Hey Jake. We’re working hard with rights holders to get more of the best content on the service. Stay tuned! /WP,2944920,2944919,Wed Nov 29 14:54:01 +0000 2017
18830,554648,@115888 can u tell me why when my phone dies it logs me out of spotify &amp; all my songs have to redownload? Currently downloading 1000 songs https://t.co/vXop1Z5Dsm,"@554648 1: Hey there! We're afraid your Spotiy cache is cleared whenever your phone dies. Especially for iOS devices, this is a way for the...",1853618,1853617,Thu Oct 19 02:46:59 +0000 2017
22903,406777,Still waiting for this on @115888 🙄🙄🙄🙄🙄 @51706 https://t.co/eZvfh8rDaS,"@406777 Hey Mark! We’d love to have all the world's music available, but we have some info about Spotify content here: https://t.co/0i8GpimuDa /JE",2136543,2136542,Wed Nov 08 20:35:04 +0000 2017
1521,156948,@115888 @SpotifyCares how about a promo for the people who have been loyal customers for years? Can’t throw us the next 3 months for $3?,"@156948 Hey! We don't have any info on this right now, but we'll let the right team know it's something you'd like to see /RB",115280,174619,Fri Nov 24 22:49:58 +0000 2017
8711,334049,@115888 @SpotifyCares what do I have to do to make u bring back the preview feature it was somethin that set u apart from other apps💔,@334049 Hey! We have more info about this here: https://t.co/pXBCq8GlsI. Give us a shout if you have any questions /BH,901635,901633,Fri Oct 20 23:46:45 +0000 2017
18860,554926,"@SpotifyCares I switched to an Android recently, and everytime I use the app in tje background/another app it crashes! #helpme",@554926 Hey there! Can you let us know what Android and Spotify versions you're running? We'll see what we can suggest /NS,1854857,1854855,Thu Oct 19 05:50:56 +0000 2017
28262,729387,@115888 @6860 LMK WHY I COULDNT FIND THE TAKE CARE ALBUM THIS MORNING PLS AND THANK U,@729387 Hey there! We're happy to say that the album is back for you to enjoy: https://t.co/vzWbxC013c. Rock on 🤘 /JI,2572193,2572192,Thu Nov 16 17:49:40 +0000 2017
10154,366774,@115888 why is Beyoncé's Lemonade album still not on Spotify? 🤧,"@366774 Hey there! We're working on it, and we hope to have it available soon. There's more info here: https://t.co/WI0fi4cJu2 /PX",1043552,1043551,Wed Nov 15 16:37:29 +0000 2017
10312,348832,"@SpotifyCares Thanks, that works!","@348832 You're welcome! If you need us again, you know where to find us. Keep on rocking and https://t.co/mJs5KObHO4 🎶 /RC",1061643,1061642,Mon Oct 23 10:23:19 +0000 2017
5385,262210,Just removed @115888 from all my devices for sending ads as notifications. FU @115888 for misusing notifications for that purpose.,"@262210 Hey there! Sorry to hear you feel that way. If you don't mind, we'd like to help you out. Can you let us know which notifications you're referring to? We'll see what we can suggest /PB",599472,599471,Sun Dec 03 12:01:26 +0000 2017
31014,787071,"@SpotifyCares Hi, wondering if you can tell me why all my downloaded albums and playlists stop being available offline when I haven't listened for awhile? Thanks.","@787071 Hey, sorry to hear that. Check out the steps under “Downloads unexpectedly removed” at https://t.co/38J7tFlIBF. They should help with this. Let us know if there's anything else we can help with /AY",2825217,2825216,Sun Nov 26 23:24:06 +0000 2017
27802,720290,@115888 I already have premum. Pls stop advertising to me. Thank.,@720290 Hi! Are you hearing ads or seeing a banner? A screenshot from the app would be very helpful /SC,2530280,2530279,Mon Oct 30 08:39:50 +0000 2017
26084,682335,Still patiently waiting for Lemonade to be on Spotify 🙃 @SpotifyCares,"@682335 Hey Brayden, we understand! We're still working on it and hope to have it available soon. If you need anything else, just shout /JX",2363263,2363262,Mon Nov 13 21:20:56 +0000 2017
32284,807676,@SpotifyCares I can’t do anything but playlists. Home and search and recent artists all give this screen. Tried reinstalling. Any advice? https://t.co/vatemitPC0,"@807676 Hey there! We had a little hiccup backstage, but it should be working now. We're here if you need us /FR",2917969,2917968,Tue Nov 28 21:00:45 +0000 2017
21228,593725,@125633 thanks for following back. I'm verified on Facebook and Spotify can you help me get twitter verified ? Put in a word,@593725 Hey there! We aren't able to verify Twitter accounts. We'd suggest reaching out to Twitter for more info on their verification process /BB,2007804,2007803,Fri Nov 03 19:18:31 +0000 2017
2345,180736,@SpotifyCares hello fam! I just got a new iwatch 3. And I was wondering if you all will be having a new app come out for it to stream soon?,"@180736 Hi Brandon! We're afraid we don't have any info on this right now. For now, be sure to show your support here: https://t.co/SEK4E4gi22 /LP",271313,271312,Thu Oct 05 20:00:54 +0000 2017
4255,228817,"@SpotifyCares Hi, i have a problem. My roommate can't enjoy my Spotify family account. I invited her, but the system say there is a error and doesn't explain what error is. What can I do?",@228817 Hey! We've responded to your DM. Let's continue the conversation there /DN,478968,478967,Fri Dec 01 10:36:26 +0000 2017
2389,181536,@SpotifyCares Would tweet you if I didn't try that,@181536 Alright. Can you send us a screenshot showing Spotify's battery consumption on your device? /RH,274295,274296,Fri Oct 06 05:45:38 +0000 2017
15138,477385,Pretty please!!~~~ @115888 https://t.co/XJ76c4l2yn,"@477385 Hey! Fingers crossed we'll be able to have it soon, but there's info about Spotify content here: https://t.co/0i8GpimuDa /MG",1540296,1540295,Tue Oct 17 02:01:18 +0000 2017
3354,205425,@SpotifyCares @SpotifyCares I never stated how I feel. That response proves you don't read your customers responses.,"@205425 We assure you we read your comments. We'll pass them onto the right team. In the meantime, let us know if you have other questions /DV",376895,376896,Mon Oct 09 14:45:58 +0000 2017
26060,681686,"@SpotifyCares Just got it today, looks slick!",@681686 Nice! We're glad it's working now. Now let's... https://t.co/flUnoJ2P8u 🎉 /NY,2360619,2360621,Fri Nov 17 12:53:53 +0000 2017
24870,664150,I missed my 3rd year anniversary of paying for @115888 in August 😞 Could have had a party 😜 &amp; by party I mean just lazying it up in my room https://t.co/ds6GYflWMF,@664150 Hi! We've just sent a DM your way. Let's carry on chatting there /MG,2285546,2285545,Sun Oct 29 03:50:48 +0000 2017
29729,760223,"@SpotifyCares hey, moving to uk from canada, cancelling my b.a here and would like to know best way to keep my spotify before transfering payment to uk b.a? Or do i need to cancel my membership? Help!",@760223 Hi Jess! We've just sent you a bit more info over DM. We'll carry on helping out there /DD,2706989,2706988,Sun Nov 19 20:45:55 +0000 2017
197,124010,"@SpotifyCares Galaxy S7 Edge
Android 7.0
Spotify 8.4.25.771",@124010 Thanks! Can you try the steps here for us: https://t.co/EqisDMwZAT? They should help with this /CY,36726,36725,Wed Nov 01 11:35:09 +0000 2017
14907,472174,@SpotifyCares What is an incognito window? I'm actually trying to get into my account details. I have just joined premium family. The only account details I can see say subscription premium and there are no drop down menus or anything clickable.,"@472174 1: An incognito window is where you can browse privately without getting any logs of your history. In this case, can you...",1517952,1517955,Fri Nov 03 20:31:05 +0000 2017
29791,760979,@SpotifyCares Hey we actually figured it out! Thank you though. Premium subscription account cancellation didn’t go through on one account. Thanks though,@760979 No worries! Feel free to get back in touch if there's anything else we can help with /JL,2710063,2710062,Mon Nov 20 01:52:04 +0000 2017
1913,167191,@115888 Pre-made playlists that have horrible songs on them but really good songs too ya know?,@167191 Hey! We hear you loud and clear. We can’t make any promises but we’ll pass your feedback onto the right folks /RH,215431,215430,Thu Oct 05 00:52:29 +0000 2017
9634,300616,@SpotifyCares It’s ok I managed to get it to work. Thanks tho!,@300616 No worries! Let us know if you ever need us again. We'd be... https://t.co/LgAM6ky9Vv /RS,991825,991824,Sun Oct 22 13:33:29 +0000 2017
25232,667063,@SpotifyCares But you have G-Wagon and not So High woooowww,@667063 We hear you 🎧 Rest assured your feedback will be passed on to the right folks /DF,2297924,2297926,Sun Oct 29 16:47:32 +0000 2017
11389,393464,@SpotifyCares @393463 What's this about 60 days free? How can i redeem this?,"@393464 Hi Zac! If you transferred from Groove Music Pass and is a new Spotify subscriber, you can redeem this offer. Hope this clears things up /PK",1162286,1162288,Mon Nov 13 15:08:47 +0000 2017
30877,784818,@115888 9 kr!!!  Det låter som om era utbetalningar till upphovsmännen kommer bli riktigt feta denna jul.,"@784818 Hi there! We can help you out in English via Twitter, but we also have Swedish support via email at https://t.co/ZgU70TbP8M /AK",152218,2815048,Mon Nov 27 00:02:00 +0000 2017
4169,226307,@115888 put @214907’s new single Tell Me You Love On on today top hits playlist,"@226307 Hi Alex! Our Curation team are independent &amp; use taste, data, research, and trends to create playlists, but we’ll pass on your suggestion /CE",467621,467620,Fri Dec 01 04:14:34 +0000 2017
9021,339892,@SpotifyCares Free,@339892 1: Thanks for the info. This is part of our Free service. We have more info here: https://t.co/Uv9kyGcsCc. To reduce the number...,926716,926718,Sat Oct 21 14:44:38 +0000 2017
4901,249703,@116130 I have upgraded to premium however am not able to skip songs? Surely this is a feature of premium...?! #complaint,@249703 Hi Sophie! Could you send us your account's username or email address via DM? We'll take a look backstage /LP https://t.co/ldFdZRiNAt,555492,555491,Sat Dec 02 09:18:47 +0000 2017
31214,792827,Hey @115888 pls bring back the touch preview feature. It was the best feature you had ☹️,@792827 Hey Princess! We have more info about this here: https://t.co/pXBCq8GlsI. Give us a shout if you have any questions /SJ,2851456,2851455,Mon Nov 27 14:15:43 +0000 2017
11869,403742,"@SpotifyCares on PS3, your ads seem to also skip songs","@403742 2: Once closed, reopen the app. Let us know if that makes any difference /RC",1208475,1208473,Wed Oct 25 09:19:55 +0000 2017
19528,565214,@115888 can you please put ‘Right where you want me’ Jesse McCartney on?!!,"@565214 Hey Chloe! We’d love to have all of their stuff available, but we have some info about content here: https://t.co/0i8GpimuDa /MX",1896330,1896329,Tue Oct 24 12:39:55 +0000 2017
2477,183895,@SpotifyCares hi can you kindly help me out with my account? I just dmed you,@183895 Hey! We've just replied to your DM. Let's carry on chatting there /JO,284972,284971,Fri Oct 06 13:19:34 +0000 2017
4979,251260,@SpotifyCares how to cancel Premium account to join Premium Family,"@251260 Hi Vicki, sorry for the delay! You can cancel your Premium for Family plan anytime. Just follow the steps at https://t.co/pApw1XiBDY. We'll be here if you have other questions 👍 /RR",560971,560970,Sat Dec 02 12:41:17 +0000 2017
1816,164070,Hey @115888 @SpotifyCares add this functionality. People want it. Thanks. https://t.co/d5ci8k2Q0J,"@164070 Hey there, thanks for the feedback – we appreciate it! We’ll get this passed onto the right team 💚 /RV",203135,203134,Wed Oct 04 18:45:49 +0000 2017
18886,555084,@555076 @SpotifyCares Classical metadata... I dream about it,@555084 Hi Ellie! You can view the entire title of a track when it's being played on the Now Playing bar and Now Playing screen. Hope this helps /MU,1855596,1855624,Thu Oct 19 08:48:09 +0000 2017
2765,190995,"@SpotifyCares Yes, I did. After the ad, the person says that I have 30 minutes of ad free music.",@190995 That's strange. We'll get this passed on to our devs so they can look into it. Give us a shout if you need anything else /RB,314127,314128,Sat Oct 07 06:05:46 +0000 2017
12806,418949,@SpotifyCares Amazing! Is it possible to transfer my favourite songs from Deezer to Spotify???,@418949 You can find useful info on migrating your Deezer playlists here: https://t.co/b8g5LSSFCQ 🙂/KL,1277334,1277333,Thu Oct 26 15:24:32 +0000 2017
16597,242333,@SpotifyCares It worked 🤗,@242333 Awesome! Let us know if you ever need us again. We'd be... https://t.co/LgAM6ky9Vv /NQ,1701514,1701515,Wed Nov 08 03:49:19 +0000 2017
15812,496122,@SpotifyCares No error message. The app would freeze and when shut off and reopened I’d be logged out. Upon logging in every downloaded song is gone,"@496122 Got it. Can you let us know when did this start happening? Also, does this only happen when connected to your car stereo via Bluetooth? /KM",1618065,1618067,Sun Nov 05 14:44:51 +0000 2017
14106,452327,@SpotifyCares Nothing to do w/ my account specifically. Same for my friends. Whoever went for Spotify Premium had a 7d trial only. (Germany),"@452327 Thanks. The 7-day trial is like a giveaway and is usually offered. After that, you guys should still be eligible for the 30-day trial /GK",1431104,1431106,Thu Nov 02 08:05:09 +0000 2017
19176,558306,@SpotifyCares sure thing! Spotify version 1.0.65.320.gac7a8e02 | macOS Sierra 10.12.6. Keep up the good work! Super &lt;3 @115888,"@558306 Awesome, thanks for your kind words!  Does logging out &gt; restarting the device &gt; logging back in help? Keep us posted /TB",1869189,1869191,Thu Oct 19 21:58:59 +0000 2017
27316,709751,With every upgrade the @115888 app gets more and more buggy. I pay monthly for this? I should switch,"@709751 Hey, that's not cool! Can you tell us what's happening exactly? We also need to know the device, operating system, and Spotify version you're rocking. We'll see what we can do to help /JM",2484425,2484424,Wed Nov 15 15:20:22 +0000 2017
21222,593385,@115888 please put the album (Oracle by kittie). What happened to it?? #Kittie https://t.co/4RN3DHSjrv,@593385 Hey! We’ll have it available to you as soon as it’s available to us. There's more info about content here: https://t.co/0i8GpimuDa /MU,2006672,2006671,Sat Nov 04 10:02:06 +0000 2017
29728,396174,@SpotifyCares Thanks. I understand the inherent idea of trying to match files to existing catalogue—it improves offline capability and it provides play data. But it’s 100% wrong when I have conflicting ID3 tags on my files.,"@396174 We understand. Not to worry, we'll also give our devs a nudge on this /MT",2706985,2706987,Mon Nov 20 01:33:52 +0000 2017
586,131854,"@SpotifyCares I'll gladly translate it: @115888, please start developing for Linux again...","@131854 We don't offer official support for the version of the app for Linux, but here's how to install it: https://t.co/eXsWnXSQiQ /MA",70684,70683,Thu Nov 30 09:42:38 +0000 2017
31293,794162,"@SpotifyCares I'm trying to update my premium payment and I just get this loading page, what's the story? https://t.co/7fWaTU6dL6",@794162 Hi Graham! Could you try updating your payment info at https://t.co/Q1zNbUXR4q on a desktop or laptop computer? Let us know how it plays out /NJ,2857442,2857440,Mon Nov 27 16:36:15 +0000 2017
1589,159390,@SpotifyCares I know but I like to know what's a newly released ALBUM as opposed to just newly released singles.,"@159390 We'll double check things. When you head to Browse, are you seeing a New Releases tab? Here you'll see Spotify's latest albums &amp; singles /J",184361,184363,Sat Nov 11 17:08:17 +0000 2017
13875,446338,"@115888 I'm trying to find the album's 
Cast : Magic Hour
Blondie: No Exit 
Can you help
Ryan","@446338 Hey! Fingers crossed we'll be able to have it soon, but there's info about Spotify content here: https://t.co/0i8GpimuDa /DF",1403675,1403674,Sun Nov 12 17:07:23 +0000 2017
17472,534418,"Here's my complaint. @115888 ,you better fix last.fm scrobbling. My phone always shows me that  wrong password alert all the time.","@534418 Hey there! Can you let us know the phone's model, operating system, and Spotify version you're using? We'll see what we can suggest /LO",1778683,1778682,Wed Nov 08 00:23:46 +0000 2017
25253,667137,"@115888 I already transferred my itunes playlist to Spotify desktop, but on my Spotify phone the transferred songs show up as visible but unplayable. So how do I make itunes purchases play on Spotify in Android phone? #spotifyhelp",@667137 Hey there! Your tunes should be available once you download the playlist where they're saved. More info here: https://t.co/SgMwFS1ONz /QI,2298259,2298258,Sun Nov 12 11:36:06 +0000 2017
17937,148084,@115888 reply to my tweet FFS. 😒,"@148084 We'd like to help out, but could you let us know what's going on first? You can send us more details via DM as well /NJ https://t.co/ldFdZR1cbT",1803465,1803464,Fri Oct 13 15:34:04 +0000 2017
7648,215073,Best in the biz HANDS DOWN @SpotifyCares,"@215073 Thanks for the feedback! If you need anything, feel free to shoot us a message ... https://t.co/4NMw21j8oS 🙂 /WW",823266,823265,Thu Oct 12 23:17:56 +0000 2017
18876,393132,@SpotifyCares Super ball ache. Is the answer no? I can’t have a list of songs in alphabetical order?,"@393132 This isn't possible right now, but we'll make sure to let the team know that this is something you'd like to see /CX",1855403,1855404,Thu Oct 19 09:08:44 +0000 2017
10907,381818,so confused. why is Bashy's Chupa Chups album not on Spotify anymore? allow it,"@381818 Hey there! Fingers crossed we'll be able to have it back soon, but there's info about Spotify content here: https://t.co/0i8GpimuDa /TC",1109419,1109418,Sun Oct 08 09:38:44 +0000 2017
27222,708219,@SpotifyCares spotify version is 1.0.67.582.g19436fa3,@708219 Got it. Does logging out and restarting your device help? Let us know how it goes /RC,2477839,2477840,Wed Nov 15 14:42:58 +0000 2017
16666,517161,@SpotifyCares That is correct - not one on the playlist,@517161 2: more artists into your playlists. Hope this clears things up /AR,1706426,1706428,Tue Nov 07 04:17:28 +0000 2017
1617,159746,"@SpotifyCares alas no, I did continue playlist from the night before. Also, maybe Dutch market is too small but really tired of same, spotify, commercials","@159746 1: Thanks for the feedback. Don't worry, we'll let the Ad team know. Just to check, did you definitely watch the video ad that...",186193,186195,Wed Oct 04 06:35:56 +0000 2017
1457,156299,@SpotifyCares whenever I get a Snapchat or open up Snapchat my music from Spotify stops ☹️ can you help me out with this??,@156299 Hey there! Could you let us know the device/OS you're using? We'll see what we can suggest /DF,172453,172451,Fri Nov 24 22:12:46 +0000 2017
30600,745366,"@SpotifyCares Also, you guys took $4.99 from my account. I want it back!",@745366 Hey! We just replied to your DM with more info. We'll carry on helping out backstage /CB,2789315,2789314,Tue Oct 31 18:07:56 +0000 2017
5747,270407,"@SpotifyCares Thanks but doesn't really answer my question??... is it coming back when you do ""improve the service?""","@270407 We're afraid we don't have any more info to share about this at the moment, but we'll let the right team know you'd like to see it back /MC",634372,634371,Wed Oct 04 20:26:40 +0000 2017
21106,590546,"@118266 Hari ini ngga bisa login di handphone, kenapa yah padahal email dan password benar","@590546 Hi there! We can help out in English via Twitter, but we also have Indonesian support via email at https://t.co/ZgU70TbP8M 🙂 /JI",1997209,1997208,Fri Nov 03 16:18:39 +0000 2017
26335,688295,@115888 please bring back the touch preview button.,"@688295 Hey Jason, we hear you! We have more info about this here: https://t.co/pXBCq8GlsI /PL",2389012,2389011,Tue Nov 14 07:47:35 +0000 2017
13373,433410,"@SpotifyCares Oh, I see. Thanks-","@433410 You're welcome. If there’s anything else, just let us know. We'd be happy to help /FR",1343777,1343778,Tue Oct 17 01:33:20 +0000 2017
13212,428243,"@SpotifyCares This, where do I opt out? https://t.co/iSuWs6VY4W","@428243 1: We hear you. Sorry to hear hat you feel that way. We aren't currently capturing this information. As soon as we do, there...",1320118,1320117,Wed Oct 18 06:07:00 +0000 2017
33028,819734,It genuinely upsets me that the Piglet's Big Movie soundtrack is not on Spotify. @115888 explain yourself,@819734 Hey! We’ll have it available to you as soon as it’s available to us. https://t.co/YlV1IAXwsi /ML,2972071,2972070,Mon Feb 27 04:21:29 +0000 2017
6827,295282,@SpotifyCares PLEASE move the download button!  I thought it was an obvious issue but apparently it’s not.,@295282 Hey Ahmed! We’d recommend suggesting it in our Community where you can get support from other fans: https://t.co/WgY7GXI7jf /JX,732222,732221,Fri Oct 06 18:35:17 +0000 2017
8157,324162,@SpotifyCares why is something as basic as your web player not working for so many users? this is ridiculous that spotify is not providing any useful help,"@324162 We’re looking into this as we tweet. Thanks for bearing with us, we'll keep everyone updated /MX",859888,859887,Fri Oct 13 13:32:29 +0000 2017
2266,178315,@SpotifyCares Any news on this one? When can we expect this to get fixed?,"@178315 Hey Cluda! We don't have any info on this right now, but we've already reported this to the right team. Hopefully we'll have a fix soon /GU",261672,261673,Tue Oct 03 21:53:14 +0000 2017
13639,438982,@115888 @10917 @SpotifyCares,@438982 Sorry to hear Discover Weekly wasn’t to your liking this week! It’ll be re-tuned on Monday. Check out the Daily Mix in the meantime /DF,1370356,1370355,Fri Oct 27 18:42:41 +0000 2017
14882,472098,A @115888 feature request: a filter to remove all songs with auto tune vocals,@472098 Hey John! We can see how that’d be handy. Thanks for taking the time to reach out – your feedback's been noted 📝 /MT,1517639,1517638,Mon Oct 16 23:44:33 +0000 2017
8365,327493,@115888 can you guys please fix your Roku app? lol it's pretty terrible.,@327493 Hey Lindsay! What’s happening exactly? Let us know how we can help /CO,873998,873996,Fri Oct 20 17:34:49 +0000 2017
14771,470367,"@SpotifyCares iPhone 6, 11.0.3 iPhone version and 8.4.25 Spotify version",@470367 Thanks for that info! Could you try uninstalling and reinstalling the app? Let us know how it goes /DF,1509467,1509469,Fri Nov 03 18:24:01 +0000 2017
21846,606748,"@SpotifyCares didn't realise my student Spotify had ran out because it was deleted from my calender somehow, do I cancel my sub then redo?",@606748 Hi Lauren! Could you send us your account's username or email address via DM? We'll take a look under the hood /LP https://t.co/ldFdZRiNAt,2051672,2051670,Thu Oct 05 20:20:23 +0000 2017
30183,503123,@SpotifyCares hey thinking of switching over from @115948 because of the issues I’m having. The family premium plan. Does that work in conjunction with the promo of 50% of using quicksilver card?,"@503123 Hey there! If you're signed up for Premium for Family, you won't be eligible for any other offers. If you ever need anything else, just shout and we'll come running 🏃 /ZO",2751289,2751288,Tue Nov 21 00:09:14 +0000 2017
217,124329,"@117153 @SpotifyCares When will Spotify HiFi release in Denmark, what will the streaming quality be (frequency range, eg.) and what will the price be in Dkk?","@124329 Hi there! We don't have any details on this yet. Don't worry, we'll let our devs know it's something you'd like to see /GK",38306,38305,Wed Nov 01 12:57:37 +0000 2017
29004,664632,@SpotifyCares the update looks great! 😊,@664632 Thanks for the feedback Colton! It's music to our ears 🎶 /JI,2622844,2622843,Fri Nov 17 16:07:37 +0000 2017
6903,297158,@SpotifyCares just the Spotify app :(,"@297158 Hmm. Have you tried closing out of and reopening the app? If that doesn't do the trick, we'd recommend a fresh reinstall. Keep us posted /WW",740743,740745,Fri Oct 06 22:21:34 +0000 2017
28425,731782,Are we expecting the new @146177 album at midnight on Spotify ??,@731782 Hey there! We’ll have it available to you as soon as it’s available to us. We have more info about Spotify content here: https://t.co/0i8GpimuDa /CE,2582063,2582062,Thu Nov 16 22:47:00 +0000 2017
3924,219550,@SpotifyCares I need these changes implemented immediately.,"@219550 Hey! We can see how that’d be useful! You can vote for the official idea here: https://t.co/rqyzoF2SLd. Anything else, just shout /ND",440672,440671,Mon Oct 30 17:03:09 +0000 2017
9290,348224,"@115888 your app is tweaking tf out, I can't play anything no more. Fix it bro😤","@348224 Hey there! Can you let us know which device and operating system you're using? Also, is this happening over WiFi or 3G/4G? /NQ",961773,961771,Sun Oct 22 00:49:27 +0000 2017
18440,284977,@spotifycares and yes I have actively been using the 'dont play any songs from this artist' option,"@284977 You've previously mentioned that you don't see the ❤️ or 🚫 on your Daily MIx. Just to check, have you been tapping on those icons? /MU",1834457,1834454,Wed Oct 18 13:51:27 +0000 2017
28643,735834,"@SpotifyCares v8.4.27, iPhone, iOS 11.0.2 – I found a recent 5-page thread of Mazda owners with same problem: https://t.co/APGA5M0mhg",@735834 Got it! Could you try uninstalling and reinstalling the app? Let us know how it goes /DF,2599165,2599167,Fri Nov 17 18:02:34 +0000 2017
11774,401852,@SpotifyCares Only 2 devices so did not go over limit. I put device back but it removed itself and as of now put itself back.,"@401852 Hi Brandon. Don't worry, help's here. Can you tell us what username or email address you're using so we can pull up your account /JU https://t.co/ldFdZRiNAt",1199586,1199585,Wed Oct 25 04:15:20 +0000 2017
6225,280742,@SpotifyCares Is the correct version of 'Guilty' (Track 7)  on this album? My CD copy has a version by Al Bowlly https://t.co/dxGqHqjdnx,@280742 1: Hi Lincoln! Looks like the version included in the album is the remastered one. If you're looking for Al Bowlly's version of the...,673961,673962,Thu Oct 05 14:53:05 +0000 2017
2136,173797,"@SpotifyCares I can't believe only 3,000 of us want this. There have to be more.","@173797 Not to worry. We'll make sure to pass your thoughts on to the right team. If there's anything else, just give us a shout 🙂 /AU",243357,243356,Thu Oct 05 14:19:10 +0000 2017
21714,603968,@115888 and @127972 really need to work together so I don't get the urge to throw my remote through my tv while using that channel 🙄,@603968 Hey Alexis! The cavalry's here. Can you let us know what's happening exactly? We'll see what we can suggest /KB,2042469,2042467,Wed Oct 18 22:47:08 +0000 2017
22068,610343,"@SpotifyCares on my phone nothing shows up it just doesnt play, my pc shows this https://t.co/Ms9lfjVJB5","@610343 Thanks. Can you log out, restart the device, then log back in before checking one more time? Let us know how it goes /JU",2063743,2063745,Thu Oct 19 01:07:05 +0000 2017
21975,608903,@SpotifyCares Don't mind ads but 4 in a row is a no no,"@608903 We understand your frustration, and we'll be sure to pass your feedback to our Ads team. Let us know if we can help with anything else /LM",2058786,2058787,Sat Oct 07 19:03:01 +0000 2017
15017,474384,@SpotifyCares And lose everything I downloaded over WiFi in the first place? Especially when I personally paid for bandwidth.,@474384 2: Listed under 'Downloads unexpectedly removed' are possible reasons why your downloads might have been removed /AG,1527849,1527848,Fri Nov 03 22:19:41 +0000 2017
14614,466472,@SpotifyCares can’t seem to be controlling spotify through my control center after ios11 update????,@466472 Hi Sher! Can you let us know what version of Spotify you're using? We'll see what we can suggest /DR,1491954,1491952,Fri Nov 03 08:57:17 +0000 2017
17239,530692,@SpotifyCares Hey there. Currently getting skipping during songs. Playing on Macbook Pro OS 10.12.6. Any suggestions? Have latest Spotify.,"@530692 Hey Cormac, help's here! Could you confirm the exact app version? Does it happen during all songs? We'll see what we can suggest /T",1764098,1764097,Tue Nov 07 16:15:08 +0000 2017
29921,764287,"@SpotifyCares I’m in the beta for Spotify on  iOS, but I have not gained access to the beta community boards. It’s been a little over a week.","@764287 Hey Arne! Just to check, is this what your trying to access: https://t.co/8uZY9lUast? /RS",2725147,2725145,Mon Nov 20 10:40:56 +0000 2017
30248,771722,Dear @SpotifyCares why I lost song in the middle? I,@771722 Hey Andriani! Can you let us know what's happening exactly? We'll see what we can suggest /FR,2757594,2757592,Tue Nov 21 02:49:13 +0000 2017
20206,576953,"@SpotifyCares just opened spotify android app, my library of 1000+ saved songs has dissappeared! Any solutions? Not a happy premium customer",@576953 Hey. Sorry to hear that. Check out the steps under “Downloads unexpectedly removed” at https://t.co/38J7tFlIBF. They should help with it /QI,1939666,1939665,Sun Oct 29 15:59:04 +0000 2017
17149,528925,and to ease things for me a bit can you @115888 please allow me to have you here in russia,@528925 2: We'd suggest signing up here to be first to hear: https://t.co/XDwWzj7cLP /JE,1756620,1756619,Tue Oct 17 19:10:00 +0000 2017
5865,274155,@115888 when tf are y'all gonna launch in india? i wanna listen to bts's playlists :/,@274155 Hey there! We're launching regularly in countries around the world. Sign up here to be first to hear: https://t.co/XDwWzj7cLP /CG,648641,648634,Wed Nov 22 17:23:09 +0000 2017
5707,270227,So annoying when podcasts don't refresh and display the most current one for the day. You need a refresh button!!!!!!!!! @SpotifyCares,"@270227 Hey Kevin, that doesn't sound right. What's happening exactly? Can you tell us more about it? We'll see what we can suggest /JE",633773,633772,Wed Oct 04 15:13:49 +0000 2017
6401,285880,"@115888 your 1.0.64.399 upgrade (from 1.0.63....) on Windows made all songs sound like shit. No more bass, just a lot of treble :(",@285880 Hey there! Can you try following the steps at https://t.co/VgOMG9xsiH? Any better? /AG,695456,695454,Thu Oct 05 22:09:19 +0000 2017
27468,578815,Any way to sort my library by genre @116380 ?,"@578815 Hey there! We don't have any info on this right now, but we'll let the right team know it's something you'd like to see /NQ",2498661,2498660,Mon Oct 30 03:19:31 +0000 2017
370,126822,@SpotifyCares I didn't say I wasn't enjoying it!,"@126822 Oops, apologies for that! Have a... https://t.co/OdbkcWnbGH 💚 /NG",48576,48578,Wed Nov 01 17:12:39 +0000 2017
3059,197772,Does Spotify part of social media site? @115888 #askingspotify,@197772 Hi Azizah! We'd love to help out. Can you let us know what's happening exactly? /MU,343544,343543,Thu Oct 26 06:00:42 +0000 2017
19462,563040,"@SpotifyCares hi, my student discount for premium account isn't working even though I have been verified as a student",@563040 Hey! Can you fire over your account's email address or username via DM? We'll take a look backstage /RC https://t.co/ldFdZRiNAt,1887838,1887837,Wed Oct 18 10:08:28 +0000 2017
27725,718656,@115888 where is the iPhone X Spotify update?,"@718656 Hey! We’re working on it as we speak. Stay tuned, and give us a shout if you need anything else /RB",2523586,2523585,Thu Nov 16 02:06:14 +0000 2017
20180,576468,@115888 please get the coraline soundtrack like i just wanna live out my beautiful halloween fantasy and it's just not working,"@576468 Hey! Don't worry, we’ll have it available to you as soon as it’s available to us. There's more info here: https://t.co/0i8GpimuDa /MG",1937915,1937913,Sat Oct 28 01:04:08 +0000 2017
5287,252747,"@SpotifyCares seriously, I finally get it to install some updates and then.. CLANG! Whats with this? Making it much easier choice for me NOT to purchase Premium!",@252747 Sorry for the delay. We've just replied to your DM. Let's carry on chatting there /DV,584177,584176,Sun Dec 03 03:31:00 +0000 2017
18236,547411,@SpotifyCares thanks 🙏🏽,"@547411 Anytime! Just to check, is your app working fine now? /RH",1823560,1823561,Wed Oct 18 04:48:58 +0000 2017
6917,297560,"@SpotifyCares Cheers for the reply, and my suggestion for a long press feature is the old one lol :)","@297560 You're welcome, and thanks for letting us know! We're just a tweet away if you need help with anything else 🙂 /CP",742596,742595,Wed Oct 11 14:52:29 +0000 2017
23185,634696,@115888 is there a way to check my most listened to songs? Asking for myself,@634696 Hey there! You can tell yourself to check this link out: https://t.co/bCcvRpSeKV 😉 /AP,2161274,2161273,Thu Nov 09 05:34:29 +0000 2017
24389,655590,@115888 can we please get a quick fix to Android widget to support 5x1 gride sizing?! Please. I've been asking for a year now.,"@655590 Hey Dave, we can see how that’d be useful! You can vote for the official idea here: https://t.co/9F1PuuOmpy /TB",2250136,2250135,Thu Oct 19 16:47:13 +0000 2017
6463,139989,"@SpotifyCares @115888 your shuffle  algorithm is severely flawed, there are lots of posts about it on your community message board, any idea if you’ll fix it cause it’s making me consider leaving 
https://t.co/R0gT1WwXc2",@139989 Hey Connor! We’ve recently made some improvements to our shuffle algorithm. We’d love to hear your feedback here: https://t.co/T3vZnSL3od /K,700414,700413,Thu Nov 23 15:20:18 +0000 2017
5355,259961,"@SpotifyCares Hi! Will there be a personal ""My Year in Music 2017""?, as we had in 2014, 2015? I was waiting for this for the whole of 2016, and it never came. I have now waited the whole of 2017 and I really hope you guys bring us something this year!","@259961 Hey there! We don't have any info on this at the moment, but keep your eyes peeled for updates 🙂 /PB",591487,591486,Sun Dec 03 15:18:49 +0000 2017
29600,633114,Ok but I NEED YALL TO UP THE DOWNLOAD LIMIT NOW!!!! I’ve been waiting for fucking 3 years! It’s time! Do yall want to loose your customers??@115888 @SpotifyCares @117168 @116130 @117153 @38265 @103714 @7997,"@633114 We hear you 🎧 Rest assured, your feedback will be passed on to the right folks /DF",2690963,2690962,Sun Nov 19 14:16:35 +0000 2017
21810,605615,The Spotify/Hulu premium student deal is a real one-two punch to my efforts of getting any studying done,"@605615 Hi again Andrew! We’d love to have the chance to use your tweet. Are you cool with this? If so, hit us up via DM /T https://t.co/ldFdZRiNAt",2047829,2047828,Sat Sep 23 18:53:03 +0000 2017
17648,537198,"@SpotifyCares I have a premium account, not a student account","@537198 Hey there! Can you try opening https://t.co/cnaaFIwigZ in an incognito window, and heading to Subscription &gt; Update. Keep us in the loop /MQ",1788340,1788339,Thu Oct 12 15:59:58 +0000 2017
28243,728838,"@SpotifyCares Thanks, guys! 😀",@728838 Any time! Feel free to reach out if you ever need any help. We're always here to lend a hand ✌️ /TB,2569860,2569862,Mon Oct 30 16:34:41 +0000 2017
2953,194513,@SpotifyCares I'm on my laptop (a chromebook) and it won't let me play any songs but will on my phone.,"@194513 Do you get an error message when you try to play songs using the web player? If so, a screenshot would come in handy /RH",329401,329403,Fri Oct 27 05:38:00 +0000 2017
7956,321063,"@116130 hello there, has anyone acknowledged my DM? Or please may you provide an email address so I pursue my query. Thanks.","@321063 Hey Priyanca! Did you get a response yet? If not, can you let us now what's happening exactly? We'll see how we can help /JP",845924,845922,Fri Oct 20 10:58:38 +0000 2017
2684,188465,@SpotifyCares @AppleSupport iPhone is showing wrong song when phone is locked and playing music on Spotify. Phone or Spotify issue?,@188465 Hi there! Can you tell us the make and model of your iPhone and its iOS and Spotify versions? We'll see what we can suggest /JM,303545,303546,Fri Oct 06 19:22:33 +0000 2017
6481,287225,@SpotifyCares please fix Shuffle. I have enough music for Shuffle to not be this picky https://t.co/IaSYaZhgqt,@287225 Hey there! We’ve recently made some improvements to our shuffle algorithm. We’d love to hear your feedback here: https://t.co/T3vZnSL3od /GU,700660,700659,Wed Oct 04 19:02:56 +0000 2017
4149,225891,@SpotifyCares oh no it was there at 12 y'all did great &lt;3,"@225891 Thanks for the kind words! If there's anything else, just give us a shout 🙂 /RH",466805,466807,Fri Dec 01 05:28:12 +0000 2017
25442,669690,"@SpotifyCares Like I have been having to sort this with pretty much every streaming and download service on the Web now. You're my last port of call. 
Basically if the track is Drum &amp; bass by Virtue - that's me. Not the girl group. Lol.",@669690 1: Hi there. Sorry about that! We’d recommend reaching out to your distributor/aggregator. They'll work with our team to make sure...,2308818,2308819,Mon Nov 13 01:28:14 +0000 2017
19378,561315,"@SpotifyCares for some reason, GBs of music I downloaded to my device vanished again for the 3rd time. So frustrating. Time to move on then","@561315 Hey, sorry to hear that! Check the steps under “Downloads unexpectedly removed” at https://t.co/38J7tFlIBF. They should help with this /QI",1880776,1880775,Sat Oct 21 13:34:35 +0000 2017
22350,615426,@115888 it'd be so cool to see how many barriers music can break.,"@615426 Hey Pat, this sounds like a great idea! Suggest it in our Community at https://t.co/rtDvYZOF32 and get support from other users 😁 /NS",2081052,2081051,Mon Oct 09 22:06:53 +0000 2017
24087,430170,Not even a swifty and even I'm pissed @115888 hasn't got #Repuation...hurry up I want a nosey 👏🏼 https://t.co/PEXZEY8HYe,"@430170 Hi. Taylor Swift's 'Reputation' isn't available to stream just yet – stay tuned! For now, check out the singles: https://t.co/3h0TnPWP0c /BP",2225681,2225679,Fri Nov 10 07:55:31 +0000 2017
6428,286693,@SpotifyCares Windows 10 and primarily using google chrome (if that helps). Thanks!,@286693 Thanks for the info! Can you try restarting your router to see if that fixes things? We'll keep an eye out for your reply 🙂 /NH,698859,698861,Tue Oct 31 15:07:40 +0000 2017
12521,294502,@SpotifyCares or this : https://t.co/HvQxHfxfT5,@294502 We consider purchased streams as fraudulent. Using promotional services to buy streams could result in your content being removed /M,1259365,1259367,Thu Oct 26 10:06:21 +0000 2017
16114,505340,If @115888 could stop playing scary movie commercials it would really help improve my overall fall experience,"@505340 Hi there! Sorry, we didn't mean to scare you. We'll pass your feedback on to our Ads team /GT",1656005,1656004,Tue Oct 17 13:40:23 +0000 2017
14387,461433,"@SpotifyCares is it really necessary to always have the Waze Maps banner pop up every time I open the app? Even after I press ""X""","@461433 Hey there! We're here to help. Can you let us know what device, operating system, and version of Spotify you're using? /AN",1470931,1470930,Thu Nov 02 22:00:36 +0000 2017
23851,647441,@115888 why isn’t @118062 s album on Spotify?,@647441 Hey! We’ll have it available to you as soon as it’s available to us: https://t.co/0i8GpimuDa /RA,2215919,2215918,Fri Nov 10 05:35:47 +0000 2017
10550,374613,@SpotifyCares hey guys! I've been using Spotify FOREVER and I've hit the 3333 mark for offline downloads. Will this ever be extended?,"@374613 Hey Sean! We don't have any info on this right now, but we'll let the right team know it's something you'd like to see. Stay awesome /KL",1079429,1079428,Mon Oct 23 16:19:25 +0000 2017
20553,581849,@SpotifyCares I asked them. They said to contact you,@581849 We're afraid we don't have access to your Playstation info. It'd be best to contact them for assistance. They should be able to help out /CH,1962122,1962428,Mon Oct 30 23:38:59 +0000 2017
19838,570431,@SpotifyCares can you do this on iphone?,"@570431 Hey! To bring back your deleted playlists, just head here: https://t.co/GBiFQ1dMbA. We hope that helps 🙂 /NJ",12101,1915086,Tue Oct 31 15:30:06 +0000 2017
8138,323987,"@SpotifyCares Hey, OS is MacOS Sierra 10.12.6. There's no error, I simply click Create Similar Playlist but it's like I'm not even clicking it - it's not like it clicks and doesn't do anything, it might as well be greyed out as nothing happens whatsoever. TY",@323987 Thanks. Does logging out &gt; restarting your device &gt; logging back in again make any difference? /KM,859107,859105,Fri Oct 13 14:09:06 +0000 2017
18004,385852,@SpotifyCares I don't mind the shuffle feature but not being able to play songs is a bit futile in terms of having the app. Thanks for the help tho!! 😊,"@385852 We appreciate your feedback. Rest assured, we'll pass it on to the right folks. If there's anything else, just give us a shout 🙂 /AU",1808428,1808429,Sat Oct 14 15:29:42 +0000 2017
24915,664457,Why is twice not on Spotify.....,"@664457 Hey, help's here! Just to check, is this what you're looking for: https://t.co/zb4jNpPeeu? /JS",2286846,2286845,Sun Nov 12 00:57:00 +0000 2017
8806,335344,@115888 @132021 https://t.co/2tjYHG3jCu,"@335344 2: Don't worry, it's not a trap 😉 https://t.co/UaTP1wYNiD /NY",906943,906941,Tue Oct 10 14:01:43 +0000 2017
7331,308177,@35039 did you change your name. @115888 https://t.co/H6wiXf2DWk,"@308177 Oops, that's embarrassing. We'll let the right folks know about this. Thanks for the heads up! /RA",789112,789111,Sun Oct 08 00:26:22 +0000 2017
24425,225430,"@SpotifyCares can you tell @115888 to stop putting Weezer in my release radar or suggesting it. Not sure how your music algorithms aren't reading how I delete them from my queue or skip every time...are you trying to make me like Weezer's new abum? Cause no. No, I don't.",@225430 Hey Mark! These suggestions are based on the music you and other people with similar tastes listen to. But we'll pass your feedback on /BH,2251388,2251386,Fri Nov 10 19:24:34 +0000 2017
5145,253957,"@115888 hi there, how do I stop my music from cutting off when I receive a snapchat notification?","@253957 Hey there! Can you let us know your device, operating system, and Spotify version? We'll see what we can suggest /AP",570528,570526,Sat Dec 02 21:17:43 +0000 2017
120,119724,@SpotifyCares I uninstalled another program just to be sure it wasn't a problem with my computer but it worked fine.,@119724 Hey there! Are you able to uninstall the app after restarting your computer? We'll see what else we can suggest /NQ,16943,16941,Wed Nov 01 03:47:46 +0000 2017
8558,166075,@SpotifyCares Both,"@166075 Hmm. You might have tried this, but we just want to be sure. Have you tried logging out &gt; restarting your device &gt; logging back in? /RK",886339,886341,Fri Oct 20 22:57:22 +0000 2017
9708,357275,@SpotifyCares help please.,"@357275 Hey, help's here! Can you let us know what's happening and on what device? We'd love to lend a hand /LR",1002341,1002340,Sun Oct 22 10:23:49 +0000 2017
12194,409163,@SpotifyCares Now i cant use the app at all. What am i supposed to do to fix this?,@409163 Can you let us know when you started having this issue? Have you tried rebooting your Mac? /RH,1232903,1232901,Mon Oct 16 01:03:57 +0000 2017
15036,474546,@SpotifyCares Thanks! 😁,@474546 No worries. Just let us know if we can help with anything else. https://t.co/m4HWSbgHVZ /NQ,1528486,1528488,Tue Oct 17 01:31:36 +0000 2017
32336,808022,@115888 why do I pay for premium when shit never loads,@808022 Hey Steve! Everything should be running smoothly now. Let us know if you're still getting issues /GS,2919338,2919337,Tue Nov 28 21:18:33 +0000 2017
16751,519527,@115888 PC app starts right up no problems. Mac app sucks all my power and still doesn't work.,@519527 Hey! Can you tell us more about what's happening exactly? What OS X and Spotify versions are you using? We'll see what we can suggest /AR,1715479,1715478,Tue Nov 07 02:27:09 +0000 2017
17793,539312,"@115888 my name is Þorbjörg Skagfjörð and I live in Iceland, __email__ and stop stealing money from my credit card",@539312 Hey there! We suggest deleting your previous post as it contains private info. Could you DM it to us instead? /AY https://t.co/ldFdZRiNAt,1794746,1794745,Thu Oct 12 10:36:57 +0000 2017
28021,431768,@SpotifyCares Music not in my playlist begins to play whenever I shuffle my playlist. iPhone 6,"@431768 Hey there! Just to check, does it only happen after your playlist ends or in between tracks? Keep us in the loop /GU",2550029,2550028,Mon Oct 30 11:30:52 +0000 2017
26816,698941,@SpotifyCares iOS 11.0.3. Spotify 8.4.24,"@698941 Thanks! Does logging out and back in help at all? Also, have you tried reinstalling Spotify? Keep us posted /BH",2436147,2436148,Sun Oct 29 18:42:15 +0000 2017
19609,566593,"@SpotifyCares I'm a spotify user and for some reason, my spotify won't let me play my playlist. Please help.","@566593 Hey, help's here! Can you fire over the device's make/model, OS, and the Spotify version you're using? We'll see what we can suggest /JS",1901256,1901255,Tue Oct 24 01:37:16 +0000 2017
1332,153448,@SpotifyCares https://t.co/JNZ11gjkjC,@153448 We've gone ahead and gave the right folks a nudge on this. Thanks for reporting! /MT,162221,162222,Fri Nov 24 22:33:01 +0000 2017
776,137939,"@SpotifyCares I have a lot with the UX of the spotify app, but twitter has not enough space to document all flaws ... Your Content is great, the UX is atleast medium 😞","@137939 Thanks for the feedback – we appreciate it! We’ll get this passed onto the right team. Give us a shout if you have any other questions, we're here for you /TI",100120,100122,Thu Nov 30 17:30:01 +0000 2017
23833,647428,"@SpotifyCares @633721 Hey Omar and Spotify, I have an Iphone 7 plus and I’m finding this is happening with all of my music systems not just spotify. Especially when receiving @124423 notifications","@647428 Hey, help's here! Can you let us know the iOS and Spotify versions you're using? We'll see what we can suggest /GK",2215867,2215874,Fri Nov 10 06:42:16 +0000 2017
20536,581739,@SpotifyCares Thank you. Is there an article about putting local files on my phone to play if that is possible?,"@581739 No worries. By the way, we have more info about syncing local files at https://t.co/SgMwFS1ONz. Hope this helps 🙂 /AK",1961619,1961621,Mon Oct 30 23:29:39 +0000 2017
31670,633870,@SpotifyCares Ohhh ok. Thank you Spotify for replying! This has been helpful thank you!,@633870 You're welcome! Let us know if you ever need us again. We'd be... https://t.co/LgAM6ky9Vv 🙂 /AU,2894025,2894028,Tue Nov 28 16:32:43 +0000 2017
17556,535969,@spotifycares. I have moved from US to DK and I need to change my country settings. The guide on the website does not work.,@535969 Hey Jeppe! Help's arrived. Can you send us your account's email address or username? We'll see what we can suggest /KM https://t.co/ldFdZRiNAt,1783830,1783829,Wed Oct 11 08:37:59 +0000 2017
2311,179253,@SpotifyCares Weird. I didn't do anything and it just started working. ¯\_(ツ)_/¯  Cheers.,"@179253 We love it when that happens! If you have any other questions, just let us know. We're... https://t.co/zOXI69QSqg 🙂 /CG",265520,265522,Thu Oct 19 18:12:09 +0000 2017
19197,473405,"@115888 so I am listening to my songs, why are there other songs playing that I did not add? Now I have used all my skips.","@473405 1: Hey Chip! Suggested Tracks are a part of our Free service on mobile. To reduce the number of Suggested Tracks you get, try adding...",1523711,1523712,Thu Oct 19 20:56:55 +0000 2017
22571,622520,HELP @115888 https://t.co/pv4Gxq8FnQ,"@622520 2: Also, music availability all boils down to licensing agreements. More info at https://t.co/VMrgnGpB4G. Any questions, just shout /LM",2110186,2110185,Wed Nov 08 15:18:46 +0000 2017
7802,318563,@115888  is trying to tell me that im not in college,@318563 Hey there! We've just sent you a DM. Let's continue chatting there /NS,833834,833833,Mon Oct 09 01:56:08 +0000 2017
7302,166680,"@SpotifyCares The app pausing Spotify constantly is @116584 's Dasher app for drivers, here's screenshots of my phone and app info https://t.co/x1rnfmh6Zz","@166680 Thanks for the screenshots. When did this start happening, was it after a specific update or has it been happening ever since? /HC",787963,787965,Thu Oct 12 10:47:22 +0000 2017
13596,437810,"@SpotifyCares I just deleted the app and reinstalled it yesterday, so it should be.","@437810 Gotcha. Does logging out, restarting your iPhone, and logging back in help at all? /JE",1365045,1365046,Fri Oct 27 22:16:12 +0000 2017
19380,561428,Why am I️ paying for premium when i still hear this shit? @115888 https://t.co/7lNwPtMEs1,"@561428 2: independent and use taste, data, research, and trends to create playlists, but we’ll pass on your comments /NQ",1881225,1881224,Wed Nov 08 03:15:53 +0000 2017
7749,318197,"just let me listen to suneohair please..... please @115888 if it wasn't for suneohair's music, I would've killed myself back in college",@318197 Hey there. We'd love to have him on Spotify! Hopefully we will in the future. Check this out: https://t.co/MEjmIS2D69 /MO,832174,832172,Fri Oct 13 05:11:24 +0000 2017
1256,151199,@SpotifyCares Thanks! I'll do it!,@151199 Good to hear! Just give us a shout if you need any help and we'll come running 🏃 /TB,153751,153752,Fri Nov 24 19:42:31 +0000 2017
24305,654603,@115888 can you please tell me why your app had a pop up showing me the new wiz khalifa trash and not for the new Eminem? Fix your algorithms please.,@654603 Hi Pablo! Can you fire over a screenshot of what you're seeing on your end? We'll take a look backstage /XF,2246041,2246039,Fri Nov 10 22:36:12 +0000 2017
21749,604814,Please add this https://t.co/vnpkMj6UbS @115888 @SpotifyCares @3493 @11248 @11249,"@604814 Hey there! Fingers crossed we'll be able to have it soon, but there's info about Spotify content here: https://t.co/0i8GpimuDa /AU",2045170,2045169,Wed Oct 04 16:32:51 +0000 2017
84,117672,@115888 @SpotifyCares When will you add an explicit filter?  My kids don't want to hear those songs.,@117672 2: recommend showing your support for the idea here: https://t.co/CdI1SY9KZE /KB,9365,9363,Tue Oct 31 23:59:29 +0000 2017
6528,288458,@SpotifyCares ur the best i’ll never leave you for apple music,"@288458 Aww, that made us blush a little. If you ever need us again, we're just a tweet away. https://t.co/M9DGmitf5G 🤘 /JE",704822,704821,Thu Nov 23 18:06:27 +0000 2017
21579,602280,"@SpotifyCares I actually had my student account expire two months ago, but I got it fixed now I subscribed to the bundle. Thanks!",@602280 Awesome! Let us know if you ever need us again. We'd be... https://t.co/LgAM6ky9Vv /RB,2037060,2037059,Wed Oct 18 22:24:28 +0000 2017
23640,643686,@115888 y’all wanna stop shuffling and playing songs i never put in my playlist https://t.co/Mia2CUzvAj,@643686 Hey! It sounds like the Autoplay feature is switched on. Having the feature enabled means that once you finish the album/playlist a radio station based on the album/playlist will start. Here's our guide on how to switch it off: https://t.co/R2NEIUoQFA /RC,2201018,2201017,Sun Nov 26 12:56:53 +0000 2017
18834,325332,@SpotifyCares I tried uninstalling/reinstalling last night and the problem persisted.,@325332 Hmm. Can you let us know the device's model and the exact operating system and Spotify versions you're using? /PL,864558,1853724,Thu Oct 19 14:48:11 +0000 2017
33075,821431,@SpotifyCares Can she purchase it with my debit card numbers ?,"@821431 Debit cards are also considered as a recurring payment method, so this should work. As long as your payment card meets these requirements: https://t.co/rd9Yy2B4v2, you should be good to go. Hope that helps /CH",2978419,2978421,Thu Nov 30 04:06:46 +0000 2017
21962,608823,@115888 i want #sheep so put it thank u,"@608823 @115888 Hey there! Fingers crossed we'll be able to have it soon, but there's info about Spotify content here: https://t.co/0i8GpimuDa /DD",2058529,2058528,Sat Oct 07 02:45:52 +0000 2017
15453,485955,"@115888 The song progress bar is stuck at 0:02, on the lock screen, while playing. 😰 iOS 11.1 bug? https://t.co/kJoqEn2diE","@485955 Hey, that's not cool! Could you let us know what device you're using and the exact versions of iOS and Spotify installed on your device? /RA",1577747,1577746,Sat Nov 04 04:15:05 +0000 2017
29570,755582,@SpotifyCares I can't change my visa payment details. Is your site down?,@755582 Hi David! Everything's running smoothly on our end. What's happening exactly? Are you getting any specific error messages? /NJ,2686969,2686968,Tue Oct 31 17:32:39 +0000 2017
17466,534369,"@SpotifyCares PC: 17 6700k, RX 480, 16GB, 64 bit",@534369 Thanks. Can you reinstall the app by following the steps here: https://t.co/EqisDMwZAT? Make sure to clear all Spotify folders before reinstalling the app /JU,1778509,1778510,Sun Nov 26 07:19:21 +0000 2017
31566,127987,"@SpotifyCares So there's nothing Spotify will do on their end to ensure malicious users are kept off their network.

Good to know!","@127987 We hear you 🎧 Rest assured, we care deeply about the security of your personal data. To read more about account protection head here: https://t.co/FrK4w5dYRL. We hope this helps clarify things. Let us know if you need anything else /TI",2876127,2876128,Tue Nov 28 17:23:55 +0000 2017
29390,748244,@SpotifyCares Model #UN50J5200AF and year is 2016. Thanks!,"@748244 Got it. As we look to improve the overall Spotify experience, we are removing the app from Samsung TVs. There's more info here: https://t.co/D2p6hgpCoW. Any questions, give us a shout /PB",2653210,2653212,Sun Nov 19 17:53:46 +0000 2017
22059,293851,Hey @115888 why do you want access to my camera and photos? https://t.co/bh3ncVYpdJ,"@293851 1: Hi! Sharing a track using a Spotify Code requires permission to access your phone camera, that's why you're seeing that button. If...",725759,725760,Fri Oct 06 14:28:35 +0000 2017
27452,712680,Hey @115888 what's a guy gotta do to get Acid Rap added to the library? 😟,@712680 Hey! Sometimes content is unavailable due to licensing matters. More info about this here: https://t.co/YlV1IAXwsi /JS,2497515,2497514,Mon Oct 30 01:53:21 +0000 2017
18304,548239,@SpotifyCares I am paying 10€/month and I suddenly can not listen to all the music anymore!? :(,"@548239 Hey Arabell! What device and Spotify version are you using? Also, does the same happen on other devices? We'll see what we can suggest /BH",1826562,1826561,Mon Oct 16 18:16:55 +0000 2017
25858,676442,@SpotifyCares Yes it is! Thanks 🙏🏻,"@676442 No worries! If you ever need us with anything else, just give us a... https://t.co/AUc7DGJpgF 🙂 /AR",2338218,2338216,Fri Oct 20 06:12:10 +0000 2017
4200,226668,@SpotifyCares I need help please dm me,@226668 Hey Derek! We'll help out. Can you let us know what's happening exactly! We'll see what we can suggest /AN,468978,468976,Fri Dec 01 05:58:52 +0000 2017
25433,669686,"@SpotifyCares Hi! Is ""1.0.67.582.g19436fa3"" a version number? If not, where do I find that?","@669686 You got it right, thanks! Just to check, are there other programs open on your laptop when this happens? Also, can you let us know when this started? /CP",2308798,2308800,Thu Nov 16 17:31:42 +0000 2017
13195,426800,@SpotifyCares Still not working 🤷🏻‍♂️,"@426800 Hmm. Can you try logging out of Spotify, restarting your device, and logging back in to see if that helps? Keep us posted /NY",1313129,1313131,Fri Oct 27 06:58:56 +0000 2017
6727,293268,"@SpotifyCares UniDays doesn't support my education provider, which is why I bought an NUS card. As I already have spotify student, can I just renew?","@293268 We're afraid it's not possible. Don't worry, we'll pass on your thoughts to the team. For now, check out https://t.co/LESfq9LesY /AY",723572,723571,Fri Oct 06 14:45:36 +0000 2017
22412,618947,"@SpotifyCares How do I remove a playlist that just says ""Loading..""? A right click and ""Unfollow"" does nothing.","@618947 Hi there! Can you let us know the device, OS, and Spotify version you're running? We'll see what we can suggest /RE",2095032,2095030,Wed Nov 08 08:24:32 +0000 2017
2679,189381,@SpotifyCares awesome!! nothing against colbie but that song haunts me. 👻,@189381 Got it! Feel free to send a tweet our way if you ever need any help with anything. We'll be... https://t.co/AiEGsVLjXp 💚 /PX,307272,307274,Fri Oct 06 23:51:05 +0000 2017
11623,398693,@SpotifyCares None.,@398693 Thanks for trying. Would you mind sending us a DM with your account's email address or username? We'll check backstage /AR https://t.co/ldFdZRiNAt,1185251,1185252,Wed Oct 25 03:03:29 +0000 2017
3379,205702,@SpotifyCares 5.1 and I think this is the 2nd time it happened or was aware of,"@205702 Hmm. It's not ideal, but the exact steps here should help out: https://t.co/EqisDMwZAT /NQ",378060,378061,Tue Oct 10 05:20:08 +0000 2017
11475,311908,@SpotifyCares  I can’t see the song playing also can’t skip it https://t.co/O8B12ZpdAC,"@311908 Hey Alan, help's here. Can you let us know the device, OS, and Spotify version you're using? We'll see what we can suggest /KL",1167979,1167977,Tue Oct 24 17:58:39 +0000 2017
16097,505168,@SpotifyCares It never goes away. @SpotifyCares https://t.co/gbZxy6a9eT,@505168 Thanks. Can you check if your Waze integration setting is turned off? Just head to Settings &gt; Social &gt; Waze Navigation /JE,1655293,1655294,Mon Nov 06 19:30:36 +0000 2017
12234,409847,@SpotifyCares Thanks for the answer. I have no other way to play spotify on the tv. The options given are not available for me. I'll have to wait longer,"@409847 We're sorry to hear that. Rest assured, we're passing on your comments about this to the right team /K",1235793,1235795,Mon Oct 30 12:10:31 +0000 2017
12531,415418,@SpotifyCares is there a reason songs skipping pausing like a skipping record while I try to listen to the Spotify app on my Chromebook?,"@415418 Hey there! The cavalry's here. Just to check, is this also happening when you're logged in to the web player via an incognito browser? /KB",1261034,1261033,Thu Oct 26 01:51:32 +0000 2017
24008,648210,I'm seeing so many tweets about Taylor Swift's new album..  but I can't listen to it because @115888 haven't added it yet. https://t.co/UMo6MlUkal,"@648210 Hi. Taylor Swift's 'Reputation' isn't available to stream just yet – stay tuned! For now, check out the singles: https://t.co/3h0TnPWP0c /BP",2218983,2218982,Fri Nov 10 08:00:00 +0000 2017
18042,544122,"Why is my Spotify glitching?? It's not letting me play my music anymore, @115888 a little help over here?","@544122 Hey there! The cavalry's here. Can you let us know what device, OS, and Spotify version you're running? We'll see what we can suggest /LM",1811084,1811083,Sat Oct 14 20:53:43 +0000 2017
26421,689690,"@SpotifyCares Guys, XCode iPhone X simulator it's available from september. C'mon! 😉","@689690 We understand. We'll pass your feedback about this on to the right folks. Anything else, let us know /NY",2395903,2395901,Tue Nov 14 12:35:15 +0000 2017
9058,127172,"@SpotifyCares Hi, I'm getting ""this song is not available..."" on lots and lots of songs that have previously been and should be available..?","@127172 Hey Sean, we're here to help! Can you let us know the device/OS you’re using? Also, are you receiving any error messages? Keep us posted /TB",930000,929999,Fri Oct 13 20:24:10 +0000 2017
29368,748228,"@SpotifyCares why isnt @7322 song ""Hang Me Out To Dry"" on spotify","@748228 Hey there! We're afraid we don't have any more info to share on this right now, but we’ll have it available to you as soon as it’s available to us. There's more info about Spotify content here: https://t.co/0i8GpimuDa /CH",2653154,2653153,Sun Nov 19 03:49:46 +0000 2017
12362,411867,"@SpotifyCares I'm having issues logging in, I've DMd you the details.","@411867 Hey Joseph, help's here! We've just sent you a bit more info over DM. We'll carry on chatting there /TB",1244065,1244064,Mon Oct 16 20:33:08 +0000 2017
12828,419333,"@SpotifyCares @419334 Don't boycott Selena again. This is a lack of respect with Selena, Marshmello and the fandoms. Please solve this problem. https://t.co/tMDlAnhEkY","@419333 Hey there! Currently, the video is only available in the US, but you can enjoy the single here: https://t.co/X12n35rbfx /JP",1279193,1279192,Thu Oct 26 16:35:41 +0000 2017
3428,206321,@SpotifyCares Doesn’t seems to change ☹️ https://t.co/9VppbaLyNI,@206321 Can you also try changing the Region to US or any countries using the English language? Keep us posted /PL,380827,380829,Mon Oct 09 09:50:20 +0000 2017
1591,159391,@115888 @SpotifyCares @117168 Any update on this very common customer request? It's been over a year. https://t.co/G5s4Kl31Zm,"@159391 Hey Chris! We're afraid we don't have any info to share on this right now. Don't worry, we'll give the right folks a nudge for you /LP",184370,184368,Sat Nov 11 15:16:32 +0000 2017
28305,729964,@115888 why did y'all remove Take Care?,@729964 Hey Yasmin! Sometimes content gets temporarily removed because of licensing changes. Hopefully we'll have it available again soon /KL,2574093,2574092,Thu Nov 16 19:20:47 +0000 2017
12201,409203,@SpotifyCares Nope!,"@409203 Thanks! Just to check, did you definitely watch the ad that grants you 30 minutes ad-free listening in full after hearing the offer? /MQ",1233075,1233074,Wed Oct 25 17:23:45 +0000 2017
2088,172015,"@SpotifyCares my time capsule playlist is absolute crapppp, first time the algorithm hasn't worked",@172015 Hi there! We appreciate your feedback. We'll make sure to pass it on to the right folks /PL,235214,235212,Thu Oct 05 13:16:17 +0000 2017
2202,176103,@SpotifyCares 8.0.0,"@176103 Thanks for letting us know about this. Don't worry, our best tech folks are looking into it as we tweet. Hopefully we'll have fix soon /ME",252908,252910,Thu Oct 05 17:46:21 +0000 2017
29276,485882,"Yo @115888, new issue. iPhone X. If you are listening to music and you play a video on FB or W/E, now you have to close out the Spotify app completely and reopen it to get music to play again. Its like its on mute until you close and restart the app.","@485882 Hey there! Thanks for the info. Just to check, does reinstalling the app using the steps here: https://t.co/EqisDMwZAT? Let us know how it plays out /LM",2645743,2645741,Fri Nov 17 19:08:36 +0000 2017
14472,462954,"@SpotifyCares Nope, no change. But when I switch from Alexa as a speaker to my iPhone as a speaker, the 3 state works. Definite Alexa problem.","@462954 Do you have available firmware updates on Alexa? If so, installing them can do the trick. We'll be on the lookout for your updates /AY",1477039,1477040,Fri Nov 03 10:12:29 +0000 2017
11429,393503,@115888 why isn’t reputation available?,"@393503 Taylor Swift's 'Reputation' isn't available to stream just yet – stay tuned! For now, check out the singles: https://t.co/3h0TnPWP0c /MX",1162401,1162400,Fri Nov 10 16:32:15 +0000 2017
9297,348334,@SpotifyCares seems to of fixed it! thank you https://t.co/ABR0vPv9rD,"@348334 Awesome, glad we could help! If you ever need anything else, just shout and we'll come running 🏃 /MQ",962258,962259,Tue Oct 17 14:37:40 +0000 2017
5778,271208,"i never said meme songs were a bad thing, spotify https://t.co/Ly71lUs6Su","@271208 Oops, sorry for that. If anything comes up, you know where to find us. https://t.co/m4HWSbgHVZ 💚 /NG",637704,637702,Wed Nov 22 19:32:16 +0000 2017
21841,178111,"@SpotifyCares How often, and on what day of the week, will Time Capsule be updating?","@178111 1: Hi David! TIme Capsule is not a frequently updated playlist like Discover Weekly, but it pulls up all the tracks that we think...",260883,260884,Thu Oct 05 19:55:22 +0000 2017
21959,608721,@115888 get sheep up Right Now,"@608721 Hey there! Fingers crossed we'll be able to have it soon, but there's info about Spotify content here: https://t.co/0i8GpimuDa /MT",2058205,2058204,Sat Oct 07 02:26:53 +0000 2017
7041,301578,@115888 is absolutely amazing. I've been using it for years and I love the service and device integration! Thanks guys,@301578 Hey Cody. You're welcome! Give us a shout if there's anything we can do to help. We'll be... https://t.co/AiEGsVLjXp /DV,759957,759956,Wed Oct 11 18:40:28 +0000 2017
7979,321347,"@SpotifyCares No, still not playing it. Works on computer though.",@321347 We see. Could you try a quick reinstall for us? Just follow the steps here: https://t.co/EqisDMwZAT. Keep us posted /CG,847173,847172,Thu Oct 19 15:11:47 +0000 2017
14453,462665,@115888 you really need to get @3537 cover version of ‘The Chain’ by @25179 well done @60962,"@462665 Hey! Fingers crossed we'll be able to have it soon, but there's info about Spotify content here: https://t.co/0i8GpimuDa /RB",1476012,1476011,Thu Nov 02 21:55:13 +0000 2017
10245,369286,@SpotifyCares USA,"@369286 Thanks. Fingers crossed we'll be able to have it soon, but there's info about Spotify content here: https://t.co/0i8Gpi4TeA /AK",1055022,1055024,Fri Oct 13 03:57:40 +0000 2017
30103,769067,@115888 fix your mobile app,"@769067 Hey Andrei! Don’t worry, we can help. What’s happening exactly? Can you let us know the device and OS you’re using? We'll see what we can suggest /RK",2746337,2746336,Mon Nov 20 20:49:53 +0000 2017
21233,593819,@115888 you have such high quality branding but why are you adds so annoying? You have so much potential,"@593819 Thanks for your feedback - we'll pass it on. For now, check out https://t.co/zgnxs5kPEu if you haven't had a subscription before 🙂 /CG",2008169,2008168,Sat Nov 04 13:19:47 +0000 2017
1198,149491,"Hey @SpotifyCares! Seems like typo's here https://t.co/FVxR51d04u
Should be Causa Sui as on the album cover.","@149491 Hi Vladimir, thanks for reaching out! Is this: https://t.co/rdcP854puu the artist you're looking for? /GT",147385,147383,Fri Nov 24 09:39:26 +0000 2017
12249,410131,@115888 please make it to where I can organize my songs by artist 🤙🏼💯,"@410131 Hi there! Can you tell us the device, operating system, and Spotify version you're rocking? We'll see what we can suggest /JM",1236936,1236934,Wed Oct 25 18:13:44 +0000 2017
10496,275430,@SpotifyCares Or use the mobile app to look for the release day. It's still there. Removed from the desktop app.,"@275430 1: We understand, and we appreciate you sharing your thoughts on this. Rest assured, we've passed your feedback on to our devs.",1075691,1075693,Wed Oct 25 12:59:53 +0000 2017
15963,501824,"@115888 is UK a ""non-spotify"" country ?",@501824 Hey there! We can confirm that Spotify is available in the UK. What's happening exactly? We'll help out /AR,1641519,1641518,Sun Nov 05 21:42:37 +0000 2017
6268,282054,"How am I supposed to workout this morning when Spotify is down? Not cool, Spotify!!","@282054 Hey, we’re here to help! Can you let us know your device, operating system, and Spotify version? We'll see what we can suggest /RC",679140,679139,Thu Nov 23 06:24:03 +0000 2017
1889,166072,"@SpotifyCares again, the same standard answer you posted 1 month ago. We want an update on what you are going to do with all the complaints.","@166072 We don't have any specific info to share about this, but make sure to keep an eye out so you don't miss out /PL",211363,211364,Thu Oct 05 07:12:00 +0000 2017
25678,672116,@SpotifyCares Newest Spotify version and macOS 10.12.6,"@672116 Thanks for the info. Can you try logging out of Spotify, restarting your device, and logging back in to see if that helps? /NY",2318640,2318641,Tue Nov 14 10:59:03 +0000 2017
28582,463850,"@SpotifyCares iPhone 5S, iOS version 11.0.1, latest Spotify apps.","@463850 Thanks for the info. Just to make sure, does reinstalling Spotify on Roku help at all? Keep us posted /MT",2596619,2596621,Fri Nov 17 04:36:19 +0000 2017
25654,671960,"@SpotifyCares iOS 11.2 b2, playback won’t resume after being paused by call or video in other app. Have to force close Spotify and reopen",@671960 Hi Jeremy! What iOS device &amp; Spotify version are you on? Do you mean the play button doesn't work after a call or video on other apps? /AY,2317775,2317774,Mon Nov 13 08:16:43 +0000 2017
14067,451665,@SpotifyCares I updated my app on and iOS Monday and it began then.,@451665 Alright. Best thing to try here is a reinstall. Just follow the steps at https://t.co/EqisDMwZAT. See if that helps /RH,1427796,1427795,Thu Nov 16 05:58:11 +0000 2017
25801,676158,@SpotifyCares ITS OKAY THANK YOU I HAVE IT NOW 😭😭 @328645 https://t.co/I3Yaka8kzT,"@676158 Awesome! If you have other questions, just... https://t.co/jKGzYp0mEQ 😉 /AP",2336983,2336985,Fri Oct 20 04:35:14 +0000 2017
17980,542759,"@SpotifyCares @115888 Hi! So if i sign up to Spotify Premium and I'm a student, I get Spotify and Hulu for just $4.99?",@542759 @115888 Hi! That's right. You'll get Hulu’s Limited Commercials plan with the student discount. We have more info here: https://t.co/P7GJC2wXrf /DR,1806569,1806568,Sat Oct 14 07:22:13 +0000 2017
11360,386840,@SpotifyCares @393336 PLEASE HELP ME!ON DM!,@386840 @393336 We've replied to your DM - we'll keep helping out there! /N,1161812,1161815,Tue Oct 24 17:30:12 +0000 2017
275,125449,@SpotifyCares It sometimes takes forever to scroll ALL the way down to get to the singles. Just make an option to go straight to singles.,"@125449 2: our Community: https://t.co/YvOp6xWJrG. If you need anything else, just let us know /MC",42722,42724,Wed Nov 01 16:04:32 +0000 2017
9045,340574,@115888 @SpotifyCares,@340574 Hey there. Can you let us know what's happening exactly? Are songs or artists missing from your app? /QI,929689,929688,Sat Oct 21 20:26:52 +0000 2017
11150,387885,@3493 Condom ads while waiting to listen to a Sesame Street playlist seems wrong.,@387885 Hey Andrew! We didn't mean to cause any offense. We'll pass the feedback on to the right people /RV,1137194,1137193,Sat Oct 14 15:13:15 +0000 2017
20523,581702,"@SpotifyCares - How can we make the alarm clock feature happen? 
https://t.co/yHRSX2Ty76","@581702 Hey, we don't have info on this right now. Rest assured our devs are constantly checking all comments and feedback in our Community /AR",1961465,1961463,Mon Oct 30 22:59:51 +0000 2017
19133,557945,I just recently switched to spotify why is if I ain’t got you not on the spotify version of tinta,@557945 Hey there! Could you give us a bit more info on the track you're looking for? What country is your account set to? We'll check backstage /LP https://t.co/ldFdZRiNAt,1867791,1867790,Fri Oct 20 19:18:44 +0000 2017
10352,371226,"@118266 hi kak,mau tanya kalo spotify utk pelajar mendapat premium pembayarannya cuma bsa pake kartu kredit y? Krn ga semua pelajar punya","@371226 Hey! We can help out in English via Twitter, but we also have Indonesian support via email at __email__ /GT",1064105,1064104,Sat Oct 14 18:11:32 +0000 2017
7396,309784,@SpotifyCares Gary B.B. Coleman - The Sky is Crying,"@309784 Thanks! Sometimes content gets removed due to licensing changes. Hopefully, we'll have it available again soon /AU",795974,795975,Thu Oct 12 15:17:43 +0000 2017
5537,266564,@SpotifyCares https://t.co/rFUAlvpErd,@266564 2: us by the label/distributor. Hope this clears things up /ME,617743,617746,Tue Oct 31 21:37:28 +0000 2017
7902,320036,@SpotifyCares when is @115888 starting in India?,@320036 Hey there! We're launching in new countries as often as possible. Be sure to add your email at https://t.co/X8DVSX9QgM /GK,840738,840737,Mon Oct 09 07:30:14 +0000 2017
14188,455483,@SpotifyCares I got kicked off of my own account &amp; cant log back in &amp; y’all are still charging me for premium but I can’t even use it😪😪,@455483 We've just sent you a DM 🙂 /NG,12093,1445709,Thu Nov 02 15:43:50 +0000 2017
29136,743337,"Tried to contact Spotify multiple times about the issue I'm having, to no avail. I keep getting ""Error Code: 3"" when I try to log in with my Facebook account, and it is saying it doesn't recognize my account when I have definitely signed up before. @SpotifyCares Can you help?","@743337 Hey Kelsey, sorry to keep your waiting! We've just replied to your DM. Let's continue chatting there /GT",2632595,2632594,Sun Nov 26 21:08:21 +0000 2017
19122,557728,@SpotifyCares I'm using Gaxy S6 Active and my kid has same issues with her Samsung S8. Version 8.4.23.784,@557728 Thanks. Can you both give this a try: log out from Spotify &gt; restart your device &gt; log back in? Did that make a difference? /DR,1866911,1866910,Fri Oct 20 06:10:20 +0000 2017
24913,202769,@SpotifyCares Sent you a DM,@202769 Awesome! We just got back to your DM. Check it out 🙂 /BH,2286605,2286606,Sun Nov 12 01:57:26 +0000 2017
7748,318114,@SpotifyCares We are missing to listen Artist's Playlists 😞😞,@318114 Thanks for the feedback – we appreciate it! We’ll get this passed onto the right team /RB,831876,831878,Fri Oct 13 05:15:04 +0000 2017
14942,472717,Fix this or I'm suing y'all asses @SpotifyCares @115888 https://t.co/MLTT8u4Y7H,@472717 Hey Kate! Can you send us the track's URI? We'll have a look /LO,1520722,1520718,Tue Oct 17 00:30:19 +0000 2017
12913,373801,"@SpotifyCares Yeah, but why have they been removed...is my question to you?","@373801 2: this idea by adding your vote here: https://t.co/3YzTOJbs41. If you have any other questions, just give us a shout /KC",1285765,1285767,Fri Oct 27 04:55:27 +0000 2017
9876,362014,@SpotifyCares Loss of touch preview makes it much more difficult to build playlists. Hopefully it can make a return in the next update.,"@362014 We hear you loud and clear, James! We can’t make any promises but we’ll pass your feedback onto the right folks /DF",1022715,1022714,Sun Oct 22 17:13:01 +0000 2017
22136,611097,@SpotifyCares Can you still add extra members to the family account above 5 members at £5 a member?,"@611097 Hey Hayley! We're afraid you can only add up to 5 members to the Premium for Family plan. Don't worry, we'll make sure to pass your feedback on to the relevant folks. Let us know if there's anything else we can help with /KM",2066471,2066470,Sun Nov 26 12:16:03 +0000 2017
18840,554685,"@SpotifyCares it's only doing it now if i have another app open, 6s ios10 and most recent app update",@554685 1: Thanks for the info. Does Spotify work smoothly when no other apps are running in the background? You might also want to try...,1853771,1853773,Thu Oct 19 12:17:17 +0000 2017
6129,269838,"@SpotifyCares I am trying to get 30-day free trial.  If goes well, will keep subscription going.  Tool keeps telling me to ""enter valid postal code"" ... and I've double checked that it's correct one for my Visa.  Help?",@269838 Hey there! Could you try using an incognito window? Let us know how it goes /DF,665713,665711,Sat Nov 11 17:45:25 +0000 2017
12481,414264,"where's Lemonade on @115888, @12899? https://t.co/J0dFHtnzAP","@414264 Hey! We're working on it, and we hope to have it available soon. There's more info here: https://t.co/VE7KvznUs9 /AR",1254535,1254534,Mon Oct 16 02:10:07 +0000 2017
18776,554216,@SpotifyCares @147836 ...and they are needed right now and not in weeks or months ... Or even never coz that's what you've been doing for the past 1 1/2 year. Nkt,"@554216 2: have a specific timeframe, so we can't make any promises.  In the meantime, you can add your vote for a similar idea in our...",1851906,1851905,Thu Oct 19 00:35:16 +0000 2017
3508,208773,"@SpotifyCares no, they're literally all gone. not even saved to my account anymore.","@208773 We understand your frustration. To save your offline songs, we'd recommend following the steps found here: https://t.co/zKCrMdomWR /JX",391816,391818,Mon Oct 09 16:28:51 +0000 2017
18240,130302,Hey @115888 it would be rad if you could make it easier for bands to sell their merchandise on your platform.,"@130302 Hey, we hear you 🎧 Rest assured, your feedback will be passed on to the right folks /AR",1823570,1823568,Wed Oct 18 02:48:49 +0000 2017
218,124330,thanks @115888 for removing the download from all of my music randomly &amp; ruining my day :-),@124330 2: at https://t.co/38J7tFlIBF. They should help with this /SY,38314,38313,Wed Nov 01 13:23:29 +0000 2017
10822,380069,@SpotifyCares Nope. It didnt crash.,"@380069 Got it! Just to check, did you watch the video ad that grants you 30 minutes ad-free listening in full after hearing the offer? /TB",1102164,1102163,Mon Oct 23 22:31:54 +0000 2017
31817,805340,@SpotifyCares Omg you’re awesome thank you 😍🎉🙏🏼,@805340 You're welcome! https://t.co/Tm8b6ev8iu /RB,2908676,2908678,Wed Nov 29 05:19:19 +0000 2017
7543,299818,"Highly considering going back to @115888 but I have some beef to sort out with them, first. :/",@299818 Hi Kevin! Sorry to hear that. Can you send us a bit more info on what's happening? We'll see what we can do /AU,816277,816276,Thu Oct 12 19:48:53 +0000 2017
8590,330968,"@SpotifyCares Nope, still can't get the songs to play.","@330968 1: Are you not able to play all the tracks in the album you're referring to? Also, could you fire over its URI? Just go to the...",888597,888600,Fri Oct 13 17:42:07 +0000 2017
24616,659339,"I tried logging my mom into her spotify and it said log in error 3, then I tried resetting her password with both her username and her email and this error shows up. Please help me get her back into her account. We are using a #spotifyfamily plan. I don't want it to go to waste. https://t.co/wqUXk0EgH1",@659339 Hi! We've just dropped you a DM. Let's carry on there /JE,2265084,2265083,Fri Dec 01 17:46:32 +0000 2017
27151,706905,@SpotifyCares Two of my Family menbers were kicked out - they ignored the mail from Spotify (assumed phishing) - cannot re-invite them even they are living in my house at the same address - what should I do?,@706905 Hey! Help's here. Can you send us your and your subaccounts' email addresses? We'll take a look backstage /BD https://t.co/ldFdZRiNAt,2471769,2471768,Wed Nov 15 10:32:19 +0000 2017
22111,610845,@SpotifyCares Any update on this?,@610845 Hey! We still don't have any info on this right now. Just continue keeping an eye out for any updates /RB,2065606,2065608,Thu Oct 19 01:08:31 +0000 2017
10773,379539,@SpotifyCares Restarted and seems to be working for now,"@379539 Awesome, that's what we like to hear! If you need us again, just... https://t.co/AUc7DGJpgF 😁 /NS",1099875,1099876,Mon Oct 23 23:34:53 +0000 2017
7242,306899,"@SpotifyCares hmm, yes, it's working incognito. any idea why? thanks!","@306899 We find the issue odd, so we're not sure as to why it's happening. How about restarting your device &amp; using the normal browser again? /JM",782959,782961,Tue Oct 17 16:41:50 +0000 2017
12777,417643,Thank you ma'am/sir for your cooperation and patience. https://t.co/gMQPUBCubn,@417643 You're welcome! Give us a shout if there's anything else we can do to help /DV,1272635,1272634,Thu Oct 26 14:44:17 +0000 2017
16241,264368,"@SpotifyCares If it is long term, I will switch to an alternative provider who can offer this.","@264368 We're afraid we have no info to share about this. Rest assured, we've passed your feedback on to our devs /RC",1666800,1666801,Mon Nov 06 11:29:25 +0000 2017
9871,361936,Wait why can I only listen to @115888  when the app is open? It turns off when I open any other app and even when I just lock my phone sos,"@361936 Hey there! Help's here. Can you let us know the device, operating system, and app version you're using? We'll see what we can suggest /PB",1022454,1022453,Thu Oct 12 14:52:11 +0000 2017
10390,371859,@SpotifyCares Can’t find some songs I’m looking for.@221912 “highDefinition” and Tamia’s “It’s a Party”. Pls add,"@371859 Hi Ric! Fingers crossed we'll be able to have them soon, but there's info about Spotify content here: https://t.co/0i8GpimuDa /AU",1067256,1067255,Sat Oct 14 20:11:36 +0000 2017
6647,291536,"@SpotifyCares I have an iPhone 6S and I have premium, but idk what operating system 😅",@291536 Thanks for the info. How long has this been happening for? Did you update your OS recently? /CB,716687,716686,Tue Oct 10 13:50:28 +0000 2017
23443,639486,@SpotifyCares is there no way to change the order of the songs though?,"@639486 This isn't possible right now, but we appreciate the feedback. We'll let the right team know it's something you'd like to see /KL",2183107,2183106,Thu Nov 09 16:12:29 +0000 2017
18493,550725,@SpotifyCares im listening to music on spotify and nothing appears on my screen unless i go on the app (I like Mbappé) https://t.co/FKAPZ44X5u,"@550725 Hey there! Help's here. Can you let us know the iPhone model, iOS, and app versions you're using? We'll see what we can suggest /PB",1836816,1836814,Wed Oct 18 16:32:13 +0000 2017
6632,291011,@148611 Good day. Paano po ba magregister ng Spotify Family Premium sa Prepaid Globe Sim?,@291011 2: about this. Could you send us your account's email address or username via DM? /AY https://t.co/ldFdZRiNAt,714866,714865,Fri Oct 06 10:56:11 +0000 2017
2848,192595,"@SpotifyCares Probably more than 5000, but I don’t understand why this matters?",@192595 There's currently a 10k limit in Your Music (Songs + Albums + Artists). More info here: https://t.co/59ABtm5Ftl /HC,321490,321492,Sat Oct 07 13:29:41 +0000 2017
18888,555087,"@SpotifyCares Ok sorry. The question was if you plan to release ""A triumph for Man"" with Mew. Best regards, Per",@555087 Got it. What country is your account set to? We'll check things out /AY,1855638,1855637,Thu Oct 19 09:00:03 +0000 2017
22143,611102,@115888 why is Sia not in your Christmas playlist ? I’m canceling my subscription,"@611102 Hey, we appreciate your feedback! Our Curation team are independent, but we’ll pass on your suggestion /PL",2066492,2066491,Sun Nov 26 10:46:25 +0000 2017
26235,685877,@115888 This show is not THE CURE but a cover band called Re-cure. https://t.co/eCmDiexYtA,"@685877 Hey Kara! Thanks for letting us know. Don't worry, we'll get this reported to the right folks /KB",2378264,2378263,Tue Nov 14 03:20:06 +0000 2017
26600,693587,"At the risk of sounding a little #HailCorporate, @SpotifyCares customer service today was literally amazing. Solved nearly 2 hours worth of stress in just under 15 minutes.",@693587 Thanks for the kind words Scott! Let us know if you ever need us again. We're... https://t.co/zOXI69QSqg /CG,2412661,2412660,Tue Nov 14 17:02:59 +0000 2017
30125,590730,@SpotifyCares that's a shame.,"@590730 Not to worry, we're passing on all feedback about this. We'll make sure to keep everybody posted for updates 💚 /NG",2747483,2747485,Tue Nov 21 15:06:31 +0000 2017
12572,415855,@115888 I would gladly pay $12.99 for more downloads,"@415855 Hey there! Just to confirm, are you pertaining to the download limit? /NS",1263265,1263263,Mon Oct 16 02:52:36 +0000 2017
29966,129772,@SpotifyCares How come when i make all my playlists public my friend still can't see them.? They can see my profile and it says i have 49 playlists but only 1 is showing,"@129772 Hey, that doesn't sound right! Can you send us a screenshot of your profile page as it appears on the app? We'll take a look backstage /JE",2729363,2729362,Mon Nov 20 13:34:59 +0000 2017
15253,480393,"Set up country gold the way rap caviar is set up, please @115888",@480393 Hey Eiron! Thanks for the feedback – we appreciate it! We’ll get this passed onto the right team /RA,1552608,1552607,Sat Nov 04 03:20:51 +0000 2017
16191,506656,@115888 please release an update for the iPhone X.,"@506656 Hey! We don't have any info on this right now, but we’ll be sure to pass your feedback onto the right folks /JL",1660937,1660936,Mon Nov 06 05:15:45 +0000 2017
14112,452663,@115888 how to renew Premium account using globe sim? Thanks,@452663 Hey! You can upgrade to Premium through your mobile provider by following the steps here: https://t.co/q6wdaD6XZi /RS,1432652,1432650,Thu Nov 02 11:23:25 +0000 2017
22385,616086,@115888 Any idea as to why @201680 'I'm Into You' isn't available on European Spotify?,"@616086 Hi Michael! We’ll have it available to you as soon as it’s available to us. For more info, check out: https://t.co/MEjmIS2D69 /WW",2083182,2083181,Tue Oct 10 20:49:27 +0000 2017
29061,741855,@SpotifyCares Perfect! Thanks anyway guys ❤️,"@741855 You're welcome! If you ever need us again, just give us a... https://t.co/AUc7DGJpgF 🙂 /AR",2626481,2626485,Tue Oct 31 00:14:46 +0000 2017
5349,259954,"@SpotifyCares My PC is having issues launching spotify, and keeps showing me this error. I tried reinstalling, but even when i try to uninstall the program through the task manager it shows this error. I manually deleted the files, then reinstalled, and its still broken. https://t.co/r3rI4BxMVH",@259954 Hey there! That doesn't look good. Can you let us know the operating system and app version you're running? We'll see what we can suggest /PB,591469,591468,Sun Dec 03 16:12:57 +0000 2017
14148,454187,"@SpotifyCares Restarted, set up iphone new, tried all and everything, but no results...",@454187 Got it. Can you try to see if following the steps at https://t.co/46sWVpIvlI does the trick? /DV,1440072,1440074,Mon Oct 16 19:48:19 +0000 2017
500,129423,@115888 @SpotifyCares,@129423 Hey Jack! You can let us know here. What's happening exactly? Can you tell us more info about it? /JE,58935,58932,Wed Nov 01 20:26:37 +0000 2017
15376,413229,@SpotifyCares It tells me I can’t play the current track and I can import it if it is a local file. Latest version of Spotify on the latest version of win,"@413229 Does logging out, restarting your computer, and logging back in help at all? /YM",1567373,1567372,Tue Oct 17 05:37:08 +0000 2017
9092,341845,ok @115888 where is the original Nick Nonas - Jealous song,@341845 Hey Jose! Is this what you're looking for: https://t.co/1mBciOK9ak? 😁 /NS,935754,935752,Wed Oct 11 00:35:10 +0000 2017
18743,554019,"@SpotifyCares https://t.co/37v1PW01IK 
It's set to United States- this whole album won't play even when I put it in a playlist","@554019 2: If so, can you send us a screenshot for us to check? /SY",1850755,1850757,Wed Oct 18 22:36:03 +0000 2017
31773,804368,Yooo @115888 the web UI seems to be confused about my mouse status. https://t.co/RbIkLSKqBH,"@804368 Hey there! Can you let us know what device, operating system, and browser you're using? We'll see what we can suggest /LM",2904490,2904489,Tue Nov 28 17:27:38 +0000 2017
27950,723620,"@SpotifyCares iP7, 11.0.3... Search/Category &gt; PLP UX is atrocious. Sub. $, so why fix it unless I cancel my acct.? No need to optimize funnel. Feels like Vista security prompts.","@723620 Sorry for the confusion. Just to clarify, can you tell us more about the feature you're referring to, and what we can do to improve it? /JM",2545874,2545876,Thu Nov 16 16:33:57 +0000 2017
7829,199170,Thanks @SpotifyCares now i'm back on premium subscription. https://t.co/Ju2zAsyBxq,@199170 Sweet! Happy to hear that things are... https://t.co/HlBaWovbcq /NQ,835482,835481,Mon Oct 09 02:49:02 +0000 2017
29325,647443,@SpotifyCares https://t.co/xnJjs6J2WG,@647443 Thanks. Suggested Tracks are part of our Free service in mobile. We have more info here: https://t.co/PvvzwA7w2P /MG,2653031,2653030,Sun Nov 19 06:39:46 +0000 2017
6426,286584,@SpotifyCares not only have I reinstalled the app I have done a iPhone factory reset. Still the same issue.,"@286584 Thanks for trying to troubleshoot your device. Don't worry, our tech folks are investigating this as we speak. It should be fixed soon! /MA",698314,698315,Fri Oct 06 09:05:52 +0000 2017
10232,369023,@SpotifyCares I've done that already does not help.,@369023 Hmm. Can you check if you're having the same issues on other browsers or an incognito window too? /PB,1053951,1053953,Mon Oct 23 15:09:20 +0000 2017
26229,495873,"@SpotifyCares for some reason this happened when i left spotify open for 2 hours playing music and then closed it, It was using 20GB of ram and 40% cpu. spotify version is 1.0.67.582.g19436fa3 .   I'm testing it again with just spotify open, i'll update on what i find https://t.co/NffF7vnWI1",@495873 Thanks. Can you exclude Spotify files from scanning in Avast by following the steps at https://t.co/revxwGeC68? See if that helps /RH,2373428,2373431,Tue Nov 14 01:17:03 +0000 2017
4422,233797,Hey @115888 where is my top 100 songs of 2017 playlist???,"@233797 We're working on this as we speak, but we don't have a release date yet. Keep rocking 🤘 /DF",497748,497747,Fri Dec 01 16:42:16 +0000 2017
24318,249291,@SpotifyCares are u bringing back the ‘most listened songs of the year’ album again this year and if yes when,"@249291 Hi there! We don't have any info to share on this right now, but we'll let the right folks know it's something you'd like to see /LP",2246075,2246074,Fri Nov 10 18:50:15 +0000 2017
30816,480115,@SpotifyCares Thank you,"@480115 You're welcome! If you ever need us again, just give us a shout. We'd be happy to help. https://t.co/m4HWSbgHVZ /LO",2809057,2809056,Wed Nov 22 05:09:24 +0000 2017
12793,418690,@SpotifyCares all of Frank Ocean's discography and also Kendrick's.,@418690 Got it. Sometimes contents get temporarily removed because of licensing changes. Hopefully we'll have them available again soon! /JN,1276003,1276005,Tue Oct 17 13:48:56 +0000 2017
14149,454187,"@SpotifyCares Done that as well, even reinstalled with different app accounts and users","@454187 Alright. Just to check, were you able to use the Recently Played feature before? Also, does this happen on your phone's Spotify app? /DV",1440075,1440076,Mon Oct 16 20:00:14 +0000 2017
24463,655894,@115888 thanks for being broken at the least opportune time 😭😭😭 #help,@655894 Hey Amanda! Can you tell us a little about what's going on? We'll see what we can suggest /TF,2251483,2251482,Fri Nov 10 18:13:44 +0000 2017
15732,493646,"@SpotifyCares yeah, I'm having some issues playing my playlists","@493646 Can you tell us exactly what's going on? Also, what device, operating system, and Spotify version are you using? /RB",1607071,1607069,Tue Nov 07 04:23:26 +0000 2017
3799,215901,Hey @8199 do you need an intern in digital communication? I want to work with you 😉 https://t.co/crdDD1cqpo,"@215901 Hi Océane! For more information about internships, check out the Spotify for Students section at https://t.co/c1Z94oBFOl 🙂 /NY",423862,423861,Tue Oct 10 09:18:09 +0000 2017
25274,667648,"@115888 2 songs I can’t find on your services 
1. Machine gun jelly - sail and 2. Mind of a stoner by mgk","@667648 Hey Austin! Fingers crossed we'll be able to have them soon, but there's info about Spotify content here: https://t.co/0i8GpimuDa /TB",2300336,2300335,Sun Nov 12 14:06:52 +0000 2017
13367,433387,@115888 hello guys. Im in premium. But im not logged in because i forgot my logged in details. Will you please help me.,@433387 @115888 Hi there! We've just sent a DM your way. Let's carry on chatting there /PL,1343679,1343678,Mon Oct 16 11:13:57 +0000 2017
7686,316887,"@SpotifyCares Hey thanks for getting back to me, I'm on about Windows 10 Mobile not Windows Phone. (8.1).  Any plans to make the app work?","@316887 We don't have any info to share right now, but we'll pass on your feedback to the right team. Let us know if there's anything else /RC",826538,826540,Mon Oct 09 07:06:27 +0000 2017
16167,506387,"@506388 @115888 ""songs"" is now a 3 second preview. Playlists have a shuffle option and a 3 second preview option. I am so mad right now.","@506387 Hey Brett! Can you give us more info on this? What device, operating system, and Spotify version are you using? /NG",1659864,1659862,Tue Oct 17 14:11:14 +0000 2017
5514,266345,"@SpotifyCares Thanks.  

Using a Mac notebook.  IOs Sierra 10.12.6 and Not sure where to find the Spotify version but did find this 1.0.66.478.g1296534d",@266345 Thanks. Does restarting your device and relaunching the app help? /TC,616778,616780,Thu Oct 26 11:32:40 +0000 2017
29829,762218,"@117168 What’s the best way to file a support ticket?

Playlists are looping, instead of continuing to the playlist’s radio (even though the setting has been chosen).

Thanks!","@762218 Hi there. Thanks for bringing this up. Can you tell us what device, operating system, and app version you're using? We'll see what we can suggest /JU",2715268,2715267,Mon Nov 20 04:23:42 +0000 2017
32552,810086,I️ just want to know why @5413 Christmas album isn’t on @115888 😞,"@810086 Hey there! Fingers crossed we'll be able to have it soon, but there's info about Spotify content here: https://t.co/1dgftcFtzc /NQ",2928155,2928154,Wed Nov 29 02:41:49 +0000 2017
5479,264942,"hey @115888  youre killin me w not giving me the option to move your mobile app to my SD card.

https://t.co/JFJ6vBDwS9","@264942 Hi there! We're afraid it's not possible to move the app to an SD card, but you can save your downloaded music to it. Hope this clears things up. Let us know if you have any other questions /NY",609678,609676,Mon Nov 20 12:38:54 +0000 2017
25362,669153,The real question is why I cant find Bria’s Interlude on Spotify...@115888,"@669153 Hey! Fingers crossed we'll be able to have it soon, but there's info about Spotify content here: https://t.co/0i8GpimuDa /DF",2306593,2306592,Sun Nov 12 22:09:08 +0000 2017
24757,662633,"@SpotifyCares Last time i did that was a week ago and it reverted back to 6gb
I'll try it again and see if it changes",@662633 Sounds like a plan! Fingers crossed that'll do the trick. We're always here if you need further help /JM,2279108,2279110,Thu Oct 19 19:02:00 +0000 2017
12080,406949,@SpotifyCares Alrighty. Thanks!,@406949 You're welcome! Give us a shout if you need anything else. We're... https://t.co/fgy8YvXib9 /SJ,1222855,1222854,Wed Oct 25 15:51:32 +0000 2017
3283,204012,@115888 @117168 How soon can we get Tabbed Browsing in the desktop client?!?   Please get with the times ☺️ Thanks In Advance 👍,@204012 We can see how that’d be useful! You can vote for the official idea here: https://t.co/hSjhzilUwT /TB,371592,371591,Sun Oct 08 19:43:39 +0000 2017
6082,278309,@SpotifyCares Help! I made an account with an old email address (from work) that I can’t access and now have forgotten my login password.,"@278309 Hi Sara-Kate, help's here! Can you send over your old email address via DM? We'll help out /NJ https://t.co/ldFdZRiNAt",664252,664251,Mon Nov 06 14:13:43 +0000 2017
17852,341956,"And while we're on the subject, what's the deal with albums counting all songs +1 to save to the library  @SpotifyCares ?",@341956 1: Hey there! There's currently a 10k limit in Your Music (Songs + Albums + Artists). More info here: https://t.co/59ABtm5Ftl . Don't...,936230,936231,Fri Oct 13 21:54:39 +0000 2017
20904,586563,"Cansada de ser premium, please stoped @115888","@586563 Hey! If you'd like to cancel your subscription, just log in at https://t.co/NVUb1YzkVr and click the cancel button. We hope that helps /CB",1981573,1981572,Thu Nov 02 17:10:50 +0000 2017
3830,216994,You know how you can take a screenshot in @126 or @123765 and a share button pops up? @115888 should do that &amp; link it to the song,@216994 Hey! Thanks for the idea. We'll let our team know it's something you'd like to see /CB,428796,428795,Tue Oct 10 12:36:25 +0000 2017
3203,201307,@spotifycares how do I search my own playlist for a song on my iPhone app?,@201307 Hey Cathy! Have you tried going to the top of the playlist then swiping down? Doing this should reveal a search bar /JL,360173,360171,Mon Sep 25 03:37:00 +0000 2017
20659,582911,@SpotifyCares Need refund for shady business practices. I was upgraded to a family plan overnight &amp; charged without authorization.,@582911 Hey Corianne. Could you fire over your account's email address or username via DM? We'll take a look backstage /AY https://t.co/ldFdZRiNAt,1967029,1967028,Tue Oct 31 11:09:52 +0000 2017
21375,598340,Anyone who has @115888 premium... are you paying £9.99 or £12.99? 🙄 everywhere online says it should be £9.99 but I’ve always paid £12.99,@598340 Hey Danielle! Can you send us your account's email address via DM? We'll take a look behind the scenes /LR https://t.co/ldFdZRiNAt,2023139,2023138,Mon Nov 06 09:12:34 +0000 2017
10831,380214,@115888 @SpotifyCares is this possible?,"@380214 Hey, we can see how that’d be useful! You can vote for the official idea here: https://t.co/YSHYSPDR4z /RB",1102735,1102734,Mon Oct 23 22:17:30 +0000 2017
12869,133448,@SpotifyCares Great! Thank you. I just switched it off :),@133448 No worries! Just give us a shout if you need anything else. We're... https://t.co/zOXI69QSqg /TB,1281610,1281609,Thu Oct 26 17:25:45 +0000 2017
13171,426203,@SpotifyCares If Apple Music is releasing them at 12:00 Eastern Time you guys should be as well,"@426203 We're taking in your comments. We'll pass them on to the relevant team. In the meantime, let us know if we could help with anything else /AR",1310308,1310307,Fri Oct 27 03:46:34 +0000 2017
346,126752,"@SpotifyCares Hello #Spotify. 26 Sept I reported a bug, wha'ts the status ? I still can't drag playing #songs to #playlists :((((
 isn't this a big issue?",@126752 Hi again. We're sorry you feel that way. Can you try reinstalling the app using the steps here: https://t.co/EqisDMwZAT? /LM,48085,48084,Thu Nov 02 11:06:34 +0000 2017
18335,548834,Does anyone know if there is a way to copy a playlist on @115888 so you can remember the songs if it disappears? @67027 @496607,"@548834 1: Hi there! Right now, it's currently not possible to save the playlist tracks in a file. We'd suggest heading to the app's Settings and...",1828822,1828821,Tue Oct 17 13:10:59 +0000 2017
8732,292565,@SpotifyCares Correct.,@292565 Our friends in Artist Support are the right folks to help with this. You can get in touch with them here: https://t.co/p1wbtdELHu /GT,902404,902405,Sat Oct 21 14:01:08 +0000 2017
19756,139984,@139985 @SpotifyCares anything new on why his music is being removed?,@139984 Hey! Licensing agreements can affect music availability. There's info about Spotify content here: https://t.co/YlV1IAXwsi. Let us know if there's anything else /RC,1911975,1911974,Sat Nov 25 23:32:50 +0000 2017
13823,444713,@115888 Does it work in Thailand and Cambodia?,@444713 3: anywhere in the world. We hope that clears things up. We're here for any other questions /JM,1302442,1396376,Sat Oct 28 12:17:55 +0000 2017
22407,617621,@115888 should be able to sort Albums by Recently Played. Yea Recently Played list is nice but having it in the albums screen would be cherry on top,"@617621 Hey there, thanks for the feedback – we appreciate it! We’ll get this passed onto the right team. If there's anything else you need, give us a shout and we'll come running 🏃 /LX",2089352,2089351,Thu Nov 30 23:02:54 +0000 2017
5035,252246,@SpotifyCares Need help logging on. Gives error when trying to reset password...CSRF toknn is invalid.,@252246 Hey Monica! We've just replied to your DM. Let's continue chatting there /JL,564548,564547,Sat Dec 02 16:46:31 +0000 2017
4157,226107,@SpotifyCares I never thought you guys would reply but thankss😂💙💙,"@226107 You're welcome! If you need help with anything else, just give us a shout. Otherwise, have a... https://t.co/FQulrDtFky 😉 /GU",466823,466825,Fri Dec 01 12:39:07 +0000 2017
9428,296952,@SpotifyCares I even tried reinstalling the app. Just checked in the community that there're many with the same problem.,"@296952 Got it. Can you let us know your phone's model, OS, and Spotify version? We'll see what else we can suggest /DV",968808,968810,Sun Oct 22 10:23:32 +0000 2017
26821,699320,@115888 can it will bee Spotify on Egypt please,@699320 Hi there! We're launching in new countries as often as possible. Be sure to add your email at https://t.co/X8DVSX9QgM /SC,2437938,2437937,Sun Oct 29 14:24:11 +0000 2017
11181,389356,@115888 @148611 pls. Add payment through load prepaid. Some of us students here in the Philippines don't have any credit cards. ☺☺ https://t.co/Osoj2X4ahQ,"@389356 2: To find a payment method that works for you, check here: https://t.co/j3mV2PlkwS /RS",1144396,1144395,Tue Oct 24 10:40:19 +0000 2017
21996,192672,is @115888 for iOS devices only ?,"@192672 Hi there! The Spotify app is available on desktop, mobile, tablet, TV, and in the car. We have more info here: https://t.co/zYvAVytJpM /HC",2059393,2059392,Sat Oct 07 09:31:56 +0000 2017
16156,506378,@SpotifyCares Help I try to reset my password but when I click forgot password and put in my username It says CSRF token invalid! Pls dm me!,@506378 Hi there! We've just sent a DM your way. Let's carry on chatting there /FR,1659815,1659814,Mon Nov 06 03:59:39 +0000 2017
14054,451350,"@SpotifyCares Windows 7 desktop, and it should be the latest version. I can give more specific details in 14 hours",@451350 2: you have needs to be downloaded again. Let us know how it goes /RA,1426292,1426294,Thu Nov 02 05:00:25 +0000 2017
17191,529537,@SpotifyCares Aye av put mi word in thanks x,@529537 No worries! You know where to find us if there's anything else. https://t.co/m4HWSbgHVZ 🙂 /NJ,1759251,1759250,Tue Oct 17 21:01:26 +0000 2017
25908,677568,"Hi @115888, your #discoverweekly robot is having a Monday moment...Amp Static not really my scene, and I'm not sure what clues I might've given that suggested otherwise...#normallyitsbangonthemoney @91697 - help!? https://t.co/RwVXR6QSIG","@677568 Hey Louis, we appreciate your feedback on this. Don't worry, just continue listening to the music you like. It'll just get better /GK",2342550,2342548,Mon Nov 13 13:17:28 +0000 2017
26388,432371,@651828 @115888 @SpotifyCares Apps have been updated since before the iPhone X was even released. Using a robot to respond to customers is just pissing people off even more spitting out the same responses to customers,"@432371 2: If there's one thing we can guarantee, is that we're not robots. Let us know if we can help anything else /MU",2234730,2392749,Tue Nov 14 10:27:59 +0000 2017
24193,653041,"@SpotifyCares Win10, the version the installer downloaded from https://t.co/IKXh39wu9f downloads and ""installs""",@653041 It looks like everything you're using is up-to-date. What's happening exactly? Could you tell us more details about it? We'll help out /JE,2239703,2239705,Fri Nov 10 17:38:03 +0000 2017
26907,700529,.@SpotifyCares sending out incorrect info - the new year is not playing in Chicago New Year’s Eve.  @95204 https://t.co/Tty2hb0ip8,@700529 Hi! Thanks for the feedback – we appreciate it. We’ll get this passed onto the team 💚 /RB,2442937,2442936,Tue Nov 14 23:47:10 +0000 2017
31198,792141,can @115888 please put foals’ “holy fire” album in the app already 😩,@792141 Hey! We’ll have it available to you as soon as it’s available to us. More info here: https://t.co/YlV1IAXwsi /NJ,2848342,2848341,Mon Nov 27 10:56:26 +0000 2017
23515,641330,When will Spotify get updated and fixed for iOS especially to fit the iPhone X screen @SpotifyCares,@641330 Hey David! Check out the official idea and add your vote to let our devs know it's something you'd like to see: https://t.co/rme49TNxKx /KL,2190895,2190893,Thu Nov 09 18:37:53 +0000 2017
12860,419678,@SpotifyCares DONE! Thank you so much! I love you guys and that was excellent customer service! I just couldn’t do the Waze anymore 😂,"@419678 Thanks for the kind words! If you need help with anything else, just give us a shout. Otherwise, have a... https://t.co/FQulrDtFky 😉 /GU",1280812,1280814,Thu Oct 26 17:08:47 +0000 2017
7666,316532,@SpotifyCares Entirely possible,@316532 That might have been the reason why the app looks different to you now. Let us know if you have any other questions /RK,825192,825191,Fri Oct 13 00:33:11 +0000 2017
18507,164193,@SpotifyCares how long until a debut artist’s page is available on Spotify??? Asking for me,@164193 Hi Ben! Can you let us know what's happening exactly? Are you looking to put your music on Spotify? We'll keep an eye out for your reply /LP,1837527,1837525,Wed Oct 18 17:23:00 +0000 2017
29255,745876,"@115888 stop fucking giving me country ads when I listen to death metal, I'm clearly not fucking interested.","@745876 Hey, we hear you! Your feedback has been noted and passed onto the team /NQ",2643402,2643401,Tue Oct 31 01:55:16 +0000 2017
8102,323320,@spotifycares I have a premium family account how do I go about adding family members,@323320 Hey Rich! We have some more info on inviting family members here: https://t.co/MFRme0gv7w. Let us know how it goes /KL,856195,856193,Fri Oct 20 14:08:18 +0000 2017
19866,570961,@SpotifyCares I do https://t.co/1fdPJlWprN,@570961 Hmm. Can we have you check out the updated steps under “Downloads unexpectedly removed” at: https://t.co/38J7tFlIBF. Keep us posted /JI,1916932,1916934,Thu Oct 26 16:05:11 +0000 2017
23192,634698,"@115888 @SpotifyCares please come to #SouthAfrica I miss you :(.. Used to have a premium account,but usd voucher prices are crazy now :/",@634698 Hey there! We're launching regularly in countries around the world. Sign up here to be first to hear: https://t.co/XDwWziPBnf /AR,2161287,2161286,Fri Sep 01 04:56:48 +0000 2017
27099,705062,@SpotifyCares Thank you. Here is my argued (and respectful :/) position about this: https://t.co/7aXMWDI7oF,"@705062 We hear you loud and clear! We can’t make any promises, but we’ll pass your feedback onto the right folks /MA",2463180,2463182,Wed Nov 15 09:15:56 +0000 2017
30237,771414,@115888 Yah promonya buat pengguna kartu kredit aja ternyata😓,"@771414 Hey! We can help out in English via Twitter, but we also have Indonesian support via email at https://t.co/ZgU70TbP8M /RB",133951,2756260,Tue Nov 21 01:52:45 +0000 2017
10677,186387,@SpotifyCares I'm from Kenya.,@186387 2: Be sure to add your email at https://t.co/X8DVSX9QgM /PL,1094491,1094492,Tue Oct 24 10:39:37 +0000 2017
32156,735005,@SpotifyCares your app doesn’t work. It shows a black screen and says an error has occurred check your internet connection. My internet is working flawlessly. I’m using an iPhone 7 Plus and I’m on the most current version of iOS and the app is up to date.,@735005 Hey Jonathan! Everything should be running smoothly now. Let us know if this is still happening /GS,2916612,2916610,Tue Nov 28 20:53:35 +0000 2017
13826,444714,"Hello @115888 fix this, Camila has more listeners and was to be in the top 10 https://t.co/VEnTcZ7vVf","@444714 Hi there. We're sorry you feel that way. The rankings update automatically, and it should reflect the correct info soon /LM",1396384,1396383,Sat Oct 28 12:30:01 +0000 2017
29457,751559,@103012 @SpotifyCares WTF!,@751559 Hey! We don't currently offer support in Hungarian. We can help out in English via Twitter and email at https://t.co/ZgU70TbP8M /BD,2668073,2668072,Sun Nov 19 09:50:11 +0000 2017
20357,578850,@SpotifyCares why can not I make a spotify payment with cash,"@578850 We're afraid cash payments aren't available, but check out our other payment methods here: https://t.co/DAEBRpLdU3. Hope this helped /GT",1948211,1948213,Mon Oct 30 14:59:09 +0000 2017
9253,347168,@SpotifyCares iOS Version: 11.0.3 &amp; Spotify Version: 8.4.22,"@347168 Thanks! Can you try logging out, restarting your device, and logging back in? Does that make a difference? /JM",957411,957413,Sat Oct 14 10:31:31 +0000 2017
27216,362304,@SpotifyCares Hi.  It's a Lumia 950 XL running 5.2.4.0,@362304 Thanks for the info! Can you tell us when this started happening? Was it after an app update? /CH,2477823,2477825,Thu Nov 16 04:56:31 +0000 2017
5501,265519,"@115888 Is it ad-free or limited string on Hulu, these things matter.",@265519 Hey there! The Hulu subscription bundled with the student discount is the Limited Commercials one. Hope this helps /QI,189826,611979,Wed Oct 04 21:35:43 +0000 2017
30236,235269,"@SpotifyCares what happened to my monthly track-ed? I loved that, it was the best email I got every month",@235269 Hey Dan! We're afraid we're no longer sending Track-ed emails as the project has ended. We'll let our developers know it's something you'd like to see again. Let us know if you need anything else /NS,2756259,2756258,Tue Nov 21 01:40:51 +0000 2017
23327,637770,"@117168  why can't I use my ""free"" birthday premium without a  card? What if I don't have a card?",@637770 Hey! We've replied to your DM. Check it out and we'll continue over there /RC,2175433,2175432,Thu Nov 09 14:02:28 +0000 2017
22819,627271,@SpotifyCares Can I beta test Spotify Hi-Fi? Current family subscriber here. I’m trying out Tidal lossless and I’m seriously impressed.,@627271 2: Lossless streaming by voting here: https://t.co/jA0OzJ0OO3 /JE,2131382,2131381,Wed Nov 08 19:48:02 +0000 2017
14138,319095,@115888 @192177 also your front page still says 50% off for students so what’s going on? https://t.co/Xbcz6g8dEW,@319095 Hi Catherine! NUS is currently unavailable as a discount option. We’d recommend using UNiDAYS at https://t.co/ZCWeItTUhj /MU,1436771,1436770,Thu Nov 02 13:05:33 +0000 2017
13439,434730,.@125633 thanks for the follow! I love the insights I get from you guys!!,@434730 Hey there! Thanks for the kind words. You made us blush a little. Give us a shout if you need anything else /KP,1349650,1349648,Fri Oct 27 16:58:44 +0000 2017
16937,524430,No wonder i'm doubting buying a premium in spotify because of this kind of service 😞😞😞,@524430 We've just sent a DM your way. Let's carry on chatting there /PL,1737708,1737707,Tue Nov 07 10:01:17 +0000 2017
867,140432,@115888 can pay using top up ?,@140432 Hi there! You can get the 3-month offer for RM2 by using a recurring payment method like credit card or PayPal. Just head to https://t.co/B1W1abMc4b to get started. Let us know if you need a hand getting set up /FJ,110039,110038,Thu Nov 23 17:09:31 +0000 2017
3209,201614,@SpotifyCares hi. My Spotify app won’t work. It won’t even log me in. It glitches up,"@201614 Hey, help's here! Can you tell us what's happening? We'll see what we can suggest /BE",361502,361501,Sun Oct 08 16:41:31 +0000 2017
6758,293907,@SpotifyCares Done,@293907 Thanks! Can you try using an incognito window? Another browser might help too. Any better? /JP,725995,725996,Thu Oct 12 18:28:12 +0000 2017
29155,459930,"@SpotifyCares I did it already, cmon i have been waiting waiting and waiting...","@459930 We understand. We don't have any info on this right now, but we'll be sure to announce any news at https://t.co/8zO4WCGlJ2 as well /TB",2635034,2635033,Fri Nov 17 19:35:24 +0000 2017
12282,401640,"@115888 just my 2 cents... 

1) attach the label w/ releases &amp; make label searchable

2) be able to &gt; multiple stations at once for variety",@401640 1: Hi! Adding more info about the record label is a nice idea. You can help make it happen by voting here: https://t.co/tLh8l7YsAO...,1198659,1198660,Wed Oct 25 03:20:54 +0000 2017
23135,634047,@SpotifyCares Aii aii. We'll be waiting. 🔥🔥🔥🔥🔥💪🏽💪🏽💪🏽💪🏽,"@634047 If you need help with anything else, just give us a shout. https://t.co/uEkAlnxbzn 🙂 /MO",2158555,2158554,Thu Nov 09 04:19:29 +0000 2017
8284,326005,@SpotifyCares Can you please stop trying to shove Post Malone down my throat please? Thank you.,@326005 Hey there! What's happening exactly? Let us know - we'll look into this /SY,867555,867552,Fri Oct 20 16:46:31 +0000 2017
7653,316324,I wish there was a @115888 or @129941 filter so I could exclude any abusers from my otherwise lit station.,"@316324 Hey Shady, we can see how that’d be useful! You can vote for the official idea here: https://t.co/hlXvRg5Zog /TF",824193,824192,Thu Oct 12 23:41:57 +0000 2017
4818,246541,@SpotifyCares It cannot be formatted.,"@246541 We understand. We don't have any info on this right now, but we'll let the right team know about what's happened /QI",544595,544596,Sat Dec 02 20:08:27 +0000 2017
32562,810223,"@SpotifyCares I use chrome, though, Internet explorer works https://t.co/vsVEzNMm37","@810223 Does the same thing happen when you're using Chrome's incognito mode? Also, have you made any recent changes to your browser? /NQ",2928688,2928689,Wed Nov 29 23:20:47 +0000 2017
10218,368380,Like srsly @115888 grab your shit together and announce already that you are launching in Romania next week. Jesus.,@368380 Hi there! We're launching in new countries as often as possible. Be sure to add your email at https://t.co/X8DVSX9QgM /LM,1050997,1050996,Sat Oct 14 15:47:06 +0000 2017
20657,582840,@SpotifyCares Hey! It’s more I have a prem account but I’ve been added to a family account. What’s the process to cancel premium?,@582840 Got it. Could you fire over your account's email address or username via DM? We'll take a look behind the scenes /AY https://t.co/ldFdZRiNAt,1966716,1966718,Tue Oct 31 13:17:35 +0000 2017
14315,459440,@115888 Deals for loyal existing members might be nice too,"@459440 Hey, we hear you. Thanks for taking the time to reach out – your feedback's been noted /NQ",130896,1462487,Sat Nov 25 17:01:27 +0000 2017
11178,116387,@115888 why the fuck is there no customer service. Why am I asking someone in god knows where for help? $9.99 every month! Make hit box....,@116387 2: on what's happening? We'll see what we can suggest /DB,184186,184187,Sat Oct 14 21:06:41 +0000 2017
26242,685882,@115888 PLEASEEEEE put @167274 acid rap album on!! It’s been so long now,"@685882 Hey Cassidy! Fingers crossed we'll be able to have it soon, but there's info about Spotify content here: https://t.co/0i8GpimuDa /RH",2378278,2378277,Tue Nov 14 03:30:07 +0000 2017
11483,394863,@SpotifyCares Windows 10 and Android. I have no idea what version! 😂,"@394863 Thanks! Just to check, are you getting any specific error messages? A screenshot of it will be handy /NY",1168547,1168546,Sun Oct 15 13:56:28 +0000 2017
6139,278580,"@SpotifyCares dis/reconnecting helped, thank you! but #Spotify never updated list after initial link. Will I️ have to do this everytime? 🤔",@278580 1: We're glad it worked. You need to refresh the connection between both accounts once in a while to make sure everything works perfectly.,665730,665731,Sat Nov 11 17:34:36 +0000 2017
31320,794511,"@SpotifyCares same issue with incorrect artist for arist named ""Magnet"" - newest single on the profile is for someone else, also showed up on release radar -.-","@794511 Hey, help's here! Can you send us the Artists Links? Just tap the three dots &gt; Share &gt; Copy Link /JS",2858998,2858995,Mon Nov 27 18:53:09 +0000 2017
20118,575627,@115888 can you add a feature where people on my Wifi can add to the queue on my wireless speakers? That’d be super smash,"@575627 Hi, we can see how that’d be useful! Suggest it in our Community at https://t.co/rtDvYZOF32 and get support from other users /AK",1934609,1934608,Sun Oct 29 02:05:11 +0000 2017
15742,405689,"@115888 explain why an app I pay $9.99 monthly for can’t be bothered to update their app, you’ve had over a month to do it this shit. https://t.co/yw9ubCqrqK",@405689 Hey Joe! Can you let us know what's happening exactly? We'll see what we can suggest /PL,1607967,1607966,Sun Nov 05 08:30:20 +0000 2017
10575,375587,@SpotifyCares Can I purchase a year subscription as a gift without having my own subscription?,"@375587 Hey Ria! We sent you a DM, we'll be happy to help you there. Be sure to check it out 🙂 /KL",1083509,1083508,Fri Oct 13 15:08:12 +0000 2017
27067,704478,"@115888 Except when your collection maxes out at 10,000 tracks which is super lame. Cancelled my family subscription, went to Google","@704478 Hi Dave! Sorry to hear that. If you'd like to give us another chance, we're just here for you /MU",2460087,2460086,Wed Nov 15 06:37:06 +0000 2017
2130,172968,"@SpotifyCares Can't find option ""save to sdcard"" anymore in settings. How can I save music to sdcard now?","@172968 2: using, that would be great 🙂 /RR",239830,239828,Fri Sep 29 10:17:23 +0000 2017
17442,534226,"@SpotifyCares Android 7.0, is that what you mean?","@534226 Yup, that's right. Could you try restarting the device? Does the issue persist? /JS",1778054,1778053,Wed Nov 08 00:40:17 +0000 2017
22308,614688,I strongly believe that when I click on the album covers in @115888 I should be taken to that album,"@614688 Hey there, this sounds like a great idea! Suggest it in our Community at https://t.co/rtDvYZOF32 and get support from other users /KL",2078343,2078342,Mon Oct 09 15:21:18 +0000 2017
30213,510250,"@SpotifyCares This worked but now I have to go through and re-download everything. Super frustrating. Not your fault though, thank you for your help.","@510250 We're glad that it's working now and we apologize for the inconvenience. If you need help with anything else, just give us a shout. Otherwise, have a... https://t.co/FQulrDtFky 😉 /GU",2754884,2754885,Mon Nov 20 21:36:34 +0000 2017
1699,160407,@SpotifyCares hi it's OS Sierra and the latest spotify update ( 1.0.64.399.g4637b02a ),"@160407 Thanks. When did you start having this issue? Also, what usually makes the app freeze? /RH",189324,189322,Tue Oct 03 23:37:59 +0000 2017
6995,300119,@SpotifyCares @16134 Jealous that I cannot enter lol,@300119 Hi Ian! This competition is open to all Spotify Community users. Hope this helps 🙂 /T,753637,753636,Wed Oct 11 14:08:20 +0000 2017
7496,312899,"@SpotifyCares trying to sign up for spoitfy student but keep reloading and getting ""this form has expired, please reload and try again""","@312899 Hi there, help's here! Can you open this link: https://t.co/xbU7d8wpTJ on a different browser or in an incognito window? Any better? /NY",809554,809553,Sun Oct 08 13:05:48 +0000 2017
2506,184372,@115888 https://t.co/95tdKz72uj,@184372 @115888 Hi Raphael! We've just sent a DM your way. Let's carry on chatting there /AU,286947,286946,Fri Oct 06 12:46:30 +0000 2017
11488,395005,@115888 why homedepot tellin me im gonna be listening to musicfor 30mins adfree but 2 songs later im listining about some mf torque wrenchs,"@395005 Hey, that doesn't sound good! Did the app crash at any point during the 30 minutes? That can cause the ad-free time to reset /CP",1169129,1169128,Tue Oct 24 16:35:34 +0000 2017
832,139555,@SpotifyCares Still does not help.,@139555 Thanks for letting us know. Are you getting any specific error messages while using the web player? A screenshot of what you're seeing would be helpful /CE,106310,106311,Fri Dec 01 00:16:32 +0000 2017
8597,331185,@SpotifyCares Thank you for reply!,@331185 You're welcome! If anything else comes up just give us a shout. We're here around the clock 🙂 /BH,889538,889540,Sat Oct 21 00:01:21 +0000 2017
22609,623322,"@SpotifyCares well, webservice should be clear ;) as in your website... both chrome and firefox, on windows 7. The newest android app (updated just today) on... android o_o https://t.co/wNjT3NXdxO","@623322 1: Hmm, does the issue happen on both devices (app and web player)? Also, when did you notice that your Spotify is acting up?",2114139,2114140,Wed Nov 08 16:33:36 +0000 2017
6189,279807,@115888 @12754 HEY WHEN WILL YALL ADD LEE HI’S WORLD TOUR TO THE SEOULITE ALBUM,"@279807 Hey there, we’ll have it available to you as soon as it’s available to us! For now, check https://t.co/0i8GpimuDa /SY",670012,670011,Thu Oct 05 14:07:25 +0000 2017
14635,466820,@115888 I need immediate assistance.,"@466820 Hey Rob, we're here to help! What issues are you having and on what device? We'll see what we can suggest /RV",1493534,1493531,Mon Oct 16 19:44:46 +0000 2017
26142,682731,"@115888 hi, is there any setting so that when a device is playing music and then a 2nd/ 3rd device etc, don't interrupt each other? All on the same account","@682731 1: Hi there! As Spotify is intended for personal use, we're afraid it's not possible to stream music simultaneously on multiple...",2364800,2364801,Mon Nov 13 21:41:57 +0000 2017
5071,253018,@115888 where is lemonade,"@253018 Hey! We're working on it, and we hope to have it available soon. There's more info here: https://t.co/ODH8pwgytz /AP",567167,567166,Sun Dec 03 00:51:09 +0000 2017
24500,657970,"@115888 @SpotifyCares Where is the 5x1 widget for Android? Its been years since Android released the 5 across screen, we've beem waiting on a widget that fits the screen ever since.",@657970 This sounds like a great idea! Add your vote here to help make it happen: https://t.co/9F1PuuOmpy /LO,2259599,2259598,Sat Nov 11 00:41:32 +0000 2017
18230,547318,"@118266 Kak, saya tidak bisa coba free trial 30 days premium? Kenapa ya?","@547318 Hey there! We can help out in English via Twitter, but we also have Indonesian support via email at https://t.co/ZgU70TbP8M /CE",1823178,1823177,Sun Oct 15 13:51:21 +0000 2017
29567,755566,"@SpotifyCares This is the guy, he even gets to override me! https://t.co/2Najgo8tm6",@755566 Hey! Help's here. Can you send us your account's email address? We'll take a look backstage /BD https://t.co/ldFdZRiNAt,2686915,2686913,Sun Nov 19 12:02:15 +0000 2017
6342,284365,@SpotifyCares please please please help me update my payment info. it’s not working. please help,"@284365 Sorry for the delay in response. We've sent a bit more info via DM. If you could check your inbox, that'd be great /AY",688090,688089,Thu Nov 23 10:41:52 +0000 2017
28069,725065,@SpotifyCares when i close and swipe the app up and reopen it's fine. but then after a while of playing music the same thing happens.,@725065 That's odd. We'd suggest reinstalling the app with these steps: https://t.co/46sWVpIvlI. You might need to resync your offline songs after. Any better? /JP,2552662,2552663,Thu Nov 16 15:23:29 +0000 2017
29375,748233,Can someone tell me why Freaks and Geeks by Gambino is not on spotify ???,@748233 Hey there! Can you let us know which country your account is set to? We'll have this checked for you /DD,2653170,2653169,Sun Nov 19 03:29:49 +0000 2017
6779,294148,@SpotifyCares Nevermind.  I cancelled my subscription.  I’ll renew it if you give it back.,@294148 Thanks for the feedback – we appreciate it! We’ll get this passed onto the right team /LO,727016,727017,Wed Oct 11 06:36:12 +0000 2017
17888,540934,@115888 please take out the scary movie commercials in between songs. That shit scary as hell.,"@540934 Hey! Sorry, we didn't mean to scare you. We'll pass your feedback on to our Ads team. For anything else, we're just a tweet away /AN",1800358,1800357,Fri Oct 13 02:55:44 +0000 2017
14203,455855,@115888 why are you not in INDIA,@455855 We're launching regularly in countries around the world. Sign up here to be first to hear: https://t.co/XDwWzj7cLP 🙂 /CG,1447347,1447345,Thu Nov 02 15:30:18 +0000 2017
18127,545397,@115888 one shouldn't hear the same song twice in an hour while listening to a 52 hr playlist,"@545397 2: know that this is something you'd like for us to improve on. Also, just be sure to add your feedback here: https://t.co/T3vZnSL3od /CH",1815586,1815585,Sun Oct 15 23:13:41 +0000 2017
4462,234666,"@115888 @3493 @SpotifyCares
 Why can’t I access this promotion in Quebec ? 
https://t.co/ODezzAvnbK",@234666 Hey Phil! We’re currently unable to offer Spotify Yearly in Quebec due to circumstances outside our control. We hope to be able to make it available in the future /LP,500951,500950,Fri Dec 01 18:03:22 +0000 2017
14506,463929,@SpotifyCares Also happen on my Android phone. Pls HELP. https://t.co/3lG3S9DBUj,@463929 Hi there! Can you fire over your account's email address via DM? We'll take a look backstage /NY https://t.co/ldFdZRiNAt,1481232,1481231,Fri Nov 03 07:44:20 +0000 2017
17991,542907,"@SpotifyCares Tried that. Flashed normal for a second then back to being broken. Made a new account name, works fine. What in the world would cause that?",@542907 2: There's more info about it here: https://t.co/uon71wdZQZ. We hope this clears things up. Give us a shout if you ever need us again /CH,1807112,1807114,Sat Oct 14 20:29:01 +0000 2017
23107,633109,@115888 where is GOT7 and GFRIEND'S LOL album on Spotify,@633109 Hey there. We’ll have them available to you as soon as they're available to us! https://t.co/0i8GpimuDa /TC,2154914,2154912,Mon Nov 13 06:24:39 +0000 2017
22599,623318,srsly what is wrong with my Spotify account 🙄,@623318 Hi Diyana! We've just sent a DM your way. Let's carry on chatting there /TR,2114124,2114122,Wed Nov 08 15:42:29 +0000 2017
12291,410884,@SpotifyCares hope so. is it just me or others with this problem?,"@410884 We don't have any info on this right now, but our best tech folks are on the case as we speak. Hopefully we'll have a fix soon! /RS",1240119,1240121,Mon Oct 16 11:37:52 +0000 2017
32388,808321,@SpotifyCares Nah - thank you for getting back to me regardless 👌🏻👍🏻,@808321 You're welcome! https://t.co/m4HWSbgHVZ 💚 /JS,2920597,2920596,Wed Nov 29 01:22:14 +0000 2017
2002,170356,@SpotifyCares Pssh already did you guys have been sitting on this forever. 😒,"@170356 Thanks for reaching out. We hear you. Rest assured, your feedback will be passed on to the right folks /NQ",227975,227974,Sun Oct 08 03:17:04 +0000 2017
389,127573,@SpotifyCares you've got mail.,@127573 We just replied to your DM. Check your messages! /CB,51569,51568,Wed Nov 01 20:11:19 +0000 2017
27453,712681,@SpotifyCares hi hello are you guys gonna actually ever reply,@712681 Hi there! Sorry for the delay. We've just sent you a bit more info over DM. We'll carry on helping out there /DD,2497517,2497516,Mon Oct 30 02:42:36 +0000 2017
4848,248476,"@SpotifyCares I'm a premium user and after updating Spotify based on the program notification I get ""Cannot find 'API-MS-WIN-CORE-PROCESSTHREADS-L1-1-2.DLL'. I'm using Windows 7 64bit.","@248476 2: Once done, just download a new installer at https://t.co/cgbgyQ4C7a and reinstall the app. Let us know how it plays out /LM",551322,551319,Sat Dec 02 18:18:48 +0000 2017
4228,227727,@115888 what happened to your lg tv app?,"@227727 Hi there! As we look to improve the overall Spotify experience, we are removing the app from LG TV. There's more info here: https://t.co/BCHzdT3drt /JN",473428,473427,Fri Dec 01 08:57:54 +0000 2017
13715,441499,@SpotifyCares thnx!!,"@441499 You're welcome! If you have any other questions, just say the word. Otherwise... https://t.co/uEkAlnxbzn 🙂 /MT",1381267,1381266,Sat Oct 28 05:58:16 +0000 2017
11995,405751,"@SpotifyCares Anyway, “Egypt” needs a look. 

Also, “Clutch” the rock band still has some bad entries under “appears on”, but I evrepprted that before.","@405751 2: About reporting errors through the app, you can vote for the same idea here: https://t.co/Sxl4SW3ZsT /JP",1217781,1217782,Wed Oct 25 12:22:19 +0000 2017
7252,307005,"Why is @115888 starting up when launching my pc, even when I turned that off?","@307005 Hi Ramon, help's here! Can you let us know your desktop's OS and Spotify versions? We'll see what we can suggest /DV",783497,783496,Sun Nov 05 12:59:30 +0000 2017
31953,806256,"fix your shit so i can listen to my music. @115888 

thanks.","@806256 Hey Josh, thanks for bearing with us. Everything’s looking good on our end now - are you still having this issue? /JE",2912541,2912540,Tue Nov 28 20:11:42 +0000 2017
17182,529318,"@SpotifyCares If i buy spotify gift cards, does it work for the family plan?","@529318 2: This includes the student discount, Premium offers, and gift cards. We hope this clears things up /SJ",1758258,1758256,Tue Nov 07 19:41:32 +0000 2017
15076,475399,@115888 can you hurry up on the worldwide spotify app or i will have to use VPN which is very slow. I need a reliable fast music streamer,"@475399 Hey there! We don't have any info on this right now, but we'll let the right team know it's something you'd like to see /NQ",1532722,1532720,Sat Nov 25 17:30:14 +0000 2017
16772,517998,@115888 why isnt hello playing on seventeen’s album? i need to hear their angelic voices asap,@517998 Hey Irene! Can you let us know the country your account is currently set to? We'll have a look /LO,1709579,1709580,Tue Nov 07 00:19:22 +0000 2017
29426,750669,"So saving an entire album to a playlist on Android no longer automatically names the playlist ""Artist - Album Name""? This is a step backwards @115888 @SpotifyCares!","@750669 Hey there! Don't worry, help's here. Can you let us know the device you're using along with its Android and Spotify versions? We'll be on the lookout for your reply /MT",2663996,2663995,Sat Nov 25 15:37:12 +0000 2017
23936,648167,@SpotifyCares When will you update Spotify optimized for iPhone X?,"@648167 Hi Jani! We don't have any updates on this right now. Don't worry, we'll pass this on to the right folks /GK",2218812,2218811,Fri Nov 10 10:52:58 +0000 2017
17960,413781,"In an ideal world, @115888 wouldn't delete all the songs I downloaded randomly every couple of weeks.",@413781 2: They should help with this. We're here for you if there's anything else /YM,1796452,1796453,Wed Oct 18 00:36:25 +0000 2017
6419,286242,@SpotifyCares i'm from brazil and with the last update 1.0.65.320.gac7a8e02 i can't listen anything by any mainstream artist please fix this,"@286242 Hey, that's not cool! Can you let us know the device and operating system you're rocking? We'll see what we can suggest /JM",696741,696740,Tue Oct 10 17:46:41 +0000 2017
21257,334797,@SpotifyCares Why is there not an Apple Watch Spotify App or when can we expect one?,"@334797 Hey Tony, we can see how that’d be useful! You can vote for the official idea and stay in the loop here: https://t.co/geGOjDqdJ4 /MQ",2010072,2010071,Wed Oct 18 14:16:52 +0000 2017
7697,317250,@SpotifyCares I need help!!!,"@317250 Hey! Don’t worry, we can help. What’s happening exactly? Can you let us know the device/OS you’re using? /RB",827996,827995,Fri Oct 13 02:04:29 +0000 2017
8971,339029,@SpotifyCares spotify:album:1icToz4Du5xd0OvQqYcF1G,@339029 Thanks. We'll get this reported. Great detective work! https://t.co/LpsmyUtme0 /MX,922698,922700,Tue Oct 10 20:09:21 +0000 2017
1399,155114,@SpotifyCares Thank you!!,@155114 You're welcome! Let us know if you ever need us again. We'd be... https://t.co/LgAM6ky9Vv🙂 /AU,168140,168142,Fri Nov 24 22:09:41 +0000 2017
14164,454711,@SpotifyCares i tried it. no solution,@454711 Could you let us know what's happening exactly? Are you getting any error messages? /KM,1442518,1442519,Fri Nov 03 08:48:55 +0000 2017
9559,352557,@SpotifyCares Never mind I just had to re download it but thank you for replying,"@352557 No worries! Just to check, is everything good on your end? If not, we'll be happy to help you further /JS",980816,980819,Sun Oct 22 18:33:11 +0000 2017
29023,741003,I'm talking to you @115888. I just went from using 3gb of space to using 80mb. That's an obnoxious amount of space! https://t.co/G5vkQUKp2Q,"@741003 Hey Monica! This isn’t possible right now, but you can add your vote here to help make it happen: https://t.co/fDfdWqd3CO. For anything else, just give us a shout /QI",2622890,2622889,Fri Nov 17 15:54:56 +0000 2017
1867,165998,@SpotifyCares How? Show me the way,@165998 We can see you're on LTE. Make sure that you follow the steps at https://t.co/QyFvTgzOMP to allow downloading via mobile data /JP,211082,211081,Wed Oct 04 17:20:51 +0000 2017
15889,499041,@SpotifyCares For one specific song?,"@499041 Yes, and this could also happen with other artists as well. Don't worry, we'll be passing on your feedback on to the right folks. If there's anything else that we can help you with, just give us a shout /CH",1630468,1630470,Sun Nov 26 04:49:26 +0000 2017
12210,409366,"@SpotifyCares Hi spotify! Where can I find an email address to contact someone about jobs, please?","@409366 Hey Helen, help's here! You can find info about open positions and apply here: https://t.co/L0SdXJ7Bk4. Stay awesome 😁 /MQ",1233745,1233743,Wed Oct 25 17:17:00 +0000 2017
28730,737075,@115888 do you ever change your feel good Friday playlist same every week boring,@737075 Hi Shaun! It looks like it just updated a couple of hours ago. Can you try logging out &gt; restarting your device &gt; logging back in to refresh the app? Keep us posted /MU,2605041,2605040,Fri Nov 17 09:10:12 +0000 2017
14487,463557,don’t do me so dirty @115888 https://t.co/dyN0hEEpeY,@463557 Hi there! We have more info about this here: https://t.co/WSjJgGAmPy. Let us know if you have any other questions /NY,1479513,1479511,Fri Nov 03 06:53:10 +0000 2017
27686,717387,"Hello @SpotifyCares 
I'm using Spotify free at my Android phone and have some playlist with audiobooks and instrumental music. Each time I try to play any of them, the app puts a lot of ""suggestions"" into the queue, but I don't want them! Any possibility turn these off? Thanks!","@717387 Hey there! This is part of our Free service on mobile. There's more info about it here: https://t.co/Uv9kyGcsCc. To reduce the number of Suggested Tracks you get, try adding more artists into your playlists. Let us know if there's anything else /AP",2518465,2518464,Thu Nov 16 00:11:12 +0000 2017
28858,739292,@SpotifyCares ummm what am I supposed to do? https://t.co/VGxaEFhmp2,@739292 Hey! Help's here. Can you let us know your iPhone's model along with its iOS and Spotify versions? We'll see what we can suggest /CP,2615405,2615403,Fri Nov 17 11:54:03 +0000 2017
23883,647471,@115888 where’s #Reputation??,"@647471 Hi, we’ll have it available to you as soon as it’s available to us! https://t.co/0i8GpimuDa /RB",2215992,2215991,Fri Nov 10 05:05:42 +0000 2017
6249,281684,@SpotifyCares Thanks!,"@281684 Thanks! For now, you can give us a shout if there's anything else. https://t.co/m4HWSbgHVZ /PL",677737,677736,Thu Nov 23 06:36:15 +0000 2017
26932,701629,"@115888 @SpotifyCares Subscribed to student plan. Money got deducted rigth away but didnt get the subscription till now. and spotify cares says they dont see anything linked to my account :) 
HELP! HELP! HELP!
P.s I think switching from apple music was a bad idea",@701629 We've just sent a DM your way. Let's carry on chatting there /AN,2447657,2447656,Wed Nov 15 01:26:36 +0000 2017
8822,335535,"@SpotifyCares desktop and mobile. but I don't get an error on mobile, it just won't play 😢","@335535 We hear you. Our best tech folks are on the case as we speak. Thanks for bearing with us, hopefully we'll have a fix soon! /TB",907654,907653,Fri Oct 13 19:18:23 +0000 2017
8136,323748,Spotify keeps giving me an error saying songs aren't available over &amp; over again. Both mobile &amp; desktop. Its frustrating. Help @SpotifyCares,@323748 Hi Mike! Can you let us know the operating system and version of Spotify on your mobile phone and desktop? We'll see what we can suggest /FR,858002,858001,Thu Oct 19 21:24:00 +0000 2017
28081,279958,Hi @6860 @115888 care to explain why the take care album is gone?,"@279958 Hi there! Sometimes content is temporarily removed due to licensing, but we hope to have it back soon: https://t.co/VMrgnGpB4G. Hope this info helps /DR",2552688,2552687,Thu Nov 16 14:52:02 +0000 2017
8257,325435,@SpotifyCares Woohoo!! Spotify Rocks. 🎸,@325435 We won't disagree! Will you join us in playing this really loud? https://t.co/vxtgnM8D1J /MX,864987,864986,Mon Oct 09 18:08:44 +0000 2017
223,124334,"@115888 
Why’d was ‘motorsport’ by: Migos changed at 1:16? And instead place at the end of the song?. #migos #quavo #offset #motorsport","@124334 Hi, help's arrived! Can you send us a link to the track? We'll see what we can suggest /DV",38324,38323,Wed Nov 01 12:57:19 +0000 2017
20714,583589,@SpotifyCares This is my issue. https://t.co/Cz1UQNeQXy,"@583589 1: Thanks for letting us know. We're afraid there's currently a limit of 3,333 downloaded songs per device (maximum of 3 devices). /AU",1970001,1969998,Tue Oct 31 17:03:37 +0000 2017
10526,374112,I would do anything to get my next 30 minutes ad free tbh @115888,@374112 Hey! Did the app crash at any point during the 30 minutes? That can cause the ad-free time to reset /NY,1077076,1077075,Mon Nov 06 11:28:51 +0000 2017
1517,156660,@SpotifyCares does y’all promo that y’all have going on right now (.99¢ per month) go with student accounts also? Trying to decide if I️ want to subscribe or not since y’all also offer Hulu with the student accounts now also!,@156660 Hi there! We're afraid that these offers can't be redeemed with any other deal. We’d recommend taking advantage of these offers once your trial period expires. Hope this clears eveything up /AK,173663,173661,Fri Nov 24 22:37:39 +0000 2017
26101,682347,"@SpotifyCares It’s more I want to be able to save albums but not have every track of that album saved in my songs. In fact I might want none of the tracks in my songs, but still save the album.",@682347 We hear you! We'll make sure this feedback is passed on to the correct team /TF,2363301,2363300,Mon Nov 13 21:38:40 +0000 2017
25532,670598,@115888 umm how come i don’t see the og cheetah girls album???,@670598 Hey there! Could you let us know the specific album you're looking for? We'll check /RH,2312381,2312380,Sun Nov 12 16:38:56 +0000 2017
16526,514332,@SpotifyCares Yes,@514332 That's strange. We'll get this passed on to our devs so they can look into it. Give us a shout if you need anything else /ME,1695252,1695251,Mon Nov 06 17:38:40 +0000 2017
20960,587705,@115888 can u explain why this album is unavailable to me???????? 💔💔💔💔 https://t.co/eop5aG96ih,"@587705 @5413 Hey there! We’d love to have all of her stuff available, but we have some info about content here: https://t.co/MEjmIRL2eB /NS",1985427,1985426,Thu Nov 02 04:23:53 +0000 2017
24007,648209,@SpotifyCares hey my new single just released https://t.co/m5WxU79KIW support ?,@648209 2: Check out https://t.co/6BMOmfiZvQ to help you gain visibility /K,2218980,2218979,Fri Nov 10 09:48:40 +0000 2017
2639,188233,"@115888 The app needs a mega-like button, or a way to know my phone shaking violently is me rocking really f'ing hard to a song that's on",@188233 Thanks for the feedback – we appreciate it! We’ll get this passed onto the right team 🙂 /NJ,302698,302697,Fri Oct 06 20:38:55 +0000 2017
3194,200756,@SpotifyCares Sorry but I no longer believe you,@200756 We're sorry you feel that way. Sometimes content takes time to be available on Spotify because of licensing reasons. Fingers crossed that we'll have those tracks for you soon /JU,356958,356959,Sun Nov 26 23:39:06 +0000 2017
10181,367321,@115888 when will you update Seohyun's photo,@367321 You're welcome! Let us know if you ever need us again. We'd be... https://t.co/LgAM6ky9Vv 🙂 /NS,1046229,1046228,Thu Oct 12 22:40:57 +0000 2017
17024,525735,"@SpotifyCares Hello Spotify, would you mind to open your dm, and reply my dm? i have some problem in my Premium subscription.",@525735 Hi there! We've sent a reply over to your DM. Let's carry on chatting there 🙂 /LP,1742958,1742957,Tue Nov 07 12:44:25 +0000 2017
10017,364442,Cool! What about #Android  @125633 https://t.co/aBFFsS0CK9,"@364442 Hi Bert! It’s currently only available on iOS, but Android is coming really soon. We promise 😉 /T",1033177,1033176,Thu Oct 12 17:17:27 +0000 2017
29464,751819,@SpotifyCares people who practice music should be the ones doing the analyzing. Theories about music from non-practitioners is harmful to us,@751819 Thanks for sharing your thoughts. We can’t make any promises but we’ll pass your feedback onto the right folks /DR,2669348,2669349,Sun Nov 19 15:02:59 +0000 2017
30898,785409,"Hey @115888,  just updated my payment information and when I entered my credit card numbers the input marker jumped back one digit for each new block of numbers. Worst credit card input I ever used. 😩

I'm on an Android,  Xperia Compact 3. Dun think it's OS related. Pls fix &lt;3",@785409 Hey there! Thanks for the feedback – we appreciate it. We’ll get this passed onto the right team /NQ,2817498,2817497,Sun Nov 26 20:46:41 +0000 2017
10747,379267,What’s your email address @SpotifyCares,"@379267 Hi Gemma! We can help out via Twitter, but we also have email support at https://t.co/ZgU70TbP8M Keep us posted 🙂 /KL",1098722,1098721,Fri Oct 13 20:26:14 +0000 2017
20833,119094,So how soon can @115888 add this so I can add it to my library???? https://t.co/EUoOuT1Sa0,"@119094 Hi Audree! Fingers crossed we'll be able to have it soon, but there's info about Spotify content here: https://t.co/0i8GpimuDa /DV",1976780,1976779,Wed Nov 01 17:46:44 +0000 2017
29397,748249,@SpotifyCares why does all of my saved music just un-download sometimes,"@748249 Hey Rachel! We're sorry to hear that. Don't worry, following the steps under “Downloads unexpectedly removed” at https://t.co/38J7tFlIBF should help with this. Let us know if you have any questions /KB",2653227,2653226,Sun Nov 19 02:34:14 +0000 2017
21828,606335,I wish you could block artists on @115888 getting seizures from @13172 's voice.,"@606335 Hey! It's not possible for now, but you can support this idea by adding your Kudos at https://t.co/hlXvRg5Zog. We hope that helps /CB",2050345,2050344,Thu Oct 05 17:33:53 +0000 2017
31518,797225,@115888 BRING THIS BACK I️ MISS I️t,@797225 Hi there! Lyrics is currently unavailable as we're making some big improvements to the feature. We'll share more updates soon /AK,2871152,2871151,Tue Nov 28 00:30:45 +0000 2017
16541,515011,@115888 Is this for new customers only ?,@515011 Hey Louise! These are for old and new customers who have not yet tried Premium. More info here: https://t.co/Gp5xcUoTsa. Let us know if you have any other questions /CH,620355,1697980,Sat Nov 25 19:44:18 +0000 2017
9513,352198,"@118266 min mau tanya, utk pembayaran premium via Doku payment udh gbisa ya?dialfamart/midi udh 5x pindah gada yg bisa. Help.thx","@352198 Hey! We can help out in English via Twitter, but we also have Indonesian support via email at https://t.co/ZgU70TbP8M /NQ",979100,979099,Sun Oct 22 02:35:37 +0000 2017
30406,172660,@SpotifyCares Hi. Any way to turn off player’s auto search for a similar track to one available offline? Lots of errors in my playlists because a fault in this feature. Thanks.,"@172660 Hi, help's here! Just to clarify, are you looking for the option to only search tracks that are available offline? Can you also tell us the make &amp; model of the device you're using? /RR",2774533,2774531,Tue Nov 21 13:38:20 +0000 2017
9684,356435,Please put Julion Alvarez's songs back on Spotify @115888,@356435 Hey Jenny! Thanks for reaching out. There's some info on Spotify content here: https://t.co/MEjmIRL2eB /JL,998486,998485,Thu Oct 12 03:53:58 +0000 2017
28943,740002,@115888 where is @738829 's Perfect Velvet album? Please update sooonnnnnn or else we'll unsuscribe 😏,"@740002 Hi there! Fingers crossed we'll be able to have it soon, but there's info about Spotify content here: https://t.co/0i8GpimuDa /NY",2618553,2618552,Fri Nov 17 14:21:22 +0000 2017
29503,752880,@115888 is #reputation gonna be available soon? :(,"@752880 Hey! We’ll have it available to you as soon as it’s available to us! For now, check out the singles: https://t.co/3h0TnPWP0c /BD",2674463,2674461,Sun Nov 19 10:44:56 +0000 2017
13145,412191,Spotify needs to update at 11 not 12. @115888 @SpotifyCares,@412191 We hear you loud and clear! We can’t make any promises but we’ll pass your feedback onto the right folks /RA,1308119,1308118,Fri Oct 27 03:39:31 +0000 2017
5146,253957,"@SpotifyCares iPhone 7plus, iOS 11.2, Spotify version 8.4.28","@253957 Thanks! Does logging out, restarting your phone, and logging back in help? /GT",570527,570529,Sun Dec 03 03:33:24 +0000 2017
13828,444983,@SpotifyCares Downloaded from: https://t.co/ik2GvkzbdN  Currently using Baidu Antivirus. It detected Trojan virus on the .exe file.,@444983 2: while you install the app. Your antivirus program might be detecting the installer as a false-positive /LM,1397482,1397484,Sat Oct 28 15:29:21 +0000 2017
12093,407263,@115888 plz make more decade playlists of decades before the 60s bc the small selection u have is good but i need more,"@407263 Hey! Our Curation team are independent &amp; use taste, data, research, and trends to create playlists, but we’ll pass on your suggestion /JL",1224484,1224483,Thu Oct 26 05:02:26 +0000 2017
3395,205918,"When is @115888 going to put a sleep timer in their settings? 
Because I could use that right now.",@205918 Hey Lauren! A sleep timer is a great idea. Help make it happen by adding support here: https://t.co/pMmX7wXq24 /RA,378901,378900,Mon Oct 09 05:35:23 +0000 2017
4182,226654,@SpotifyCares is there a Spotify apple watch app? I can't find it,@226654 Hey Jason! Check out the official idea and add your vote to let our devs know it's something you'd like to see: https://t.co/BysL5LFq6X /LO,468938,468937,Fri Dec 01 06:41:34 +0000 2017
30402,208778,@SpotifyCares album down! Did you lose rights or...? https://t.co/ONlHxrPMwO,@208778 Hey there! Can you let us know the operating system and Spotify version you're rocking? We'll check under the hood /LW,2773497,2773495,Tue Nov 21 13:32:12 +0000 2017
14325,412367,"@170483 @SpotifyCares Two song title typos on this album (Liv, Li) spotify:album:6U0LegUILZzcMXuExvF2Pe",@412367 Thanks. We'll get this reported. Great detective work! https://t.co/LpsmyUtme0 🔍 /VK,1463597,1463596,Thu Nov 02 18:29:40 +0000 2017
11662,399662,@SpotifyCares Yeah. I’ve done that,@399662 Are you on a WiFi network or mobile data connection? Have you tried using a different network? /MU,1189839,1189838,Wed Oct 25 06:52:17 +0000 2017
12033,406258,@SpotifyCares Neither.,@406258 Hmm. Could you try reinstalling the app? Just follow the steps at https://t.co/grEcQYYFVS. Let us know how it goes /NS,1220102,1220103,Mon Oct 16 05:29:50 +0000 2017
13121,424897,@SpotifyCares Here ya go 😉 https://t.co/Rg1xnxlGa8,"@424897 Thanks! We're looking into this at the moment. For now, we'd recommend copying the Song Link and pasting it on Twitter to share /MT",1304774,1304775,Fri Oct 27 04:23:06 +0000 2017
14988,473575,When i try to add a new song to my playlist it keeps saying create a new one?! @SpotifyCares,"@473575 Hey Justin, help's here! Can you send us a screenshot of what you're seeing? We'll take a close look /JP",1524418,1524415,Fri Nov 03 21:01:42 +0000 2017
7476,312417,@117153 @SpotifyCares i just activated mine but it is not working whats wrong?,@312417 @117153 Hi! We've just replied to your DM. We'll carry on helping there /MQ,6515,807462,Thu Oct 12 17:40:24 +0000 2017
409,127974,@115888 your 'sub low' playlist is essential to getting things done and it hasn't been updated since September pls help,"@127974 Hey Dylan! Thanks for your feedback. We can't be sure of an exact timeframe, but we'll make sure to let the right folks know 🙂 /Q",53140,53139,Wed Nov 01 17:08:10 +0000 2017
22605,623321,@SpotifyCares So I will get an email if they ever add it to the list or will they tell me if I am eligible for this discount ?,@623321 You'd get an email if your school is added to the list. You'd need to reapply for the student discount to receive it. Hope this helps /JX,2114134,2114133,Wed Nov 08 16:49:28 +0000 2017
12974,421973,@SpotifyCares Okay you win this round... https://t.co/DbK9zledpK,@421973 Don't feel that way! There's nothing wrong with having an epic music collection and ... https://t.co/DJKTFKorwT 😉 /WW,1291280,1291279,Thu Oct 26 20:00:58 +0000 2017
19999,573808,@SpotifyCares why won't my credit card work to renew my premium account 😡😡😡😡,"@573808 Hey Danny, help's here! Can you fire over your account's email address and username? We'll take a look backstage /MQ https://t.co/ldFdZRiNAt",1928109,1928108,Fri Oct 27 18:38:34 +0000 2017
17356,532448,@SpotifyCares help help help I can't buy premium using my globe load,@532448 Hey! We've just replied to your DM. We'll carry on helping out there /TM,1771333,1771332,Tue Oct 17 21:37:49 +0000 2017
13264,424677,@SpotifyCares https://t.co/S3P0Lb801B The albums from ‘96-2000 match artist bio. The singles from ‘16-‘17 are a different band.,@424677 Thanks. We'll get this reported. Great detective work! https://t.co/LpsmyUtme0 🔍 /AU,1335489,1335487,Fri Oct 27 11:24:28 +0000 2017
23524,641335,Why is Igor Stravinsky on my @115888 release radar 😂😂,"@641335 Hey Jake! Release Radar is based on your listening history and preferences. The more you use Spotify, the more personalized it becomes /JP",2190913,2190912,Thu Nov 09 18:01:11 +0000 2017
7828,318906,@SpotifyCares moments by one direction is not on Spotify Colombia,"@318906 Fingers crossed we'll be able to have it soon, but there's info about Spotify content here: https://t.co/0i8GpimuDa /CX",835470,835472,Mon Oct 09 12:06:46 +0000 2017
12750,415610,"@SpotifyCares All good, thx. Sync glitch. Seems OK now",@415610 Great! Glad to hear it's working. Just let us know if we can help with anything else. https://t.co/m4HWSbgHVZ 🙂 /AY,1261988,1271329,Thu Oct 26 14:37:50 +0000 2017
10355,371466,@116130 any chance you’d be able to get the Pretty Woman film soundtrack? 🙏🏻,"@371466 Hey! Fingers crossed we'll be able to have it soon, but there's info about Spotify content here: https://t.co/0i8GpimuDa /RC",1065087,1065086,Mon Oct 23 11:53:06 +0000 2017
12896,420189,@SpotifyCares Okay thank you,@420189 Sure! Keep us posted. We're just a tweet away /JE,1283287,1283288,Thu Oct 26 18:25:02 +0000 2017
30179,770081,Why tf is Garth Brooks not on Spotify. @115888,"@770081 Hi there! We’d love to have all of his stuff available, but we have some info about content here: https://t.co/0i8GpimuDa /AK",2750608,2750607,Mon Nov 20 23:47:22 +0000 2017
24433,655874,@SpotifyCares Ah bugger.  Its a shame.  I tried to listen to some Prince and got 1 of his songs but I had to losten to 4 suggested tracks.,"@655874 Sorry to hear about that. Don't worry, we're taking on all feedback about this /JP",2251408,2251407,Fri Nov 10 20:12:16 +0000 2017
25524,670591,"@115888 I listen to mostly rap lately and there's no rap on it, I listen to one indie song and it's ALL indie",@670591 Hey! Your Discover Weekly should improve as it gets to know you. Keep adding your fav tracks to Your Library/playlists /AK,2312355,2312354,Sun Nov 12 17:28:36 +0000 2017
21306,596321,@116130 is there anyway to block an artist on spotify from appearing on daily mixes etc as my former bully keeps appearing :(,"@596321 Hi Skye! This isn’t possible right now, but we have more info about this on our Community. Check it out: https://t.co/oGDLtirXki /GT",2016488,2016487,Sun Nov 05 16:22:11 +0000 2017
3417,206319,@SpotifyCares I connect via Bluetooth.  Restarting makes no difference.  I also have Bluetooth headphones that shuffle fine when connected.,@206319 Can you try logging out &gt; restarting your device &gt; logging back in? Let us know if it helps /PL,380802,380800,Mon Oct 09 08:52:36 +0000 2017
10595,137668,"shout out to @SpotifyCares for helping me with my hacked account, y'all the real MVP 👏",@137668 Hi there! Glad to hear it's sorted. Just let us know if we can help with anything else. https://t.co/m4HWSbgHVZ /NQ,1085657,1085656,Sun Oct 15 01:11:38 +0000 2017
20910,586773,@SpotifyCares It never told me to cancel before my free trial ended and now im down 10 bucks rip,"@586773 Hey Leo, help's here! Could you shoot us a DM with your account's username and email address? We'll take a look backstage /VK https://t.co/ldFdZRiNAt",1982313,1982312,Thu Nov 02 18:29:23 +0000 2017
13168,426201,"@117153 
I need help with my account.",@426201 Hey Jose! We'd love to help out. Can you tell us what's happening exactly? /LO,1310302,1310301,Fri Oct 27 04:36:53 +0000 2017
31995,806606,Why @SpotifyCares ??!!! 😞😞 https://t.co/nS1u4DfUoX,"@806606 Hey! We were off beat for a second, but we’re back on track now (excuse the puns) /LP",2913825,2913824,Tue Nov 28 20:43:07 +0000 2017
30374,774375,@SpotifyCares I would appreciate if you could answer my dm,@774375 Hey. Sorry for the delay in response. We've sent a bit more info via DM. Check your inbox /AY,2769852,2769851,Tue Nov 21 10:43:03 +0000 2017
5624,267837,@115888 is there a way to reapply for the student discount without canceling your premium account and starting over?,"@267837 Hey Erin, help's arrived! There's no need to cancel and start over. If you're already rocking out to Premium, you can reapply for the discount without losing that impressive music catalog. Head over to https://t.co/pFeBZLq1cj to get things going. Keep us updated /DI",622833,622832,Wed Nov 22 14:36:49 +0000 2017
25510,604578,"um what? 

@SpotifyCares https://t.co/IgQIotrfEg",@604578 Hey Luke! We have more info here: https://t.co/WSjJgGAmPy. Hope that clears things up /JS,2311301,2311299,Mon Nov 13 05:09:07 +0000 2017
24995,665198,"Finished a 1 hr + gym trip with only my Watch and AirPods. 2018 is going to be a great year for Apple Music and Siri.

Also, not sure why Spotify hasn’t made a Watch app yet. Help us help you @115888",@665198 Hey Sap! Check out the official idea and add your vote to let our devs know it's something you'd like to see: https://t.co/SEK4E4gi22 /GS,2289760,2289759,Sun Nov 12 05:05:59 +0000 2017
6461,287147,@SpotifyCares Thank you soooo much! You guys are the best ♥️,@287147 You're welcome! Let us know if you ever need us again. We'd be... https://t.co/LgAM6ky9Vv 😉 /NY,700394,700396,Sat Nov 25 06:21:44 +0000 2017
17545,195173,@117168 any chance spotify app for apple watch coming soon?,@195173 Hi TJ! Check out the official idea and add your vote to let our devs know it's something you'd like to see: https://t.co/SEK4E4gi22 /MG,1783274,1783273,Wed Oct 11 03:39:55 +0000 2017
13526,270648,Never wanted a feature so badly as I want the ability to tag songs for flexible playlists @115888 perty plz,@270648 Hey there! We can see how that’d be handy. Thanks for taking the time to reach out – your feedback's been noted 📝 /DF,1358461,1358460,Fri Oct 27 19:10:49 +0000 2017
20242,577399,@115888 Why are adverts playing on top of our music on desktop? ☹️,"@577399 Hey, that doesn't sound right. Can you let us know the operating system and Spotify version you're using? We'll see what we can suggest /RH",1941628,1941627,Sun Oct 29 20:19:33 +0000 2017
16695,517998,@115888 it’s the united states,@517998 2: Spotify content here: https://t.co/0i8GpimuDa /LO,1709577,1709576,Tue Nov 07 01:03:18 +0000 2017
13986,449615,"@SpotifyCares Hey, i was wondering if you were thinking of adding @118062 's ""The Taylor Swift Holiday Collection"" for the holidays?🙂","@449615 Hey there! We don't have any info on this at the moment. If you ever need anything else, just shout and we'll come running 🏃 /KL",1418132,1418131,Wed Nov 01 23:09:45 +0000 2017
8181,324534,@SpotifyCares Yes that does. Thank you,"@324534 You're welcome! If you have any other questions, just let us know and we'll come running 🏃 /RE",861388,861389,Sun Oct 29 14:52:38 +0000 2017
21000,588872,@115888 Please bring Spotify to India. I need a good streaming platform and a good platform to upload my music too. Please. ❤️,"@588872 1: Hey there! We're unable to guarantee if or when Spotify will be available in your country, but we'll give the right folks a nudge.",1989806,1989804,Thu Nov 02 13:47:24 +0000 2017
11403,393482,@115888 @SpotifyCares Why haven’t u created an explicit filter after 5+ yrs of customer requests? Pandora did it...I’d rather not switch...,"@393482 Hey Taara, we hear you! To help make it happen, we’d recommend showing your support for the idea here: https://t.co/CdI1SY9KZE /TR",1162335,1162334,Fri Nov 10 17:16:43 +0000 2017
7498,312914,@115888 really played my life by removing my favorite GNR song https://t.co/ShVcQVsBb0,"@312914 Hey J! Just to check, what country is your account set to? We'll see what we can find backstage /JP",809605,809603,Thu Oct 12 17:52:50 +0000 2017
20615,582438,"Hey, @115888 your app is being a right twat right now.",@582438 Hey! What's happening exactly? Can you let us know the device you're using as well as its operating system and Spotify versions? /JL,1964631,1964629,Tue Oct 31 05:51:53 +0000 2017
15522,487840,@SpotifyCares I use both mobile and desktop. Right now I'm on my desktop.,"@487840 1: Thanks for clearing that up. It's not possible to sort your playlists on the desktop app at the moment, but you should be able to /CE",1585556,1585558,Sun Nov 05 18:15:23 +0000 2017
14801,470723,@SpotifyCares Muchas gracias!,@470723 No worries! Just give us a shout if you need us again. We're... https://t.co/zOXI69QSqg 🙂 /CG,1510995,1510997,Fri Nov 03 17:38:32 +0000 2017
6109,278407,@SpotifyCares Using chrome incognito already since I use my Facebook to log in. Cashe/cookies cleared so we'll see,@278407 Awesome! Let us know if you're still hearing ads in the middle of songs. We'll be here /ND,664670,664669,Wed Oct 25 16:39:05 +0000 2017
8770,334917,When is Spotify going to fix the preview song function?,@334917 Hey Jason! We have more info about this here: https://t.co/pXBCq8GlsI. Give us a shout if you have any questions /RA,905293,905291,Fri Oct 20 23:50:59 +0000 2017
16614,516161,@115888 having trouble claiming my Phillipdrummond artist profile and contact/help page isn't working/submitting. Help!,"@516161 Hey! This is something for our Artist Services team. Not to worry, you can contact them here: https://t.co/p1wbtdELHu 🙂 /DF",1702487,1702486,Mon Nov 06 19:46:38 +0000 2017
9041,340299,"@SpotifyCares why am I not able to speak with someone on the phone, rather than share the issue with a new rep via email every time 😭",@340299 Hey! We've just sent a DM your way. We'll carry on chatting there 🙂 /Q,928438,928437,Sat Oct 21 11:58:12 +0000 2017
30231,531972,@SpotifyCares after recent iOS update the view when iPhone is locked is incorrect re: the song referenced isn’t what’s actually playing https://t.co/A9ZUsxdjOp,"@531972 Hey there, the cavalry's here! Does logging out, restarting your device, and logging back into Spotify help? Keep us posted /JI",2755881,2755880,Mon Nov 20 21:26:30 +0000 2017
2950,194431,"@SpotifyCares general ""this song not available"" up top in the blue bar. seems to be all songs by katy perry or mumford and sons that I've found so far 🤔","@194431 Got it, thanks for that! Could you send a DM with the email address and username for your account? We'll take a look backstage /RV",328986,328988,Wed Oct 11 18:36:35 +0000 2017
1739,160569,@SpotifyCares It's not good cause it's just me using it by myself while I'm studying,@160569 2: that you'd like to see it in the future 🙂 /SY,190082,190081,Wed Oct 04 22:17:50 +0000 2017
2332,179971,"@115888 i need a manager some guidance can you help me peace and blessings
https://t.co/tifxFOFUbP",@179971 Hey there! We'll help out. Can you let us know what's happening exactly? We'll see what we can suggest /AN,268287,268285,Fri Oct 06 00:03:07 +0000 2017
18205,546805,hey @115888 - just because i listened to ‘the impression that i get’ last week doesn’t mean i want ska on my discover weekly. love u tho ❤️,@546805 Hey Barrett! Sorry to hear Discover Weekly wasn’t to your liking this week! It’ll be re-tuned next week. https://t.co/Rkb5PJblbW 💚 /RV,1821363,1821361,Mon Oct 16 16:21:48 +0000 2017
23755,646205,"@115888 wtf is this, Pandora? Just let me see what the other songs are https://t.co/1rwLXWZM8G","@646205 1: Hey Hank! It looks like you're listening to a Radio station. Stations don't have a permanently set playlist, so it's not possible...",2210881,2210882,Fri Nov 10 03:04:58 +0000 2017
16868,522553,@115888 thanks for nothing. I pay 5 bucks every month for my downloaded songs always getting deleted. Re-downloading 2.500 songs is fun 👌,@522553 Hey there! Check out the steps under “Downloads unexpectedly removed” at https://t.co/38J7tFlIBF. They should help with this /RC,1728128,1728127,Tue Nov 07 08:38:32 +0000 2017
4158,226108,@SpotifyCares @115888 Looking for help for the Gwen Christmas party 🙋🏾‍♂️❤️,@226108 Hey there! Can you tell us how we could help? We'll see what we can suggest /AR,466827,466826,Fri Dec 01 03:30:55 +0000 2017
30149,769804,@SpotifyCares Thank you for your help,@769804 Anytime! We'll be here if you need us /JI,2749439,2749441,Mon Nov 20 23:56:17 +0000 2017
28283,729403,Um is drakes take care no longer on @115888 @SpotifyCares,@729403 Hey there. Sometimes content gets temporarily removed because of licensing changes. Hopefully we'll have it available again soon! /I,2572246,2572245,Thu Nov 16 14:12:46 +0000 2017
20729,583682,@SpotifyCares Ok then,@583682 No worries! Let us know if you ever need us again. We'd be... https://t.co/LgAM6ky9Vv /SF,1970385,1970387,Tue Oct 31 19:36:33 +0000 2017
17673,537483,how annoying is it when some1 else is trying to listen to ur spotify at the same time nd it keeps stopping and playing on their phone &gt;:-(,"@537483 Hey Rachel, that doesn't sound cool! Can you send over your account's username or email address via DM? We'll take a look backstage /GN https://t.co/ldFdZRiNAt",1789279,1789278,Thu Oct 12 17:10:36 +0000 2017
18011,543513,"@115888 Why did the album “Mirrors” from “I Am Waiting for You Last Summer” disappear?
Will it be back soon?",@543513 Hey Oliver! Sometimes content gets temporarily removed because of licensing changes. Hopefully we'll have it available again soon 💚 /RV,1809154,1809153,Sat Oct 14 13:35:48 +0000 2017
18207,278561,Why have 75% of my saved songs on @115888  deleted 😩 that’s about 900 songs I’ve lost,@278561 Sorry to hear that! Check out the steps under “Downloads unexpectedly removed” at https://t.co/38J7tFlIBF. They should help with this /DV,1821399,1821398,Mon Oct 16 16:29:19 +0000 2017
5602,267260,@115888 kenapa dah tak boleh guna topup sia,"@267260 Hey there! We can help out in English via Twitter, but we also have Indonesian support via email at https://t.co/ZgU70TbP8M. Let us know how you'd like to proceed 🙂 /GN",126898,620429,Wed Nov 22 14:42:07 +0000 2017
30471,776355,@SpotifyCares @115888 hi!!! Is there a way I can please get a code for Romeo Santos golden tour PRE SALE ?? Pls I'm begging u 😭😭😭😭,@776355 Hi Cindy! We’re afraid the codes are unique and sent to those who listen to him the most on Spotify. Hopefully you'll receive one 🙂 /NJ,2779476,2779475,Tue Nov 21 15:52:50 +0000 2017
20288,577837,"@SpotifyCares I upgraded to family premium but when dir clicks the link to join, it takes her to the payment page. __email__","@577837 1: Hey, help's here! We'd suggest deleting your previous tweet as it contains your email address. Can you DM it to us instead... /NQ",1943541,1943540,Mon Oct 30 02:36:54 +0000 2017
22675,624390,"@SpotifyCares hi guys, seriously I need your help. please check my DM.",@624390 We've just replied to your DM. Let's carry on chatting out there /MU,2118688,2118687,Wed Nov 08 14:32:57 +0000 2017
8541,330180,@115888 plz bring back full dates on when albums where released instead of just the year... I love knowing exactly something is out! 🙏,"@330180 We hear you, Nancy! Your feedback has been noted and passed onto the team 👊🏼 /CG",885137,885136,Fri Oct 20 20:24:39 +0000 2017
28975,740376,@SpotifyCares So they will be available soon or not?,"@740376 We don't have news about it yet, but we're working on it! Hopefully, we'll have it available soon 🙂 /RR",2620068,2620070,Fri Nov 17 15:22:07 +0000 2017
1556,158651,Web browser app is down? @115888 https://t.co/W6VceT6H0Z,@158651 Hi James! Everything looks good on our end at the moment. Can you try again using a different browser or an incognito window? /MG,181546,181545,Wed Oct 04 03:51:13 +0000 2017
30332,773276,"@SpotifyCares Hi guys/girls, why does my shuffle almost always works terribly? When I add new tracks to a playlist (3600+ songs), these songs almost always appear in my shuffle. Besides from that I hear some tracks weekly and others rarely.. Why isn't there a real shuffle? Thanks",@773276 Hey! We’ve made some improvements to our shuffle algorithm. We’d love to hear your feedback here: https://t.co/T3vZnSL3od /KT,2764554,2764552,Tue Nov 21 07:54:22 +0000 2017
27675,717376,Told Noe tekashi69 wouldn't be relevant till next year and he's on Rap Caviar now. Internet crazy. @115888 put Chris Travis - Crunch Time on that damn Playlist.,"@717376 Thanks for the feedback! Our Curation team are independent &amp; use taste, data, research, and trends to create playlists, but we’ll pass on your suggestion /JS",2518431,2518430,Thu Nov 16 00:23:17 +0000 2017
24442,655863,"@115888 if you want to stay competitive with Amazon and other streaming platforms, you must fix your customer service issues.",@655863 Hi Jennifer! Sorry to hear you feel that way. Can you let us know what's happening exactly? We'll be right here waiting /LP,2251362,2251364,Fri Nov 10 20:07:42 +0000 2017
32335,808021,@117153 Not working in Germany,"@808021 Hey Rico. We had a little hiccup earlier, but everything should be running as smooth as Smooth Jazz now! /CE",500982,2919336,Tue Nov 28 21:19:02 +0000 2017
7156,305195,@SpotifyCares 😩😩😔😔😭😭😭 Alright thanks for your help!!,@305195 Anytime! https://t.co/m4HWSbgHVZ 🙂 /RH,775117,775116,Thu Oct 12 02:38:54 +0000 2017
3220,202224,"@SpotifyCares hi please answer dms, it’s very important as we need to solve this problem",@202224 Hey! Apologies for the delay. We've just sent a DM your way. Check your Messages /NJ,363821,363819,Sun Oct 08 18:58:21 +0000 2017
18470,550550,"When will the suburbs return to @115888, @10789 😡","@550550 Hey there! Fingers crossed we'll be able to have it soon, but there's info about Spotify content here: https://t.co/0i8GpimuDa 🙂 /JI",1835926,1835925,Wed Oct 18 16:01:59 +0000 2017
29984,765735,@SpotifyCares I need help with my account but not through Twitter please advise,"@765735 Hi Emily! We'll be glad to help here, but you can use our Contact Form to get in touch with our Email or Chat teams. Just head here: https://t.co/JYSLwgYYWq. Hope this helps /XF",2731525,2731524,Mon Nov 20 15:21:52 +0000 2017
26132,682727,@SpotifyCares Done! I've just uninstalled it so let me know when I can reinstall:),@682727 Hey Melissa! We've just replied to your DM. We'll carry on helping there /JX,2364784,2364783,Mon Nov 13 22:01:02 +0000 2017
5785,271218,@SpotifyCares Okay Spotify,@271218 Great! Feel free to send a tweet our way if you need help with anything else /JI,637726,637731,Wed Nov 22 19:41:13 +0000 2017
5156,254222,@SpotifyCares okay i have dm and i still haven’t heard back,@254222 Hi! We've just replied to your DM. Let's carry on chatting there /AP,571371,571369,Sun Dec 03 03:57:35 +0000 2017
21047,589652,@SpotifyCares how does the family premium work? Do current premium members keep all their playlists etc? What qualifies as a eligible user?,@589652 That's a yes! You guys get to keep your own accounts and playlists under the Family plan. We have more info at https://t.co/LESfq9LesY /DR,1992417,1992415,Fri Nov 03 08:40:32 +0000 2017
9415,349851,@SpotifyCares ALL OF MY SAVED SONGS,"@349851 Can you tell us what device, operating system, and Spotify version you're using? We'll see what we can suggest /CH",968288,968287,Sun Oct 22 00:31:10 +0000 2017
4975,251255,Hi @SpotifyCares my housemate keeps getting kicked off of our family account and when she tries to re-register she gets an error message.,"@251255 Hey Jed, help's arrived! We've just replied to your DM. Let's continue chatting there /GT",560960,560959,Sat Dec 02 17:23:23 +0000 2017
10389,371858,This app is so good 🙂 @115888 @SpotifyCares https://t.co/TjYskc28jk,"@371858 1: Hey Graham! We're afraid we don't officially support any this third party app, but a sleep timer is a great idea.",1067250,1067254,Sat Oct 14 20:07:37 +0000 2017
18099,545154,Seriously @SpotifyCares when are you sorting out getting @29334 back?? Lets get it sorted!!,"@545154 Hi! Can you let us know the title of the track or album that you're looking for? Also, what country is your account set to? /AK",1814724,1814723,Sun Oct 15 17:34:52 +0000 2017
19269,559285,@SpotifyCares Why isnt there a scrollbar in Spotify iOS? Having a playlist with over a 1000 tracks and I have to keep swiping like crazy.,"@559285 Hey Ed! This isn't possible right now, but you can show your support for the idea in our Community: https://t.co/4OL2mqflJD /FR",1873073,1873071,Fri Oct 20 04:33:40 +0000 2017
1442,155923,@SpotifyCares I don't see it! https://t.co/dtbDvfULQH,"@155923 Thanks for the screenshot. Spotify uses the native Android equalizer. If your device doesn't have a native equalizer, you won't see the setting in Spotify. You'll need to use one of the third party equalizers available on Google Play. Any questions, just give us a shout /LO",171133,171134,Sat Nov 25 00:59:09 +0000 2017
7919,320399,"@SpotifyCares Logging out and back again worked! I had tried the restarting stuff but not that, just feeling silly now xD thanks :)","@320399 https://t.co/qAh6tkevrD! Give us a shout if you need us again, and we'll come running 🏃 /MA",842552,842554,Fri Oct 20 14:52:46 +0000 2017
24855,663972,"@116130 Oh, maybe @spotifycares can help?",@663972 Hey Jade! Can you send us your account's email address via DM? We'll take a look under the hood /CE,2284928,2284927,Sat Nov 11 13:49:49 +0000 2017
15057,475099,@SpotifyCares what is happening to my account ? My music hijacked by this and crap tunes ! Help https://t.co/qi5QEgrg2P,"@475099 2: We'd also recommend changing your password to something super secure, just to be safe /JP",1531492,1531490,Fri Nov 03 19:52:26 +0000 2017
4851,116376,@SpotifyCares Check your DM's babe 😘,"@116376 Hey Tom, sorry for the delay! We just replied to your DM. Let's carry on chatting there 👍 /RR",551328,551327,Sat Dec 02 18:39:57 +0000 2017
5227,255191,@SpotifyCares will you have got7 and day6 on spotify soon?,@255191 We’ll have them available to you as soon as they're available to us! https://t.co/1dgftcFtzc /TC,574713,574711,Sun Dec 03 07:00:52 +0000 2017
4825,247283,@3493  you guys should update your app so we can clear recently played list faster instead one by one 😒😒 #lame https://t.co/b8sMgdzgL0,"@247283 We hear you 🎧 Rest assured, your feedback will be passed on to the right folks /DF",547202,547201,Sat Dec 02 06:59:08 +0000 2017
10147,366718,"@SpotifyCares I'm getting tired - plus, heart and thumbs up all apparently do the same thing - add a song to my library. Maybe shouldn't","@366718 Hey, sorry to hear you feel this way. We appreciate your feedback, so we'll make sure to pass it on to the right folks /PL",1043333,1043332,Mon Oct 23 07:45:26 +0000 2017
29621,756950,@SpotifyCares Thanks so much! ☕️☕️,@756950 No worries! Just give us a shout if you ever need any help. We're... https://t.co/zOXI69QSqg 🙂 /TB,2692983,2692984,Sun Nov 19 18:52:59 +0000 2017
6439,286865,My account was charged after I cancelled Premium last month. What’s up? @SpotifyCares,"@286865 Hey there, that's not cool! Could you shoot us a DM with your account's username and email address? We'll take a look backstage /VK https://t.co/ldFdZRiNAt",699499,699498,Thu Nov 23 13:29:52 +0000 2017
4401,233340,@SpotifyCares I was using a chromebook. No app just right to the site,@233340 Got it! Does logging out &gt; restarting the device &gt; logging back in help? Keep us posted /KL,496121,496122,Fri Dec 01 18:20:21 +0000 2017
814,138951,@SpotifyCares Seems to be affected by my Bluetooth headphones. No issues if I play using my phone's speakers,"@138951 Thanks for letting us know. Do you notice this issue happening with other apps? Also, does restarting your phone help at all? /JT",104111,104112,Fri Dec 01 06:09:02 +0000 2017
3127,199522,@SpotifyCares is there a way to delete multiple songs at once from my playlist on android? Instead of one by one.....,"@199522 Hi there! We're afraid this option isn't available for Android devices at this time, but you can use the desktop app to do so /RE",351045,351044,Sun Oct 08 10:09:41 +0000 2017
6721,293221,"Okay @115888 if I shuffle my playlist don't play me only ""suggested songs,"" I want my songs. Thanks","@293221 2: To reduce the number of Suggested Tracks you get, try adding more artists into your playlists /LO",723372,723371,Wed Oct 11 02:49:42 +0000 2017
25331,631692,@SpotifyCares https://t.co/1UyQqiD3mz and https://t.co/YmCVKmAxrm,@631692 Thanks. We'll get this reported. Great detective work! https://t.co/LpsmyUtme0 /DF,2305408,2305410,Mon Nov 13 00:01:28 +0000 2017
13955,448998,"@117153 inbox me please, I have an issue with my account.  Thanks!","@448998 Hey Mat, we'd love to help out! Can you tell us what's happening exactly? /LO",1415678,1415676,Thu Nov 02 02:31:57 +0000 2017
32459,808361,AYE @115888 @SpotifyCares @117168 @117153 @116130 SORT IT OUT!! 🤬,"@808361 Hi there, thanks for bearing with us! We had a little hiccup earlier, but everything should be running just fine now /JS",2920745,2920744,Tue Nov 28 21:31:59 +0000 2017
12595,210388,@115888 Why does my account keep following playlists I haven't followed and connecting to devices that aren't mine?! This keeps happening.,@210388 We'd like to share more info about this backstage. Could you send us another DM? /AY https://t.co/ldFdZRiNAt,1264699,1264698,Thu Oct 26 11:16:48 +0000 2017
29756,760413,sooo why isn’t ‘F.E.M.A’ on @115888 tho?!?! #FEMA @38670 @152990,"@760413 Hey! Fingers crossed we'll be able to have it soon, but there's info about Spotify content here: https://t.co/0i8Gpi4TeA /DF",2707735,2707734,Sun Nov 19 22:06:00 +0000 2017
21618,602867,"Did @115888 remove the ""label:"" search option?",@602867 Hey Ragnar! This advanced search option is still available. Are you getting an error message when you search for tracks by label? /KB,2038910,2038908,Wed Oct 04 22:31:47 +0000 2017
1531,157533,"@115888 Hi Spotify, how do I avoid repetition? I choose my favorite band to listen to and I'll hear the same song 3 times in an hour. Is there a work around?","@157533 Hey there! Can you let us know the device, operating system, and Spotify version you're using? We'll see what we can suggest /LO",176530,176526,Fri Nov 24 23:56:28 +0000 2017
19305,559663,"@SpotifyCares That was like 1.5 years ago though! For whatever reason, if I have an artist with 8 songs on a playlist, it will play all 8 in the next 15!","@559663 Sorry to hear about this. Don't worry, we'll be sure to pass your feedback on to the right folks. Give us a shout if you need us again /CH",1874689,1874691,Sun Oct 22 01:15:46 +0000 2017
10329,370919,@125633 @115888 please put Spotify in South Africa 🙏🏽🙏🏽😭,@370919 Hey there! We're launching in new countries as often as possible. Be sure to add your email at https://t.co/X8DVSX9QgM /Q,1062623,1062622,Thu Oct 12 23:03:02 +0000 2017
21888,607509,.@31949 @SpotifyCares please help,"@607509 Hey Darren, help's here. Can you tell us more about what's happening? What device, operating system, and Spotify version are you using? /AY",2054096,2054094,Fri Oct 06 06:54:51 +0000 2017
14958,472890,@115888 I do not want to connect with Waze why can't I just X out of this screen!?! https://t.co/4EEIdD3AUK,"@472890 Hey Craig, sorry you feel that way. Just to check, have you tried tapping the turn off button? We'll see what we can suggest /JE",1521360,1521358,Fri Nov 03 16:31:41 +0000 2017
7105,183892,"#Spotifycares
If you honestly cared you would have a customer care phone number not a damn tweet #","@183892 1: Hi Michelle! Sorry to hear you feel that way. We don't offer phone support right now, but we'd be more than happy to help via...",284961,284962,Fri Oct 06 13:33:27 +0000 2017
19179,558327,.@115888 when are you gonna add #Nujabes?,"@558327 Hey Michelle! We'd love to have him on Spotify, and hopefully we will in the future. Check this out: https://t.co/MEjmIRL2eB /TB",1869273,1869272,Thu Oct 19 20:43:35 +0000 2017
20281,577733,"@115888 where did William Bonney - ""Good Vibes"" go?",@577733 Hi there! Can you let us know what country is your account set to? We'll take a look /NQ,1943088,1943087,Mon Oct 30 01:11:37 +0000 2017
12433,413412,"hallo, kok lagu di spotify saya yg ud d playlist ilank yah ad banyak. ost our gab soon. tolong infonya dong. pcma premium. :) @SpotifyCares","@413412 Hey Dewi! We can help out in English via Twitter, but we also have Indonesian support via email at https://t.co/ZgU70TbP8M /FR",1250613,1250611,Mon Oct 16 01:29:47 +0000 2017
27850,721593,I think @115888 just won the internet today :) https://t.co/PKK2kdF7S7,"@721593 We appreciate your heads-up! If there's anything else we can help with, just say the word. We're always a tweet away 🙂 /RC",2537550,2537549,Thu Nov 16 08:35:46 +0000 2017
15410,165733,@SpotifyCares Any possibility of making a Japanese group under genres? That would be really awesome ;),@165733 We can see how that’d be handy. Thanks for taking the time to reach out – your feedback's been noted 📝 /NQ,1569805,1569807,Sun Nov 05 23:08:12 +0000 2017
2534,185080,ok Spotify isn't loading my correct top artists onto tinder and it's sooooo annoying @115888 @1383 pls fix this,"@185080 Hey Sarah! Just to check, are you mostly on Private Session when using Spotify? /RK",290000,289999,Mon Oct 09 04:08:49 +0000 2017
16264,508244,Am I the only one who can't listen Seventeen Hello on spotify? @115888 @SpotifyCares https://t.co/OdGshh4cNo,@508244 Hi there! Can you send us the Song Link? Just tap the three dots &gt; Share &gt; Copy Link. We'll check it out and see what we can suggest /NY,1669163,1669162,Mon Nov 06 10:27:28 +0000 2017
3511,208776,@SpotifyCares Did I already complain that your web UI makes the album cover dimmed when it's playing?  Who had that dim idea (get it) ?,"@208776 Hey, thanks for your feedback! Not to worry, we'll let our devs know about your thoughts /JP",391829,391828,Mon Oct 09 15:23:18 +0000 2017
8511,329940,@117153 @SpotifyCares Lots of people having payment issues,@329940 @117153 Hey Jay! We've just sent you a bit more info over DM. We'll carry on helping out there /TR,115240,884058,Fri Oct 20 22:12:40 +0000 2017
19328,560101,@SpotifyCares Still cant get anything to play on Firefox browser. Hit the play button and nothing responds.,@560101 Hi Kristin! Can you try using different browsers or an incognito/private browsing window to see if that helps? Let us know how it goes /NY,1876204,1876203,Sun Oct 22 06:20:26 +0000 2017
13022,423017,@SpotifyCares It's syncing the active track across all my devices... I don't want that; it's awful. I want each device to be separate.,"@423017 1: Got it. Note that you can only stream on one device at a time if you're listening online. If you're on Premium, you can...",1296387,1296390,Thu Oct 26 22:39:59 +0000 2017
31809,805325,@SpotifyCares @805318 Same problem (Peru),@805325 Hi there! We've just sent a DM your way. Let's carry on chatting there /FR,2908636,2908648,Tue Nov 28 21:06:02 +0000 2017
13816,444595,"@SpotifyCares It’s so random, hadn’t done it ever before when I first contacted you guys. And now it has randomly resolved itself again. I’ll try incognito next time it does it, but I know someone that this happened to in another country the other day.",@444595 Sounds like a plan. We'll keep an eye out for any updates /JP,1395878,1395879,Wed Oct 18 14:32:50 +0000 2017
25055,665442,@115888 where is 'Reputation'?! https://t.co/fc04Wpbakl,"@665442 Taylor Swift's 'Reputation' isn't available to stream just yet – stay tuned! For now, check out the singles: https://t.co/3h0TnPWP0c /DF",2291014,2291013,Sat Nov 11 21:50:06 +0000 2017
32106,806235,You get bonus points for the puns. https://t.co/wpsoMQfNUY,"@806235 Haha, thanks! If you ever need us again, just drop us a tweet. https://t.co/uQiQuWow27 😁 /JE",2915254,2915253,Tue Nov 28 22:56:34 +0000 2017
10690,378488,@SpotifyCares Spotify cares? Still no response from you. Our account has been hacked. Help / support needed please,@378488 Hey there! We've just sent you a DM 🙂 /DF,1095363,1095362,Mon Oct 23 20:27:18 +0000 2017
7463,311994,@SpotifyCares Any updates this is really annoying,"@311994 Don't worry, we're still on it. Our developers are looking into this, and we'll keep everyone updated /MT",806559,806561,Sat Oct 14 00:00:27 +0000 2017
8730,334233,What the heck is going on here @115888 https://t.co/3GiNlT9VvF,"@334233 Hey, we'd love to help out! Can you tell us what's happening exactly? /LO",902399,902398,Sat Oct 21 00:00:21 +0000 2017
32394,808323,@SpotifyCares This isn’t what I need :-)))),@808323 Sorry for the confusion. We’re afraid the codes are unique and sent to those who listen to Shawn Mendes the most on Spotify. Sorry! We'll pass on your feedback /NS,2920608,2920610,Wed Nov 29 01:24:19 +0000 2017
12340,411713,@115888 please make it to where I can organize my playlist into folders I have tOO MANY PLAYLISTS,@411713 Hi there! Playlist folders are currently an available feature. We have some more info for you here at: https://t.co/aGZZKzSM3w 🙂 /JI,1243460,1243459,Wed Oct 25 22:59:07 +0000 2017
6527,288457,@SpotifyCares It worked on incognito mode. Just tried on another phone and the same thing happened..,@288457 Can you fire over your account's email address or username via DM? We'll see what we can suggest /RC https://t.co/ldFdZRiNAt,704818,704820,Sun Nov 26 19:55:04 +0000 2017
15852,497161,@SpotifyCares I also just replied ...,@497161 We've just replied 🙂 /I,1622796,1622797,Tue Oct 17 20:45:45 +0000 2017
4772,245353,Why isn't Azealia Banks' FIERCE on @115888?,@245353 Hey there! Music availability all boils down to licensing agreements. We have more info here: https://t.co/2FJce6Rcpg. Let us know if you have any other questions /LM,540347,540346,Sat Dec 02 15:12:45 +0000 2017
9124,342780,"Please fix the titling of the album and the songs in ""Memoirs of an Imperfect Angel"" @115888 thanks 😘","@342780 Hi lamb, help's arrived Can you send us a screenshot on how it's showing on your app? We'll see what we can suggest /BM",939780,939778,Sat Oct 21 12:48:03 +0000 2017
1449,156294,remind me again why isn't day6 on spotify 😤,"@156294 Hi there! We’d love to have all of their stuff available, but we have some info about content here: https://t.co/0i8GpimuDa /AK",172433,172432,Fri Nov 24 21:53:49 +0000 2017
25062,507853,@SpotifyCares Yes,@507853 We're sorry to hear that. We can assure you the right team are looking into a fix. Thanks for bearing with us /C,2291114,2291116,Tue Nov 14 11:53:17 +0000 2017
31589,148675,"@SpotifyCares All sorted now, thanks though 👍",@148675 That's good to hear! Give us a shout if you need us again. Otherwise... https://t.co/SkdXv2BhCb /JO,2879069,2879071,Tue Nov 28 08:03:09 +0000 2017
30793,782996,"@SpotifyCares It's an Onkyo TX-NR626, on the latest updates.","@782996 Thanks. Just to check, are you on a WiFi connection? If so, can you make sure that both your phone and receiver are using the same network? We'll keep an eye out for your reply /MU",2807549,2807550,Tue Nov 28 07:54:34 +0000 2017
21653,603195,@SpotifyCares This is the fourth time this has happened to me across two devices,@603195 Sorry to hear that! Check out the steps under “Downloads unexpectedly removed” at https://t.co/38J7tFlIBF. They should help with this /JS,2040021,2040022,Tue Nov 07 23:14:49 +0000 2017
30400,775176,"@SpotifyCares hi, i cant log in bcs of the country difference. I have changed it in my settings, but still stuck. I've sent you a DM. Can you help me?",@775176 Hi Tiara! We've just sent a DM your way. Let's carry on chatting there /CO,2773478,2773477,Tue Nov 21 12:05:05 +0000 2017
13167,426200,The @115888 app on my phone won’t open and nothing is ok #SendHelp,"@426200 Hi there! That doesn't sound right. Are you getting any error messages? What device (make &amp; model), OS, and app version are you using? /LP",1310300,1310299,Thu Oct 26 21:50:06 +0000 2017
29492,583181,@SpotifyCares  https://t.co/W5yWXa1w4M,"@583181 1: Hi Cita! We can help out in English via Twitter, but we also have Indonesian support via email at https://t.co/ZgU70TbP8M.",1968152,1968153,Tue Oct 31 11:31:18 +0000 2017
11479,311908,@SpotifyCares Yes it is thank you for the support,@311908 Awesome! Let us know if anything comes up. Happy listening 🎶 /JP,1167987,1167988,Tue Oct 24 22:04:10 +0000 2017
8319,326575,Where the F did @29334 ´s album went on @115888 ?!,"@326575 Hey there! Fingers crossed we'll be able to have it soon, but there's info about Spotify content here: https://t.co/0i8GpimuDa /DF",869965,869964,Fri Oct 20 14:28:43 +0000 2017
4458,234661,"@SpotifyCares Sorry I wasn't being literal. Just saying it would be nice to see it mixed up a bit, feels like every week it's the same thing. I need something new.,","@234661 Thanks for sharing your thoughts. Not to worry, we'll pass them to our Curation team. If there's anything else, just give us a shout 🙂 /LP",500937,500939,Sat Dec 02 04:08:29 +0000 2017
3640,212157,@SpotifyCares Thanks for the response. Unfortunately I’ve already read that and am just begging for it back like everyone on that thread.,"@212157 We hear you 🎧 Rest assured, your feedback will be passed on to the right folks. Stay awesome /MQ",407596,407598,Mon Oct 09 22:16:53 +0000 2017
32642,811292,@SpotifyCares your Electronic/Dance section is still hopelessly straight and bro-y. Where’s all the gay vocal and tribal house? The gay DJs? The legendary diva remixes?,"@811292 Hey Marc, thanks for your feedback on this. We've passed it on to the team so they can take a look. In the meantime we made this, hope you like it! https://t.co/cChEB1vvza /J",2934020,2934018,Tue Nov 28 18:26:45 +0000 2017
3264,203684,@115888 ? Why aren't you available for Indian users ?,@203684 Hey Abhishek! We're launching regularly in countries around the world. Sign up here to be first to hear: https://t.co/XDwWzj7cLP /TF,370268,370266,Fri Nov 03 17:50:11 +0000 2017
15659,468275,@SpotifyCares Ok. But it's odd that it worked perfectly before the Oreo update...,"@468275 We hear you 🎧 Rest assured, your feedback will be passed on to the right folks /DR",1599420,1599421,Sun Nov 05 11:50:37 +0000 2017
26260,123380,@SpotifyCares I do there isn’t an option. https://t.co/YFOja9GN0V,@123380 Got it. Can you try logging out and back in on both apps? See if that makes a difference /RH,2380899,2380901,Tue Nov 14 05:41:39 +0000 2017
23391,639290,Can u put the actual version of driving home for christmas on pls @115888 you’re ruining christmas xx,@639290 Hi Elliot! Which artist's version would you like to hear on Spotify? We'll check backstage /GK,2182183,2182182,Thu Nov 09 10:32:46 +0000 2017
16665,517161,@SpotifyCares Free-mium user here. Thank you for letting me put on a playlist and not hear a single song on that playlist even using skips.,@517161 Hey Fred! Just to confirm are you getting songs that are not on your playlist? /JP,1706427,1706425,Mon Nov 06 22:45:35 +0000 2017
2859,192747,"@115888 Still can’t understand why you removed the touch preview feature? Made it so easy to build new playlists, bring it back pls!",@192747 Hi there! We have more info about this here: https://t.co/pXBCq8GlsI. Give us a shout if you have any questions /DR,322118,322115,Sat Oct 07 10:24:22 +0000 2017
13603,434095,"@SpotifyCares Great customer service, such a helpful team!",@434095 Thanks for the kind words! You made us blush a little. We hope you have a... https://t.co/Efdwm8OLwP 😁 /TY,1366569,1366568,Fri Oct 27 21:42:08 +0000 2017
14769,470223,@SpotifyCares Thank you very much @SpotifyCares,"@470223 You're welcome! If you need us again, just give us a shout. Have a nice day 🙂 /NY",1508843,1508845,Fri Nov 03 14:12:21 +0000 2017
11132,387128,@SpotifyCares Hey! It's been almost a month and still don't have the app in my watch! How is it going? 😜,"@387128 Hey! Don't worry, we're on it. Our developers are looking into this, and we'll keep everyone updated /DF",1133678,1133680,Mon Nov 13 23:16:35 +0000 2017
3930,219802,"@SpotifyCares Unless I have an external HDD plugged into my mac, which DOES have the tracks on. But how would that by syncing to my mob?",@219802 Got it! Can you check if the steps here help: https://t.co/SgMwFS1ONz? Keep us posted /PL,441982,441980,Wed Oct 11 10:15:08 +0000 2017
439,128523,Thank youuuu!!!! It's finallllllly fixed!!! @115888 💚🖤💚🖤💚😘,"@128523 Glad to hear! If you ever need anything else, just shout and we'll come running 🏃 /KL",55220,55219,Wed Nov 01 19:21:47 +0000 2017
9238,346513,@SpotifyCares as I can't DM u and it's not super secret: akrylamid,@346513 Thanks for the info. We'd like to share some info with you privately. Could you try sending us a DM again? /RE https://t.co/ldFdZRiNAt,954623,954625,Wed Oct 11 12:11:32 +0000 2017
21188,593000,My Spotify literally doesn’t even play songs. It lags all the time. Don’t use Spotify. It’s completely unreliable. #doapplemusic @115888,"@593000 Hey, that doesn't sound good at all! What device, operating system, and Spotify version are you running? We'll see what we can suggest /RA",2005273,2005272,Sat Nov 04 03:36:07 +0000 2017
4305,230511,@SpotifyCares Yes they are up to date. I just have an issue when I'm listening to a playlist sometimes it will pause the song. And the only way to fix it is to start the song again,"@230511 Gotcha. Can you try logging out, restarting the device, then logging back in? Does that help at all? /JE",485521,485523,Fri Dec 01 15:25:01 +0000 2017
9999,364271,@115888 why can we still not queue entire albums/playlists,@364271 This sounds like a great idea! Suggest it in our Community at https://t.co/rtDvYZOF32 and get support from other users /SU,1032408,1032407,Thu Oct 12 18:20:35 +0000 2017
11903,404327,@116130 Hi do you have a contact number or email address? Ive been searching your website for ages and cant find it anywhere!!! 🙂,"@404327 1: Hey there! We don't offer phone support, but you can reach our Email team at __email__.",1211386,1211385,Wed Oct 25 10:12:26 +0000 2017
12805,418948,"@115888 Can you please allow me to listen to music in Private mode and not jeopardize my custom playlists (Read: Discover Weekly, Release Radar, etc.) T'would be a HUGE plus.",@418948 Hey Ana! You can definitely use a Private Session. Here's all the info about it: https://t.co/D3ZSWIuYYi /KL,1277332,1277331,Thu Oct 26 15:27:03 +0000 2017
13837,445239,"Hey @115888, Any chance to implement the Time Capsule's interface in the whole app ?","@445239 Hi there! We don't have any news about that right now, but we'll pass your feedback onto the team. Give us a shout for anything else /JM",1398602,1398601,Sat Oct 28 13:06:04 +0000 2017
4860,248879,"@SpotifyCares my 2 years deal just expired, I just saw this 3 months of Premium for 0.99 CAD @3493  and was like cool let me get it right away ... BUT... offer not available to users in Quebec... What have we done wrong by living in Quebec ?? Why ? @115888","@248879 Hi there. We're sorry you feel that way. Currently, we’re not able to offer the intro offer in Quebec due to circumstances outside our control. We hope to be able to make it available in the future! Let us know if we can help with anything else. We're just a tweet away /LM",552676,552675,Sat Dec 02 18:15:52 +0000 2017
28552,437528,@115888 so is Reputation going to be available for streaming tomorrow?,"@437528 Hi, Taylor Swift's 'Reputation' isn't available to stream just yet – stay tuned! For now, check out the singles: https://t.co/3h0TnPWP0c /RB",2594615,2594614,Fri Nov 17 01:52:52 +0000 2017
1024,143962,"@SpotifyCares sure! gone by ionnalee. it was just released a few hours ago, so maybe thats the issue","@143962 Thanks. Fingers crossed we'll be able to have it soon, but there's info about Spotify content here: https://t.co/0i8GpimuDa. If you need anything else, just give us a shout /AK",124828,124826,Fri Nov 24 02:02:41 +0000 2017
28961,196645,"@SpotifyCares Ya, no none of those apply I already read through all of them but thanks. Any other ideas. This isn’t the first time it has happened.","@196645 Hmm. If this happens again, we suggest removing all offline devices and reinstalling the app. Just follow the steps under ""Manage your active offline devices"" on the link we've provided above. Also, double-checking if you have any cache clearing apps is worth looking in to /GT",2620038,2620040,Fri Nov 17 15:43:05 +0000 2017
1132,147607,... I have literally 2 country-like songs/singers on my @115888 account out of thousands of songs ... so why is my weekly suggestions always filled up with gorram country music? ... and no way to thumbs down it ... Grrrrr #Ihatecountrymusic,"@147607 Hey Danielle! Just to check, is it on your Discover Weekly playlist? If so, Discover Weekly is based on what you, and others like you, are listening to. Hopefully it’s more in tune with your tastes next week /MU",140092,140089,Fri Nov 24 07:56:44 +0000 2017
5036,252247,@SpotifyCares I'm having some issues to add family members. DM me Pls.,@252247 Hey Igor! We've just sent you a bit more info over DM. We'll carry on helping out there /GS,564550,564549,Sat Dec 02 14:46:17 +0000 2017
2648,172263,@115888 can you please straighten your logo? My OCD isn't taking this too well,"@172263 Hey Priscilla, we hear you! You can vote for the official idea here: https://t.co/8b3Gqyj9jb /TB",305898,305897,Sat Oct 21 14:37:33 +0000 2017
1792,162940,"@SpotifyCares Okay, coz i wanted to subscribe to premium but you don't accept cards from Kenya.","@162940 Got it. As long as your card has a billing address from a country where Spotify is available, you should be good /GK",199187,199186,Wed Oct 04 10:32:01 +0000 2017
5654,268631,@SpotifyCares I can't log into my account&amp; you guys keep charging me. Pls cancel my subscription.,@268631 Hey Ronie! We responded to your DM. Let's continue our conversation there /BG,627562,627561,Wed Oct 04 17:38:25 +0000 2017
8942,338084,@SpotifyCares Still no change. From what I’m reading online IOS 11 &amp; Spotify hate each other. Any ideas on what to try now?,@338084 Thanks for the confirmation Aaron. We've let our tech folks know and they're investigating this as we speak. We hope to have a fix soon /JI,918623,918624,Wed Oct 11 21:34:58 +0000 2017
16120,505586,"@115888 Cool, but why is your app UI / design for Android so very ugly. Please update, then I'd consider.","@505586 Hey Sergey! Thanks for your feedback. Just to check, are you having issues with your app? Can you tell us what's happening exactly? /CH",1656887,1656886,Sun Nov 05 22:46:28 +0000 2017
13884,446633,"@SpotifyCares Desktop and Mobile Apps, mainly seeing issues with the monthly listeners.",@446633 Got it. We're looking into an issue with stats not updating in Spotify for Artists. Hopefully we'll have things running again soon! /GU,1404951,1404953,Mon Oct 16 17:02:07 +0000 2017
7303,166680,"@SpotifyCares Not sure if any apps updated or not, but I just noticed this happening yesterday. Doordash doesn't interupt my other music player, Poweramp",@166680 Sorry for the confusion. Did the issue start after a specific Spotify update? /HC,787966,787967,Thu Oct 12 11:04:28 +0000 2017
29356,748219,"Can somebody explain to me why, “Baby it’s you” isn’t on @115888 @43171 I need answers sis 😫😰","@748219 Hey there! Fingers crossed we'll be able to have it soon, but there's info about Spotify content here: https://t.co/0i8GpimuDa /NQ",2653122,2653121,Sun Nov 19 04:28:41 +0000 2017
8388,152929,@327757 @SpotifyCares Tried **. At least my student discount still works lol so I won't be leaving just yet 😂,"@152929 We hear you. Thanks for bearing with us. Keep an eye out, hopefully we'll have a fix soon! /TB",875075,875074,Fri Oct 13 16:07:42 +0000 2017
24368,155914,"@115888 Is the rumor about Spotify hifi just a rumor, or will it be offered to customers soon? I am getting inpatient. There are other alternatives, you know!","@155914 2: Rest assured, we'll pass your feedback to the relevant folks. For anything else, we're just a tweet away /LP",2246195,2246193,Fri Nov 10 21:24:51 +0000 2017
25536,670723,"hey @115888 I can't add a member to my family :( tried several times over the last two weeks and we always got a ""try again"" error msg :C",@670723 @115888 Hey! We've just sent a DM your way. Let's carry on chatting there /AN,2312890,2312889,Thu Oct 19 21:31:34 +0000 2017
1838,165017,"@SpotifyCares Same as everything on this thread 👇🏾👇🏾

 https://t.co/3FWCYdN3rd","@165017 Thanks! If you could tell us the exact iOS version your iPhone is running on, that'd be awesome 😉 /SY",207206,207204,Fri Oct 06 22:33:12 +0000 2017
32301,807994,@115888 why is it not working keeps refreshing,"@807994 Hey, thanks for the report! We had a little hiccup earlier, but everything should be running just fine now /JS",2919267,2919265,Tue Nov 28 21:24:59 +0000 2017
7977,321347,"@SpotifyCares Ok. Thank you. It works fine for a friend on mine, but not for me.","@321347 No worries! If you need anything else, just let us know. We're always here to help /CB",847169,847168,Thu Oct 19 17:24:41 +0000 2017
23012,630436,Can these be links please? @115888 https://t.co/xWYgNx1xHK,"@630436 Hi there Matt! Rest assured, your feedback will be passed on to the right folks. If you have questions, just give us a shout /XF",2144263,2144262,Wed Nov 08 19:24:59 +0000 2017
26522,691536,"@SpotifyCares Give that a go. The cynical side of me says it’s Apple trying to push me in a certain direction, if you know what I mean...",@691536 We understand. Be sure to let us know if it helps. We'll be right here waiting for an update /CB,2404072,2404073,Tue Nov 14 15:13:18 +0000 2017
13944,448913,@448914 @117153 @SpotifyCares Did they resolve You?,@448913 @448914 @117153 Hi! We've just sent you a bit more info over DM. We'll carry on helping out there /RB,1415340,1415339,Thu Nov 02 02:20:38 +0000 2017
2792,191285,@SpotifyCares Thank you.,"@191285 No worries. For anything else, just give us a shout. https://t.co/uEkAlnxbzn /MU",315354,315356,Sat Oct 07 07:33:37 +0000 2017
24883,664160,@SpotifyCares It does NOT work. Cant add any of my family! Wtf? https://t.co/qPXxNnfhZT,@664160 Hey there! We've sent a reply to your DM. Let's carry on chatting there /LP,79411,2285579,Sat Nov 11 15:36:06 +0000 2017
30286,772233,@115888 can you make nostalgia ultra available pretty please,@772233 Hey! Sometimes content is unavailable due to licensing matters. More info about this here: https://t.co/YlV1IAXwsi /NS,2759845,2759844,Tue Nov 21 04:15:50 +0000 2017
15343,482522,I need to get my Spotify back,@482522 Hey there! What's happening exactly? We're here to help /JN,1562098,1562097,Sat Nov 04 08:50:00 +0000 2017
2300,179149,@SpotifyCares HEY LET ME CHANGE THE PLAYLIST PICS WHILE ON MOBILE,"@179149 Hey! Right now, this isn't possible, but we can see how that’d be useful. You can vote for the official idea at https://t.co/cclYEapg1Y /AG",265074,265073,Thu Oct 05 22:16:06 +0000 2017
10937,381398,"@115888 @SpotifyCares Yay, there is! https://t.co/WYNQvINBs3 

Thanks @SpotifyCares!",@381398 https://t.co/qAh6tjWU33! 😍 /JS,1107508,1111553,Tue Oct 24 01:59:30 +0000 2017
21155,591979,@115888 How does one submit for this ?,@591979 1: Hi! There’s no formal submission process for becoming a RISE artist. The teams behind it use a combination of data and research to...,2001976,2001975,Fri Nov 03 20:55:30 +0000 2017
5879,274171,"@115888, @SpotifyCares With all due respect, WTF is the deal with your worthless Roku app? Your apps are great on my Android and PC only.😑",@274171 Hey! We have some info about the Spotify app on Roku here: https://t.co/titMn0j3Im. Give us a shout if there's anything else /AR,648681,648679,Thu Oct 05 05:03:52 +0000 2017
3877,217643,@SpotifyCares Thanks!,"@217643 No worries at all! For anything else, we'll be... https://t.co/AiEGsVLjXp 😉 /JP",431733,431734,Tue Oct 10 15:41:38 +0000 2017
25485,670202,@118266 lagu Nu’est yg hello ko ga ada ya?,"@670202 Hey! We can help out in English via Twitter, but we also have Indonesian support via email at https://t.co/ZgU70TbP8M /NQ",2310882,2310880,Mon Nov 13 03:38:49 +0000 2017
24354,537732,@SpotifyCares Thank you so much.,@537732 You're welcome! Give us a shout if you have any other questions. We'd be... https://t.co/LgAM6ky9Vv 🙂 /DD,2246151,2246153,Sat Nov 11 00:18:01 +0000 2017
4914,250120,@SpotifyCares Thanks!,@250120 No worries! You know where to find us if anything else comes up. https://t.co/uEkAlnxbzn 😉 /CH,557257,557259,Sat Dec 02 21:10:10 +0000 2017
32113,806972,@SpotifyCares Thank you! It's good now,"@806972 Awesome, thanks for letting us know. Enjoy the music! https://t.co/SkdXv2BhCb 😉 /BP",2915266,2915268,Wed Nov 29 04:38:04 +0000 2017
822,139085,@139086 @115888 Does yours keep stopping in the middle of a song?,@139085 Hey there! Could you tell us the device/OS you're using? Keep us posted /DF,104561,104559,Thu Nov 23 17:58:14 +0000 2017
7407,310180,Novel idea... should bring my CD collection to work. Would actually get used on days like today when @115888 isn't working!,@310180 Hey Jade! That's not cool. Could you let us know what's happening exactly? We'd love to help /GU,797684,797681,Thu Oct 12 14:44:40 +0000 2017
6529,288458,please @115888 i beg u. combine these two daily mixes for me. i will do anything https://t.co/4J11NZB5So,@288458 Hey - we can see how that’d be useful! We'd suggest voting for the official idea here: https://t.co/ZigiW1fhYw /JE,704824,704823,Thu Nov 23 16:34:13 +0000 2017
22213,318737,hey @115888 i wanna check who’s following one of my playlists thnx,"@318737 1: Hey there! At this time, we're afraid that it's not possible to view who's following your playlists, but we can see how that’d be... /NQ",834634,834635,Mon Oct 09 02:19:48 +0000 2017
25009,649723,That was sweet of yall to reply😘 https://t.co/a6z6rgvHtQ,@649723 You're welcome. Just let us know if we can help with anything else. https://t.co/m4HWSbgHVZ 🙂 /NQ,2289890,2289889,Sun Nov 12 05:52:05 +0000 2017
28640,735832,@SpotifyCares Goldlink,@735832 Thanks. We've confirmed that it's no longer available. Sometimes content gets removed because of licensing changes. Hopefully we'll have it available again soon! /GS,2599159,2599161,Fri Nov 17 06:11:47 +0000 2017
16517,514324,@SpotifyCares I've been charged 3 times for premium yet haven't even received the premium??? I'd like a refund pls pal,@514324 Hey Jessica! We've just responded to your DM. Let's carry on chatting there /TR,1695229,1695228,Mon Nov 06 17:13:34 +0000 2017
20262,577584,"Hi @115888, I would really like the ability to make a “playlist description” in the edit section.    #myhugefollowerbaseneedscontext https://t.co/OLV3AyNcDm","@577584 Hey Jacob! This is only possible on desktop right now, but we'll pass on your feedback. If there's anything else, just give us a shout /RH",1942439,1942438,Sun Oct 29 23:28:24 +0000 2017
13203,425743,@SpotifyCares Yes its all good 😊 Your help worked 🙋,"@425743 Awesome! Glad to hear it's working now. For anything else, just give us a shout. https://t.co/m4HWSbgHVZ 🙂 /MU",1315616,1315614,Fri Oct 27 07:39:28 +0000 2017
28264,729389,"@115888

Make the app available in India.
Make the app available in India.
Make the app available in India.
Make the app available in India.
Make the app available in India.
Make the app available in India.
Make the app available in India.
Make the app available in India.

Okay? https://t.co/Gy5cgLHSYN",@729389 Hey there! We're launching in new countries as often as possible. Be sure to add your email at https://t.co/X8DVSX9QgM /MY,2572199,2572198,Thu Nov 16 18:08:03 +0000 2017
22157,611361,@SpotifyCares Your move to use @260711 to verify students has lost you a customer as they do not recognise @17137,"@611361 Hey! Sorry you feel that way, but NUS is currently unavailable as a discount option. We'll pass on your feedback to the right folks /NY",2067440,2067439,Sun Oct 08 10:11:02 +0000 2017
26236,685878,@SpotifyCares Chris Rice the contemporary Christian artist and Chris Rice the explicit punk artist seem to be sharing an artist page. Might want to fix that.,"@685878 Hey, help's here! Can you send us the artist link? Just tap the three dots &gt; Share &gt; Copy Link /JS",2378267,2378265,Tue Nov 14 03:45:06 +0000 2017
28351,730880,@115888 Hi! Can I use mobile load to pay?,"@730880 Hey! If you haven't had a subscription before, you're eligible for that deal. To get your preferred rate, make sure to use a recurring payment method such as a debit/credit card or PayPal at https://t.co/iOSe5Io3nY. We hope that clears things up /NJ",83712,2577809,Sun Nov 26 10:02:18 +0000 2017
1397,155113,"@SpotifyCares I know there's a limit you nerds, get rid of it.","@155113 We appreciate your feedback. To help make it happen, we’d recommend showing your support for the idea here: https://t.co/8OOl8B2i69 /AU",168136,168138,Fri Nov 24 21:09:16 +0000 2017
28765,737890,@115888 My mistake @115888 turns out I just haven't paid my bills on time,"@737890 Hey, no worries! Let us know if you ever need us again. We'd be... https://t.co/LgAM6ky9Vv /RB",2608711,2608709,Mon Oct 30 20:55:50 +0000 2017
30419,775419,@SpotifyCares Thank you! Looking forward to it!,@775419 You're welcome! Give us a shout if you need anything else. We're... https://t.co/fgy8YvXib9 /SJ,2774571,2774570,Tue Nov 21 14:33:42 +0000 2017
19579,566170,"@SpotifyCares Can't stream on Mac OS 10.12.6. I hit play, nothing happens. Problem started .5 hour ago; have restarted browser/wifi/laptop.","@566170 Hey Rachel! Just to check, is this happening on the web player or on the Spotify app on your Mac? Let us know - we'll lend a hand /SY",1899743,1899742,Mon Oct 23 18:48:35 +0000 2017
20819,125450,@115888 can you download music to #Apple watch?,"@125450 1: Hi Anthony! We don't officially support Apple Watch yet, but you can check out the official idea and add your vote to let our devs...",42727,42728,Wed Nov 01 15:33:06 +0000 2017
18780,478199,"@117153 No issues here! Also, thanks for integrating with Waze!","@478199 Hey, that's good to know and you're welcome! If there's something we could help with, just give us a... https://t.co/AUc7DGJpgF 🙂 /AR",1317763,1851928,Thu Oct 19 00:39:39 +0000 2017
12640,193682,@SpotifyCares why do you release a song and then take it away.  The song in question is moneybag by jarren Benton.,@193682 Hey Paul! Sometimes content gets temporarily removed because of licensing changes. We have more info here: https://t.co/0i8GpimuDa /MA,1267249,1267248,Thu Oct 26 12:29:35 +0000 2017
25321,668637,"@SpotifyCares Hi Spotify! Many wouldn't class Chris &amp; Kem's effort as grime, so was making a joke based on that. The rest of the playlist is class 🙂","@668637 1: Oh, thanks for explaining further! Our Curation team is independent &amp; uses taste, data, research, and trends to create...",2304486,2304489,Thu Oct 19 21:06:33 +0000 2017
345,126752,"@SpotifyCares I'm sorry, I tried that last time to no avail. Can you instead first verify for me that this is indeed a feature that is supposed to work ?","@126752 We understand, but could you let us know when exactly you reinstalled the app? Also, what Spotify version are you currently running? /LM",48083,48081,Thu Nov 02 15:47:19 +0000 2017
30244,771417,@115888 pls have an option on where you can change your username,"@771417 Hey Claudia! This isn't possible right now, but you can show your support for the idea in our Community: https://t.co/8Is2HkMbcb /FR",2756273,2756272,Tue Nov 21 01:37:29 +0000 2017
3836,217070,@115888 why is the app displaying Simplified Chinese in Hong Kong? https://t.co/JYG0MHKHNB,@217070 Hi Robin! Help's here. Can you check if the app is set in English? Here's our guide: https://t.co/t2KkkFsxr7. Keep us posted /MU,429224,429223,Tue Oct 10 13:25:14 +0000 2017
7064,302059,@117153 @SpotifyCares I cannot log in at all. Won't even let me access it online.,@302059 We've just sent you a DM 🙂 /PX,6510,761984,Wed Oct 11 20:11:38 +0000 2017
274,125449,Spotify needs to have an option to go straight to singles.,@125449 Hey Callum! We're always open for feedback. Can you give us a bit more info about your idea? We'll be waiting /MC,42723,42721,Wed Nov 01 15:16:31 +0000 2017
6135,278580,"@SpotifyCares iPhone 6s, iOS 11.1, Spotify version 8.4.25.906. I️ don’t think it’s updated since initial connect. Am i to do it manually?",@278580 Thanks! Can you try unlinking and linking back your Spotify and Shazam back? You can also try restarting your phone. Any better? /JP,665733,665732,Thu Nov 09 15:25:33 +0000 2017
23691,644362,@SpotifyCares No worries no harm done ✅ xx,"@644362 If you ever need anything else, just shout and we'll come running 🏃 /JX",2203711,2203710,Thu Nov 09 22:39:13 +0000 2017
24546,140450,Hi @115888 I’m waiting for reputationnnn 💗💗💗💗,"@140450 Hi there! ""Reputation"" isn't available to stream just yet – stay tuned! For now, check out the singles: https://t.co/4AyfFuEMpb 🙂 /JI",2259757,2259755,Fri Nov 10 23:24:04 +0000 2017
2141,173799,@SpotifyCares I first noticed about 5 days ago.,@173799 Thanks. Do you have the app installed on a mobile device? Do you get a pop-up message when the music un-pauses on it's own? /CB,243370,243368,Thu Oct 05 14:22:39 +0000 2017
506,129425,"Hey @SpotifyCares album Poison Summer by Trotsky Icepick has ""Clowns on Fire"" repeated where ""Clown on Fire(version)"" should be. @99984",@129425 Hey there! Can you send us both tracks' URIs or Links? We'll take a look backstage /PB,58948,58946,Mon Oct 30 17:47:32 +0000 2017
16436,513383,hey @SpotifyCares my spotify no worky pls help. all i️ see is this https://t.co/ZgtubOMJyj,"@513383 Hi Eric, don't worry! We can helpy 😉 Could you send us your phone's operating system and Spotify version? We'll see what we can suggest /GT",1691134,1691133,Mon Nov 06 18:18:18 +0000 2017
23731,644403,"@115888 Yo, for Brittany Murphy's 40th birthday, how about you actually upload the original version of Faster Kill Pussycat for everyone to stream?","@644403 Hey there. We’d love to have all of her stuff available, but we have some info about content here: https://t.co/0i8GpimuDa /QI",2203832,2203831,Thu Nov 09 20:41:37 +0000 2017
17449,156299,@SpotifyCares whenever I get a Snapchat or open up Snapchat my music from Spotify stops ☹️ can you help me out with this??,"@156299 Hmm. Just to check, when this started happening? Was it after a specific update? /RS",172453,172456,Fri Nov 24 22:12:46 +0000 2017
1789,162937,@118266 kok udah bayar premium sebulan tapi di aplikasi tetep ga bisa ya,"@162937 Hey! We can help out in English via Twitter, but we also have Indonesian support via email at https://t.co/ZgU70TbP8M /HC",199178,199177,Wed Oct 04 10:48:13 +0000 2017
19634,567296,@117168 i'm deleting spotify i can't do anything on here this is bs,"@567296 Hey, help's here! Can you tell us what device, operating system, and Spotify version you're using? We'll see what we can suggest /CH",1903590,1903587,Wed Oct 25 04:17:33 +0000 2017
1091,145554,"@115888 Also, 

Step up your ocean sound game. 

AND YOUR THUNDERSTORM SOUNDS GAME

ITS LIKE HELLA WEAK BRO","@145554 Hey! We didn't mean to startle you. We'll pass the feedback on to the right team. If you haven't had a subscription before, check out https://t.co/zgnxs5kPEu. Also, we’d love to have more ocean sounds available, but we have some info about content at https://t.co/0i8GpimuDa /MU",130908,130907,Fri Nov 24 04:31:08 +0000 2017
9397,349366,"Me unable to play the new @35357 album on @115888 all week, while everyone's playing and reviewing the leak of #Colors... https://t.co/NljDwdkdxW","@349366 Hey, we’ll have it available to you as soon as it’s available to us! https://t.co/0i8GpimuDa /JM",966448,966447,Wed Oct 11 15:39:26 +0000 2017
1299,152545,@SpotifyCares Thnx JP I will go personally to the Berlin Offices to get an email where I can contact them.,@152545 Sounds like a plan! Feel free to tweet us if there's anything else /GK,158952,158954,Tue Nov 28 12:02:47 +0000 2017
4903,249705,"@SpotifyCares I'm a Premium member. Recently, all of my playlists got deleted. I'm gutted - some of them were up to tens years old. Can you do anything to get them back?","@249705 Hey, that doesn't sound fun! Can you fire over your account's username or email address via DM? We'll see what we can do /TK https://t.co/ldFdZR1cbT",555496,555495,Sat Dec 02 10:28:42 +0000 2017
22024,609619,@SpotifyCares Spotify failed to verify subscription to family plan. Please help.,"@609619 For security, could you send us another DM so we can share more info about this? We'll be on the lookout for it /AY https://t.co/ldFdZRiNAt",2061249,2061248,Fri Oct 06 09:39:42 +0000 2017
30784,782616,Can @115888 add in a feature that lets me know what my buds are listening to cause that be pretty cool,"@782616 Hey there! If you're on desktop, you'll be able to see what your friends are listening to. We have more info here: https://t.co/45UZScet1C /MG",2806036,2806035,Wed Nov 22 01:30:19 +0000 2017
23422,639467,The new Spotify mobile interface is truly horrifying and you can’t access it from the lock screen!!! @115888 please change it back 🙏🏻🙏🏻,"@639467 1: Hi there. We're sorry you feel that way. We appreciate your feedback on the interface, and we'll be sure to pass it on to our devs.",2183029,2183030,Thu Nov 09 16:11:38 +0000 2017
7030,301345,"@SpotifyCares All our Fire TVs have unique names, but just show up the same. My sibling also has this problem on her iPhone. This is a weird glitch. Thx.","@301345 We understand. Currently, it only displays the make and model of the device. Don't worry, we'll make sure your feedback is passed on /MU",758892,758894,Sat Oct 07 09:28:59 +0000 2017
463,128727,@SpotifyCares I can’t right click the track if the track is no longer viewable and/or no longer shows up when searched for.  My account is U.S.,"@128727 2: it soon, but there's info about Spotify content here: https://t.co/0i8GpimuDa. Let us know if we can help with anything else /BE",56076,56077,Wed Nov 01 19:53:29 +0000 2017
21851,285877,"@SpotifyCares member I suggested a sleep timer and you said it was an awesome idea that was 4 years ago, any fooking chance?","@285877 1: Hi! We think it's a great idea, but we don't have news about it yet: https://t.co/ZONrf0CqX4. Don't worry, we'll also post all...",695447,695448,Thu Oct 05 22:04:47 +0000 2017
30357,773781,@115888 it would be awesome if I could apply filters to my playlists similar to the Stranger Things one,"@773781 Hey there, that'd be sweet! Suggest it in our Community at https://t.co/rtDvYZOF32 and get support from other users. Just give us a shout if you have other questions /GK",2767036,2767035,Tue Nov 21 09:04:21 +0000 2017
20204,576914,@SpotifyCares i have a like on one of my playlists! but no notifications :( how do i discover who liked me who really liked me?,"@576914 Hey! We're afraid it isn't possible currently, but we can see why this’d be useful. Support the idea here: https://t.co/rXH5HEx9hM /QI",1939480,1939479,Sun Oct 29 15:52:16 +0000 2017
9806,360517,@SpotifyCares Waiting to do so,"@360517 Just to confirm, are you having trouble adding your email? If so, can you try using an incognito window or a different browser? /RH",1016526,1016528,Fri Oct 13 01:58:09 +0000 2017
28818,738827,@148611 is red velvet's new album out already here in Ph?,"@738827 Hey there! Fingers crossed we'll be able to have it soon, but there's info about Spotify content here: https://t.co/0i8GpimuDa /DR",2613387,2613386,Fri Nov 17 11:08:56 +0000 2017
6893,297021,@115888 @SpotifyCares I was just about to switch to @115948 and the next day I see you guys are paired up with @115940!! I’m hooked! Thank you thank you,"@297021 You're welcome! We're glad to hear you decided to stick around. If you need any help with the app, we'll be here 💚 /RR",740183,740182,Fri Oct 06 22:04:47 +0000 2017
4236,227729,@SpotifyCares been loving spotify for months and then all of sudden songs that I have saved from my pc and been playing in playlists with all over songs return message - can’t play this right now. Help!!!!!!! Please!!!?!?!?!??!?!?,"@227729 Hey, help's here! Can you let us know the model, operating system, and Spotify version of your device? We'll see what we can suggest /PL",473448,473447,Wed Nov 15 08:15:12 +0000 2017
24011,648211,Hello @148611 when will reputation be available? Hope you could answer me! 💚,"@648211 Hi, Taylor Swift's 'Reputation' isn't available to stream just yet – stay tuned! For now, check out the singles: https://t.co/3h0TnPWP0c /NY",2218987,2218986,Fri Nov 10 08:39:11 +0000 2017
4081,224054,we need that @21464 album sis. @115888,"@224054 Hey there! Fingers crossed we'll be able to have it soon, but there's info about Spotify content here: https://t.co/1dgftcFtzc /MO",459154,459153,Fri Dec 01 00:48:40 +0000 2017
2493,184241,@SpotifyCares  Not the late great Ronnie James Dio me thinks. spotify:album:5mBgXOL9Ei06v84sArsA8N,@184241 Hey there. Thanks for sending this to us. We'll get this reported. Great detective work! https://t.co/LpsmyUtme0 /LM,286430,286428,Fri Oct 06 12:23:20 +0000 2017
20297,578038,@SpotifyCares Where did kpop groups Bigstar and Ladies’ Code’s albums go?? 😔 They used to be on spotify and now I miss them,@578038 Hey there. Sometimes content gets temporarily removed because of licensing changes. Hopefully we'll have them available again soon! /NS,1944413,1944412,Mon Oct 30 05:34:22 +0000 2017
4171,226512,"@SpotifyCares ... the problem you will be received with over 100 results of the people suffering this problem. This goes back to 2013 as said by users which wrote through the Spotify subreddits and communities. After all the updates, where the hell id the support?","@226512 Hey, we understand how you might feel about it. Don't worry, we'll help out on this. What device, operating system, and Spotify version is this happening on? Are you also getting any error messages when trying to remove some of your saved songs? /AY",468338,468336,Fri Dec 01 05:12:54 +0000 2017
27927,723466,@SpotifyCares  had premium. Upgraded to family. Wife got invite. Code not accepted. Can’t link successfully,"@723466 Hey David, help's arrived! Can you send us your and your wife's usernames or account's email address via DM? We'll take a look backstage /GT https://t.co/ldFdZRiNAt",2545289,2545287,Sun Nov 26 19:30:12 +0000 2017
16641,516600,@SpotifyCares I'm using Windows 10 tho the issue has been already fixed .p,@516600 Sweet! Happy to hear that things are... https://t.co/HlBaWovbcq. Just give us a shout if you need anything else 🙂 /MS,1704269,1704268,Mon Nov 06 20:41:57 +0000 2017
5041,252492,"@SpotifyCares I want to listen on my phone...slightly irrelevant question. Works fine on my pc but that's not the point, the issue is happening on my android phone...","@252492 Hmm. Can you try our test account and check if you'll get the same result? You can log in using the username ""cs_test_4"" and password ""t7uvuheFEduW"". Let us know how it goes /MS",565392,565393,Sun Dec 03 12:42:46 +0000 2017
1282,151644,@118266 apakah 1 cc bisa digunakan lebih dari satu akun spotify?,"@151644 Hey Thea! We can help out in English via Twitter, but we also have Indonesian support via email at https://t.co/ZgU70TbP8M. Let us know how you'd like to proceed 🙂 /GN",155387,155386,Fri Nov 24 14:35:40 +0000 2017
12388,298731,"@SpotifyCares @115888 for Windows needs an overhaul anyway. This is basically the same app from the #Windows7 days, right?",@298731 That's right! The app you've downloaded is similar to that of the same version from Windows 7. Let us know if you have other questions /JU,1246049,1246048,Thu Oct 26 00:15:38 +0000 2017
13253,431323,@SpotifyCares is it just me or is my phone getting really hot and losing all its battery life while listening to Spotify could you fix this.,"@431323 Hi Adnan, help's here! Does logging out &gt; restarting the device &gt; logging back in help? Keep us posted /TY",1334561,1334559,Fri Oct 27 10:54:35 +0000 2017
21321,597040,"@SpotifyCares (3) i have tried logging out on all devices and changing password several times but to no avail, help?",@597040 Hey George! We’re sorry to hear that. Check out https://t.co/QHn3ok8y2n for what to do next. We're here for you if there's anything else /YM,2018854,2018853,Sat Nov 04 19:10:25 +0000 2017
16762,519984,@115888 thanks for deleting all my downloaded songs....,"@519984 Hey, sorry to hear that! Check the steps under “Downloads unexpectedly removed” at https://t.co/38J7tFlIBF. They should help with this /MA",1717248,1717247,Mon Oct 16 11:09:25 +0000 2017
17221,530103,@SpotifyCares  please help me I DM you,"@530103 Hi Tiffany, we've replied to your DM! We'll continue helping out over there 🙂 /DQ",1761628,1761626,Tue Nov 07 20:13:40 +0000 2017
4642,238736,@SpotifyCares Those need to be distinct. How can I just turn off the Spotify algorithm? Spotify doesn’t have the songs so I have to use local files,"@238736 We're afraid that's currently not possible, but we can see how that’d be useful! We’d recommend suggesting it in our Community where you can get support from other fans: https://t.co/D6JsbrPT3P /PL",515447,515446,Wed Nov 29 08:13:49 +0000 2017
3133,199557,@SpotifyCares Lol k thanks for you recommendation.,@199557 Anytime! We'll be here if you need us 😁 /JI,351217,351218,Mon Oct 09 16:41:55 +0000 2017
1228,150037,"@SpotifyCares Hello, thank you for the reply, but I've actually got it sorted now! Sorry for raising the alarm prematurely! Have a good weekend!",@150037 You're welcome! Let us know if you ever need us again. We'd be... https://t.co/LgAM6ky9Vv 😁 /JM,149368,149370,Fri Nov 24 17:01:03 +0000 2017
1248,150789,"@SpotifyCares for the New Year I wish that searches in Spotify will prioritize results with my own playlists. I often want a specific playlist, and feel loath to scroll to find it, but have to because searching never returns the playlists where I have included a song.",@150789 Hi Paul! We've just sent a DM your way. Let's carry on chatting there /QI,152233,152232,Fri Nov 24 12:09:04 +0000 2017
8399,327791,WHat my @115888 looks like right now 😑. Luckily I can still control it from my phone. https://t.co/AbH9meCwEV,@327791 Hey there! That's no fun. Can you try reinstalling the app using the steps here: https://t.co/EqisDMwZAT? Keep us posted /LM,875196,875195,Fri Oct 20 16:54:35 +0000 2017
9420,349854,"@SpotifyCares I mean, it's even almost impossible to find a user in the platform anymore. I listen ALL DAY, for years, but cannot engage anything anymore.","@349854 We understand where you're coming from. Not to worry, we'll make sure to give our devs a nudge on your feedback /MT",968298,968300,Sun Oct 22 01:33:03 +0000 2017
2886,193336,But why this good song doesn't has cover art on @115888? Would you (@SpotifyCares) add the cover art to it? Thank you in advance.,@193336 @115888 Hi! We've replied to your DM. Check your inbox 🙂 /LM,324628,324627,Sat Oct 07 14:58:09 +0000 2017
11321,392556,"@SpotifyCares It's random, and when it happens there's no rhyme or reason as which tracks go missing, it could be whole album for some and 5or6 on others",@392556 We hear you. Do you have any filters on Your Music tabs? Let us know how you get on /JQ,1158646,1158649,Wed Oct 18 21:12:41 +0000 2017
8795,335271,"@SpotifyCares Welp, I’m just gonna get premium then",@335271 That's great to hear! You can sign up here: https://t.co/AeHiFRoX6a anytime you're ready 🙂 /LO,906645,906644,Sat Oct 21 01:27:45 +0000 2017
13100,424377,"@SpotifyCares hi, can you help me disable the start on login feature? I'm on Mac OS X High Sierra running Spotify 1.0.66.478.g1296534d",@424377 Hey there! Can you try reinstalling the app? Just follow the steps at https://t.co/grEcQYYFVS. Keep us posted /NS,1302425,1302424,Fri Oct 27 00:19:55 +0000 2017
26239,685880,@115888 you guys care to explain why EVERYONE seems to have wanna one’s new album on their spotify EXCEPT FOR ME https://t.co/7QDgl5zfch,@685880 Hey there! Can you tell us what country your account is set to? We'll take a look backstage /MG,2378273,2378271,Tue Nov 14 03:55:48 +0000 2017
31884,806203,@115888 @SpotifyCares when are the presale emails being sent out for billie eilish lol,@806203 Hi there. Pre-sale codes are being sent out by email to some of Billie Eilish's biggest fans on Spotify. Hopefully you're one of them! /DV,2912378,2912376,Tue Nov 28 21:04:24 +0000 2017
8764,334624,@SpotifyCares Hi can you help with a subscription query please?,"@334624 Hey there, help's here. Can you let us know what's happening over DM? We'll check this out /AC https://t.co/ldFdZRiNAt",904060,904058,Thu Oct 26 09:40:03 +0000 2017
4217,227531,@SpotifyCares 8.4.29.289 arm/7 is the spotify and im using a galaxy s6 fully updated only start happening yesterday been using it for a long time with no problems,@227531 Thanks. Does restarting your device help? We'd also recommend logging out and back in. Let us know how it goes /LW,472542,472544,Fri Dec 01 11:21:27 +0000 2017
11164,388775,"@115888 in the new web app style I cannot find the option for ordering albums by ""most recent added"" (=added into my library)","@388775 Hi! We appreciate your feedback. We're still testing and improving the new web player, so we'll pass this onto the team /TC",1141826,1141824,Tue Apr 11 12:47:05 +0000 2017
4739,244734,@SpotifyCares I got an email saying I'd get a 50% cashback credit using my @131742 Quicksilver card through April. Would I get 50% cashback if I sign up for the $99 yearly plan?,@244734 Hey there! The 50% cash back offer from Capital One isn't valid with the annual subscription of Spotify. We have more info about this here: https://t.co/KZd4d7u0Vt. Let us know if you have any other questions /LM,538043,538042,Sat Dec 02 03:37:23 +0000 2017
22977,629775,"@SpotifyCares Yes, all playlists, specially since the update.  Before I had to click on shuffle button every time I turned on the car, but it would stay.  Now it doesn’t, and I️ use Bluetooth to connect...","@629775 Can you try to unpair your phone from your car's unit, then try to pair them again? Did it make a difference? /MU",2141745,2141746,Thu Nov 09 07:34:36 +0000 2017
22305,474912,@115888 can I block explicit songs from playing?,"@474912 Hey! Currently we don't have that feature, but you can show your support for the idea here: https://t.co/CdI1SY9KZE. We hope that helps /DH",2078263,2078262,Mon Oct 09 15:00:21 +0000 2017
20341,578766,"@125633 had a recurring issue with distro appearing under the wrong artist on spotify, distribution still haven’t got a solution",@578766 Hey there! We're sorry to hear this. Could you reach out to the folks over at https://t.co/p1wbtdELHu? They should be able to help out /SP,1947825,1947824,Mon Oct 30 10:21:52 +0000 2017
21348,597834,I’m so tired of @115888 constantly un downloading songs and playlists. LET ME LIVE,@597834 Hi! Sorry to hear that! See the steps under “Downloads unexpectedly removed” at https://t.co/38J7tFlIBF. They should help with this /RA,2021446,2021445,Mon Nov 06 01:26:50 +0000 2017
4820,246543,@115888 STOP THE ADS ON SPOTIFY ON IPHONE ITS TOO MUCH,"@246543 We hear you 🎧 Rest assured, your feedback will be passed on to the right folks /DF",544602,544601,Sat Dec 02 06:17:40 +0000 2017
15559,221758,"Hey @115888, when are you going to update your iOS app to include support for the iPhone X screen?",@221758 2: There's more info here: https://t.co/vHqjftXuQ0. Let us know if you need anything else /NQ,1588428,1588426,Sat Nov 04 21:09:17 +0000 2017
12966,421804,I wish @115888  had a feature where it builds your discover page based on what you're doing. my gym tastes are WAY different than normal.,"@421804 Hey Patryk! Thanks for sharing your thoughts, we'll pass it on to the relevant folks 🙂 /SY",1290555,1290554,Thu Oct 26 20:04:16 +0000 2017
23734,644407,@115888 I DDNT GET MY PRESALE CODE FOR @37032 CONCERT!!! WHERE IT AT?!?? 😭,@644407 Hey Myra! Pre-sale codes are being sent out by email to some of dvsn's biggest fans on Spotify. Hopefully you're one of them /MX,2203840,2203839,Thu Nov 09 20:02:41 +0000 2017
14481,463179,@SpotifyCares hi - I can't play a lot of the songs. Getting error message. Help?,"@463179 Hey Pedro, help's here. Can you let us know the device, OS, and Spotify version you're using? We'll see what we can suggest /KL",1477930,1477928,Mon Oct 16 17:59:01 +0000 2017
10323,370890,"@SpotifyCares help plz, check your dms",@370890 Hey there! We've sent you a reply via DM. Let's continue chatting there 🙂 /CH,1062546,1062545,Sat Oct 14 17:22:43 +0000 2017
18645,552951,"@SpotifyCares Another month has gone by, pls give me news on the bugfix.. Spare me the PR bullshit pls","@552951 We're afraid we don't have any news to share. Rest assured, we'll pass your comments onto the right team /DV",1846019,1846020,Thu Oct 19 17:51:08 +0000 2017
13089,424158,@SpotifyCares Tried logging in and out and it didn’t help. Spotify version 8.4.24.506,@424158 Thanks for those details. Can you try restarting your phone? Does that make any difference? /JP,1301449,1301450,Fri Oct 27 16:50:18 +0000 2017
24451,655888,@SpotifyCares It doesn't clear anything as Think With Your Heart by @257872 has no explicit lyrics so that tag should be removed.,"@655888 We understand. Not to worry, we'll make sure your feedback's passed on to the right folks /MT",2251455,2251457,Fri Nov 10 23:47:55 +0000 2017
18365,549201,"@SpotifyCares hi, can i have a presale code for majid jordan in toronto? i follow them on spotify tysm",@549201 Hey Stefanie! Pre-sale codes are being sent out by email to some of Majid Jordan's biggest fans on Spotify. Hopefully you're one of them /RV,1830130,1830129,Tue Oct 17 15:16:32 +0000 2017
30672,779273,@SpotifyCares your website isn’t working,@779273 Hey Erin! Help's here. Can you send a screenshot of the webpage you're on? We'd like to take a closer look /MS,2792218,2792217,Tue Nov 21 18:27:37 +0000 2017
2959,194619,"@SpotifyCares It's on a Macbook Air (early 2014), running High Sierra, spotify version 1.0.65.320.gac7a8e02",@194619 Got it. Can you try the steps here for us: https://t.co/EqisDMwZAT? They should help with this. Let us know how it plays out /AY,330241,330242,Thu Oct 12 12:04:21 +0000 2017
19006,556111,@SpotifyCares That didn't but I ran an update and it looks like that might have fixed it. This has happened a few times so fingers crossed!,"@556111 Got it. Glad it appears to be working! If you ever need anything else, just shout and we'll come running 🏃 /KL",1860279,1860281,Thu Oct 19 18:55:18 +0000 2017
21791,605547,@SpotifyCares Yes thanks clearing that up,"@605547 You're welcome! If you need anything else, just give us a shout 🙂 /WW",2047597,2047599,Wed Oct 18 23:28:40 +0000 2017
17828,539996,@SpotifyCares can you cancel my account for me I’m switching to Apple Music,"@539996 No worries David, you can cancel anytime by heading to https://t.co/Q1zNbUXR4q. Let us know if you need a hand, we'd be happy to help /VK",1797152,1797151,Fri Oct 13 18:09:39 +0000 2017
32158,807295,@115888 I don’t pay every month so you can restrict my music listening. Am I supposed to bring my Mac in the car for music? Nah fam. Get mobile Spotify working again. https://t.co/E3kJlTxeYw,@807295 Hey Devin! Everything should be running smoothly now. Let us know if this is still happening /GS,2916617,2916616,Tue Nov 28 20:53:27 +0000 2017
492,129239,"@SpotifyCares A post made in 2012, Spotify responds in 2016, and now its 2017.Doesnt seem to be on your radar or a good site for feedback.","@129239 Sorry you feel that way. Don't worry, we'll give the right team a nudge about this. Hopefully this'll be available soon /MC",58293,58295,Wed Nov 01 20:22:07 +0000 2017
23448,639492,@115888 when can houston expect Rap Caviar to come?,@639492 Hi Jarren! You can now listen to the RapCaviar playlist. Just head to https://t.co/T62ATugkCd. Let us know if you need anything else /MC,2183127,2183125,Thu Nov 09 15:19:43 +0000 2017
6952,298860,@115888 It’s really unfair people in Quebec can’t use most of the promotions!!!,"@298860 Hi Amir! We hear you. Don't worry, we'll be sure to pass your feedback on to the right folks. let us know if you need anything else /NY",748194,748193,Sat Nov 25 04:17:05 +0000 2017
9756,358679,@115888 Could you please add Apple Safari support for the Web Player?,"@358679 Hey Nico, thanks for reaching out! We'll make sure this gets passed on to the relevant folks 🙂 /DB",1008652,1008651,Sun Oct 22 14:27:24 +0000 2017
32198,807607,GET IT THE FUCK TOGETHER https://t.co/WGw4teH95y,"@807607 Hi Jess, thanks for bearing with us. Spotify should be working perfectly again! /CE",2917778,2917777,Tue Nov 28 21:26:12 +0000 2017
28566,734956,@115888 here’s to hoping you update the app for iPhone X soon 💪,@734956 Hey Ivan! We’re working on it as we speak. Stay tuned 🔧 /AN,2595639,2595637,Fri Nov 17 03:12:52 +0000 2017
10125,366318,Does anyone know what is going on with my @115888 WTF? https://t.co/w54T8yY1DS,@366318 2: might differ from the original. Can you try editing the metadata of the file on your PC before resyncing your local files? /MG,1041461,1041460,Mon Nov 06 05:01:27 +0000 2017
16324,510204,"YO @115888 where the lyrics for desktop??? its been over a year since you've ""about to do a big update"" on this.",@510204 Hey! Lyrics is currently unavailable as we're improving the feature. Any updates will be posted at https://t.co/osebD49Qxe /RS,1677320,1677319,Mon Nov 06 13:54:30 +0000 2017
31101,789146,"@115888 why is there no love for Aaliyah, Lil Mo, and Angie Martinez?","@789146 Hi! We’d love to have all of their stuff available, but we have some info about content here: https://t.co/0i8GpimuDa /RE",2835029,2835028,Mon Nov 27 13:42:27 +0000 2017
12349,411838,@SpotifyCares I found the switch and turned it off. Thank you,"@411838 Anytime! If there's anything else, just give us a shout. https://t.co/m4HWSbgHVZ 🙂 /RH",1243944,1243946,Thu Oct 26 01:17:19 +0000 2017
29988,766072,@SpotifyCares The Blue Lips (lady wood phase II) has a totally inappropriate album cover to be advertised on the top bar of the desktop software. FYI.,@766072 Hey! Can you send us the Song Link? Just tap the three dots &gt; Share &gt; Copy Link /DF,2733024,2733023,Mon Nov 20 15:54:53 +0000 2017
4706,241894,@SpotifyCares I think I made a mistake with my account payment. How do I get in touch with customer service?,"@241894 Hey Greg, help's here! Can you let us know what's happened exactly? We'll see what we can suggest /KM",526688,526687,Sat Dec 02 01:20:11 +0000 2017
27061,704288,okay @115888 WHAT IS THIS?! https://t.co/G2a0fQvdyJ,@704288 Hey there! The Stranger Things Mode is an easter egg feature that adds some visual effects to your app 😁 /NS,2459289,2459288,Wed Nov 15 06:21:53 +0000 2017
26546,692214,Dear @115888 @117168 ... why is classical not in your genre/mood section?,"@692214 Hey! What device, operating system, and Spotify version are you using? We'll see what we can suggest /CB",2407002,2407000,Tue Nov 14 15:26:29 +0000 2017
16095,505168,Ready to delete my @115888 if there isn’t a way to turn off this wave notification..,"@505168 Hey John! Just to check, could you let us know more on the wave notification? A screenshot of it would come in handy too /MT",1655291,1655289,Mon Nov 06 01:16:44 +0000 2017
29672,291423,@SpotifyCares Okay I reinstalled it and now everything is working again,@291423 Awesome! Give us a shout if there's anything else 🙂 /AP,2704325,2704327,Sun Nov 19 22:57:19 +0000 2017
28991,740677,@SpotifyCares thank you!,@740677 You're welcome! Let us know if we can help with anything else. We're... https://t.co/zOXI69QSqg /CP,2621357,2621359,Fri Nov 17 16:41:11 +0000 2017
3707,213826,@SpotifyCares Hey the Roku app is kinda very bad.....the cursor jumps around everywhere...needs fixing please!,@213826 Hey there! The cavalry's here. Could you confirm the make/model of the Roku device you're using? We'll see what we can suggest /KB,414132,414131,Tue Oct 10 01:21:27 +0000 2017
20006,573897,"@SpotifyCares Hey, most of my downloaded songs are now unavailable for some reason. Can I get them back somehow? https://t.co/gKCNpgb0gN","@573897 Hey, sorry to hear that! Check out the steps under “Downloads unexpectedly removed” at https://t.co/38J7tFlIBF. Hope this helps /QI",1928445,1928443,Fri Oct 27 19:26:08 +0000 2017
5926,275288,"@SpotifyCares Shuffle doesnt work, I got 1700+ songs, it only plays 20 of them. Fix pls.","@275288 Hey Jonas! Can you tell us your device, operating system, and Spotify version? Also, do you have any filters set when playing songs? /NH",653056,653054,Wed Nov 22 20:11:24 +0000 2017
26703,696712,@SpotifyCares Did not work. Still having same issue.,"@696712 It's not ideal, but the exact steps here should help out: https://t.co/EqisDMwZAT /CO",2426245,2426247,Tue Nov 14 21:33:56 +0000 2017
11809,402620,Llevo dos meses tratando de pagar @115888 con mil tarjetas y nomas no puedo 😭😭😭😭😭,@402620 @115888 ¡Hola! Hemos respondido tu MD. Sigamos la conversación por allí 😁 /MN,1203003,1203002,Wed Oct 25 04:24:12 +0000 2017
20572,582099,@SpotifyCares why isn’t my now playing bar showing up on my phone ever since I’ve connected it to my Xbox one to play my music?,"@582099 Hey Jenna! What phone, OS, and Spotify version are you using? Also, does logging out and back in help at all? Keep us posted /BH",1963231,1963228,Tue Oct 31 01:55:15 +0000 2017
10900,381396,@SpotifyCares sent dm.,@381396 Hi! We've just sent you a bit more info over DM. We'll carry on helping out there /RB,1107502,1107501,Tue Oct 24 00:38:51 +0000 2017
18806,554471,"@SpotifyCares I will try that. But, perf issue is not limited to this session. I guess perf is inherent to the design. Is saved music list cached locally?","@554471 App performance depends on the specs, connection, and available memory. You're right, offline music are stored on your device cache /JU",1852823,1852818,Thu Oct 19 02:29:38 +0000 2017
14857,471807,"@SpotifyCares I usually download music and then go in offline mode but sometimes I get logged out &amp; the app won't let me log in, it thinks I am offline.",@471807 We understand. Have you tried reinstalling Spotify? Try following these steps: https://t.co/3FU57oyTNJ. Let us know how it goes /BH,1516295,1516296,Fri Nov 03 20:12:19 +0000 2017
6269,282101,Hey @115888 why isn't SOBxRBE album available?,"@282101 Hey there, help's here! Is this what you're looking for: https://t.co/ZpeqoysXWH? Keep us posted /KL",679379,679378,Thu Oct 05 16:00:30 +0000 2017
21101,590497,"hey @115888 stop removing the music i listen to or we’re gonna have some problems, comprende?","@590497 Hey! That doesn't sound good. Just to check, are you referring to your saved songs, offline tracks, or just streaming online? /AU",1997046,1997045,Fri Nov 03 16:04:03 +0000 2017
5605,267263,"@SpotifyCares Is it possible to delete my debit card from spotify after i have payed for it, without canceling the order?","@267263 Hi there! No worries, you can cancel anytime by heading to https://t.co/j3mV2PlkwS. Your account will revert to Free once your remaining Premium time lapses. Let us know if you have any questions /WW",620439,620438,Wed Nov 22 14:20:34 +0000 2017
26303,687552,@115888 I’m being charged for premium but unable to access my account. Your reset function isn’t working either. You’re making it pretty difficult for me to contact you here...,"@687552 Hey, sorry for the delay! We've just replied to your DM. Check it out. We'll carry on helping you there /MC",2385599,2385598,Sat Nov 25 09:02:31 +0000 2017
2407,181916,"@SpotifyCares Right now @128606 release #AsYouWere and when I try share the album with my sister simply the app close, without message about it",@181916 Can you check if restarting your device makes a difference? Keep us posted /MU,275919,275918,Fri Oct 06 07:02:15 +0000 2017
23648,643693,Indi ko gd ya gets kung ngaa wala ang Please ni Kim Hyun-Joong sa Spotify. Hustisya pls! Huhu. Hello @115888,"@643693 Hey Althea! We currently don't have Filipino support, but we're happy to help out in English here on Twitter. Can you let us know what's happening exactly? We'll see what we can suggest /KM",2201038,2201037,Sun Nov 26 03:15:26 +0000 2017
2875,193042,porque é que o support do spotify não me responde caralho,@193042 We've just sent a DM your way. Let's carry on chatting there /JN,323490,323488,Sat Oct 07 14:05:25 +0000 2017
18990,389702,"Please consider accepting #BitcoinCash for payments @spotifycares - it’s fast and secure, with low fees! More @ https://t.co/O0lXf0Q5PJ","@389702 Hey! This isn't possible at the moment, but you can help make it happen by showing your support here: https://t.co/snIzzj29Vz /NG",1859883,1859882,Thu Oct 19 15:22:29 +0000 2017
7555,314767,@125633 I can’t log into the artist app :(,"@314767 Hey there, help's arrived! What’s happening exactly? We'll see what we can suggest /SP",817715,817713,Thu Oct 12 20:59:42 +0000 2017
13053,423358,"@115888, ¿could you add a psychodelic visualizer in the Xbox App? Please. Thanks.","@423358 Hey, we can see how that'd be handy! We'd suggest adding your vote to the idea at https://t.co/mUP55foYB3 /AR",1298057,1298056,Thu Oct 26 22:01:24 +0000 2017
8874,336601,@115888 please bring back touch preview,@336601 Hey! We have more info about this here: https://t.co/pXBCq8GlsI. Give us a shout if you have any questions /KM,912040,912038,Sat Oct 21 06:14:48 +0000 2017
7034,301402,@spotifycares After a Windows10 upgrade Spotify doesn’t work. Can you give me any insight?,@301402 Hey Ryan! What exactly are the issues you're having? We'll see what we can suggest /CG,759174,759172,Wed Oct 11 19:22:29 +0000 2017
11650,399439,"@SpotifyCares https://t.co/NBeh1dmYEa

https://t.co/6ty36su78y

Country set Germany, I think. 
The song title/ album cover glitched on my computer.","@399439 Thanks. Everything looks good on our end. Just to check, are there local file versions of the tracks synced to your device? /NS",1188288,1188287,Wed Oct 25 00:00:38 +0000 2017
1661,160030,"@SpotifyCares 2: as requests towards  104.199.65.135:4070 are not standard HTTP web traffic, access must be allowed explicitly. What needs to be opened?",@160030 Can you fire over your account's email address or username via DM? We'll take a look backstage /RC,187620,187621,Thu Oct 26 13:17:12 +0000 2017
12492,414488,@SpotifyCares I believe it’s the phone.  I listened to a podcast in a different app and it did it as well.  Thanks for checking!!,"@414488 No worries. If there's anything else we can help with, just let us know. We'd be happy to help 🙂 /LO",1256045,1256047,Fri Dec 01 00:22:04 +0000 2017
32160,807297,"@SpotifyCares Y'all being DDoS'd? Having trouble connecting, other things loading fine.","@807297 Hey James! We had a little hiccup backstage, but it should be working now. We're here if you need us /CE",2916620,2916619,Tue Nov 28 20:53:24 +0000 2017
29159,743898,@SpotifyCares Thanks I know I'm not alone👍👍👍,@743898 You're welcome! Stay Awesome /KL,2635041,2635042,Fri Nov 17 19:50:37 +0000 2017
22217,205426,@SpotifyCares hey how much did camila cabellos team pay you to be included in all these spotify playlists?,"@205426 1: Hey there, thanks for the feedback! Our Curation team are independent &amp; use taste, data, research, and trends to create... /NQ",376905,376907,Mon Oct 09 02:41:58 +0000 2017
16051,503987,@SpotifyCares hopefully i can get sorted no music no smile,@503987 Hey Judas! We just replied to your DM with more info. Check it out 🙂 /BH,1650032,1650031,Mon Nov 06 00:29:10 +0000 2017
22007,193340,I love that @115888 autoplays music when my playlists end but after my film score playlist ends there's way too much Randy Newman,"@193340 1: Hi there! When you reach the end of an album, playlist, or selection of tracks, Spotify will automatically play similar songs so...",324643,324644,Sat Oct 07 11:38:22 +0000 2017
17170,475850,Hey @115888 you should add music videos to your repertoire,"@475850 Hey Lyndsay! We appreciate your feedback, and we'll be sure to let our devs know this is something you'd like to see /LM",1757048,1757047,Sat Nov 11 18:43:27 +0000 2017
19762,421503,"@SpotifyCares this is on my laptop, not mobile but thanks",@421503 That's odd. You should be able to listen on-demand (with ads) on your desktop. Can you let us know the OS and app version you're using? /PB,1912398,1912399,Thu Oct 26 19:46:00 +0000 2017
12811,418952,"@SpotifyCares Mac + Chrome. And FYI it's been happening for the past few days, so I don't think it's a momentary bug.","@418952 Thanks! Does it also happen when you're using an incognito window? If possible, restarting your router is worth a try /QI",1277343,1277345,Thu Oct 26 17:50:05 +0000 2017
6746,293810,Can @147836 please help with a @1511 Ionic @115888 App so sales and 5 star reviews go trough the roof 👌❤️ @32602 ❤️👌,@293810 @147836 Hey Sebastian! We hear you. You can vote for the official idea here: https://t.co/pMCMEezoQJ /AB,725622,725621,Wed Oct 11 04:49:09 +0000 2017
28955,740016,. @115888 can you not with the Christmas ads? ITS NOVEMBER,"@740016 Hi there! Thanks for the feedback. No worries, we'll pass them on to the right team. let us know if you have any other questions /NY",2618588,2618587,Fri Nov 17 13:50:03 +0000 2017
16512,514319,What’s going on here @SpotifyCares? I’ve seen a couple other people with the same problem. https://t.co/q2Ir16Lv8g,"@514319 Hey Amy, help's here! Does logging out &gt; restarting the device &gt; logging back in help? Keep us posted /TY",1695215,1695214,Mon Nov 06 17:15:18 +0000 2017
424,128147,@SpotifyCares I just did. It still crashes.,"@128147 Hmm. Does it happen across other devices too? Also, do you get the same issue with the other apps installed on your laptop? /MC",53720,53719,Wed Nov 01 16:17:22 +0000 2017
31347,794536,@SpotifyCares Ok. Why dont you give someting to the customers thats been loyal for 5years+. To keep existing customers is much cheaper than getting new ones. Just saying.,"@794536 We hear you! No worries, stay tuned for more deals for existing Premium subscribers. In the meantime, let us know if you need anything else 🙂 /WW",2859077,2859078,Mon Nov 27 22:53:41 +0000 2017
15611,489787,"@118266 misi min, mau tanya nih, kok aku beli spotify premium buat pelajar ga bisa ya? tapi saldo di kartu debitnya berkurang","@489787 2: to continue chatting here, just send us another DM, and we'll help out /AY https://t.co/ldFdZRiNAt",1593674,1593673,Tue Oct 17 07:55:14 +0000 2017
9607,353745,Um @115888 https://t.co/OyObuwjodf,@353745 Hey there. Thanks for pointing that out. We'll let the right team know it's something you'd like to see fixed /QI,986282,986281,Wed Oct 11 21:55:52 +0000 2017
21988,609019,"@SpotifyCares Wanted to listen to Tom Petty's Long After Dark, which I've done a few times on Spotify (Canada). it's disappeared.. grrrr..",@609019 Hi Mark! Sometimes content gets temporarily removed because of licensing changes. Hopefully we'll have it available again soon! /I,2059187,2059186,Fri Oct 06 16:40:53 +0000 2017
16430,513299,well this is a new one. @SpotifyCares https://t.co/BDKAYKPpQu,@513299 Hey Archie? Are you getting this error when attempting to launch a Spotify app? Keep us posted /TF,1690751,1690749,Tue Oct 17 15:27:10 +0000 2017
11195,389696,@115888 I’m super frustrated.  I don’t want family premium but that’s is all that’s is offered.  Give me the Lin k to an individual subs,@389696 @115888 Hey John! We've just sent you a bit more info over DM. We'll carry on helping out there 🙂 /TB,1145848,1145847,Sat Oct 14 17:36:22 +0000 2017
5571,212853,@115888 can you PLEASEEEEEE let us pick songs from our library to add to a playlist without having to individually select and move them.,@212853 Hey there! You can add multiple songs to a playlist at a time on the desktop app. Select multiple songs by holding Ctrl (Command on Mac) and clicking on all the songs you want. Then you can right click to add them all to a playlist at once. We hope this helps /TX,620326,620324,Wed Nov 22 13:01:49 +0000 2017
23402,639341,I can't access my premium account I don't have Facebook anymore I don't know the user name or email I want to stop payments @SpotifyCares,@639341 Hi! We've just sent you a bit more info over DM. We'll carry on helping out there /DR,2182395,2182394,Thu Oct 19 11:46:38 +0000 2017
18471,550570,@SpotifyCares but it does this for every song no matter what,"@550570 Hey Sarah, help's here! Could you shoot us a DM with your account's username and email address? We'll take a look backstage /VK https://t.co/ldFdZRiNAt",1836075,1836073,Wed Oct 18 15:52:42 +0000 2017
31475,796167,"@SpotifyCares I can't sign up for spotify, I keep getting an ""oops"" error. :(","@796167 Hey there! We're here to help. Just to check, what country are you currently in? /AN",2866592,2866591,Mon Nov 27 22:57:40 +0000 2017
29165,744318,@115888 Is there a way to disable videos in curated playlists?  I just want to listen to music in the background and the videos kill the flow.,"@744318 Hey Shaun! This isn't possible, but we appreciate the feedback. We’re always testing things in order to improve &amp; we'll pass on your thoughts /CP",2637103,2637101,Fri Nov 17 20:30:07 +0000 2017
30444,775711,@115888 Can I cancel and re subscribe to save myself £27???,"@775711 Hi Steven! We're afraid the intro offer is available for those who never had Premium before. For more info, just go here: https://t.co/ApSwZJcvn1 /GT",552659,2776174,Tue Nov 21 14:02:14 +0000 2017
20557,581931,Hey @116130 - is it possible to ACTUALLY shuffle music rather than just mix the 30/40 songs surrounding the one I selected?,@581931 Hi Mike. We’ve made some improvements to our shuffle algorithm. We’d love to hear your feedback here: https://t.co/T3vZnSL3od /JU,1962511,1962510,Mon Oct 30 21:40:13 +0000 2017
8933,337785,"@SpotifyCares Tried on WiFi and cellular, same issue. Happens on various devices on same songs. Eg grizzly bear - mourning sound. Fails on all devices","@337785 Just to check, is this happening with songs from other artists as well? /LM",917343,917345,Fri Oct 13 22:29:58 +0000 2017
2528,185042,@185043 @115888 Nope. It has already begun. You can't stop it now.,"@185042 Hey Emily. Not just yet, but we've created something for you to tide you over in the meantime! https://t.co/R6C9MZPSCT 🎄 /K",289776,289775,Fri Nov 03 16:17:39 +0000 2017
25582,671096,@671097 @SpotifyCares they can help,@671096 Hey there! Our Spanish support will take care of this for her. Can you ask your friend to get in touch with them at @230513? /MG,2314332,2314331,Sun Nov 12 19:51:04 +0000 2017
20990,588759,how can I recover my last week discover weekly!? is there anything you guys could do @SpotifyCares. ????? is not in my history :((( I was sure I pressed download too but it just downloaded the new week now :/,"@588759 Hey Marcela! Unfortunately we're unable to recover your previous Discover Weekly. Be sure to save your favorites to a playlist, so you don't miss out in the future /YM",1989433,1989432,Tue Nov 21 01:42:18 +0000 2017
9574,124514,Why has @115888 deleted all my playlists???,"@124514 Hey Laura, that's not cool! We'll help out, don't worry. Just to check, are all tracks missing or just some? We'll be here waiting /DR",982144,982143,Sun Oct 22 08:28:51 +0000 2017
27467,712807,"@SpotifyCares Wow, thank you!  It's actually been like this for a while. Someone posted a screen shot of it on October 20th https://t.co/P4vxx2dv1W","@712807 You're welcome! If anything else comes up, just say the word. We're always a tweet away 🙂 /MT",2498030,2498032,Mon Oct 30 03:32:43 +0000 2017
29518,753626,@SpotifyCares Ahh Spotify Cares appreciate it,"@753626 Thanks! If you need help with anything else, just give us a shout. Otherwise, have a... https://t.co/FQulrDtFky 😉 /GU",2677962,2677964,Tue Oct 31 14:42:27 +0000 2017
13197,426876,does anyone know why Agust D mixtape isn't available on spotify?,"@426876 Hey there! We’d love to have all of his stuff available, but we have some info about content here: https://t.co/0i8GpimuDa /GK",1313516,1313515,Fri Oct 27 06:40:39 +0000 2017
30102,769067,"@SpotifyCares The queue is still showing the same songs in a loop. Just to clarify, the playlist DOES play different songs, I just can't see the correct queue. But yeah if I could get a fix for that soon I'd appreciate. :)

And thanks for acknowledging the other thing as well. 👌",@769067 Does this happen on every playlist you queue? Have you also checked if the same thing happens on other devices you log in to? /JU,2746332,2746333,Mon Nov 20 22:58:17 +0000 2017
3319,204825,@SpotifyCares I'll report tomorrow when I get back in my car. Thank you.,@204825 No problem. We'll keep an eye out for your reply /JU,374596,374597,Mon Oct 09 01:14:40 +0000 2017
26577,693061,@SpotifyCares 🎉🎉🎉,"@693061 Cool! In the meantime, let us know if you need help with anything else. Have a... https://t.co/c1ybueU8Vd 🙂 /GU",2410563,2410562,Tue Nov 14 16:34:19 +0000 2017
3691,213529,"@SpotifyCares macOS desktop (or Windows desktop, or Linux web client, any would work).",@213529 2: Let us know if there's anything else you'd like us to check out. We're always here for you /YM,412792,412791,Tue Oct 10 00:49:50 +0000 2017
4190,226659,@115888 @SpotifyCares @117168 can you please add a sleep timer !!,"@226659 Hey, a sleep timer is a great idea! Help make it happen by adding support here: https://t.co/zxDJ2Y8DxL /NS",468956,468955,Fri Dec 01 06:30:57 +0000 2017
19314,559827,@115888 let's get my Single Be My Girl on a cool playlist!!,"@559827 Hey! Our Curation team are independent &amp; use taste, data, research, and trends to create playlists, but we’ll pass on your suggestion /JL",1875286,1875284,Sat Oct 21 23:40:14 +0000 2017
13600,438115,@SpotifyCares You're not listening. Customers have been asking for an explicit filter since 2012. Five years and nothing done.,@438115 We understand how this can be frustrating. Our devs already know it's something you'd like to see. Hopefully we'll have an update soon /GU,1366559,1366561,Fri Oct 27 22:01:51 +0000 2017
16320,510200,Hello @115888 would you explain what is the meaning of this? Is this related to netflix series “Stranger Things”? https://t.co/ZMxIVgOG0K,@510200 2: Upside Down. Check this playlist out: https://t.co/4cQt9Vn0ec 😁 /GT,1677311,1677310,Mon Nov 06 14:16:33 +0000 2017
23962,648184,"Dear @115888 pls let me see who follows my playlists, I can't handle this stress of not knowing","@648184 Hey! This option isn't available at the moment, but you can add your support to the idea in our Community: https://t.co/rXH5HEx9hM /AC",2218877,2218876,Fri Nov 10 11:40:19 +0000 2017
31043,787773,"@SpotifyCares why don't you have Top 50 India, in your trending charts @115888","@787773 Hey there, great question! A countries Top 50 list is chosen based on listening history in that area. Since Spotify hasn't officially launched in India, we wouldn't have info for a Top 50 list at this time. Hope this helps /TB",2828705,2828703,Mon Nov 27 07:00:01 +0000 2017
14959,472890,"@SpotifyCares thanks for caring !! Yes, I tried that too.. it starts with this view.... https://t.co/H4Mgvd7xTy https://t.co/UmGUuTV24U","@472890 Sure, we're always here to help! Does logging out, restarting your device, and logging back in make any difference at all? /JE",1521359,1521361,Fri Nov 03 20:15:20 +0000 2017
30036,766865,@SpotifyCares I am using Chrome OS on the Pixelbook. The App vesrion is 8.4.28.875 x86,"@766865 Thanks. We're afraid that we don't offer official support for Chrome OS, so we can't guarantee that the app will run smoothly on your device. Currently, here's our system requirements: https://t.co/eQeNrNnvlX /MU",2736560,2736561,Tue Nov 21 14:27:41 +0000 2017
6709,293131,@SpotifyCares  https://t.co/vnuNzFyRX5,"@293131 Thanks. Note that you can only download up to 3,333 songs per device. Can you confirm if you've reached that limit? /GS",723037,723035,Wed Oct 11 02:51:12 +0000 2017
22687,624400,@115888 so many lesser apps were optimized for iPhone X the day of launch.. can't take your devs that long can it? o.O,"@624400 Hey Seth! We currently don't have any info on this. Don't worry, we'll pass your feedback onto the right folks /DV",2118720,2118719,Wed Nov 08 13:45:55 +0000 2017
26494,691520,@115888 you better knock it off! If I'm listening to a playlist I created I wanna hear the songs I chose for it not suggested otherwise I would go to my discover weekly! #disappointedandangry,"@691520 1: Hi Celene! Sorry to hear that you feel that way. Keep in mind that Suggested Tracks help keep our Free service Free. For now, to...",2404012,2404013,Tue Nov 14 14:26:13 +0000 2017
20130,575678,@SpotifyCares Australia 🤗,"@575678 Got it! Fingers crossed we'll be able to have it in Australia soon, but there's more info about content here: https://t.co/0i8GpimuDa /CH",1934799,1934798,Sun Oct 29 06:05:34 +0000 2017
28915,739619,"Hey @115888, why has my entire library been deleted and is downloading again? This is about the fourth time it’s happened and it’s honestly quite annoying. https://t.co/ozHv01I0wY","@739619 Hey Christine, sorry to hear that. In this case, we'd suggest checking out the steps under “Downloads unexpectedly removed” at https://t.co/38J7tFlIBF. They should help with this. Let us know how everything goes /JE",2616815,2616814,Fri Nov 17 12:48:11 +0000 2017
16791,520435,"@SpotifyCares It happens on WiFi, 4G and in Flight Mode.",@520435 Gotcha. We've notified our team about this. They'll be looking into this for you /JQ,1719051,1719052,Tue Oct 17 21:40:17 +0000 2017
279,125451,"@SpotifyCares Windows 7, 15GB Ram, Spotify version 1.0.66.478.g1296534d","@125451 Got it, Could you try reinstalling the app with the exact steps here: https://t.co/EqisDMwZAT. Let us know if it makes any difference /PB",42730,42732,Wed Nov 01 16:00:43 +0000 2017
19743,401024,How do i sign in as owner @SpotifyCares,"@401024 Hi Ron! Just to clarify, are you trying to log in to your Premium account or set up a Premium for Family plan? We'll help out /NJ",1196011,1196013,Tue Oct 24 22:33:20 +0000 2017
682,134858,humankind needs lyrics on @115888,"@134858 Hi Frederick! We totally agree. If you’re Premium, you can connect your Spotify account to the Musixmatch mobile app to enjoy lyrics: https://t.co/SyGMWOjGoe /QI",86373,86372,Thu Nov 30 13:25:25 +0000 2017
10891,381216,@116380 ! Pls fix,"@381216 Hi there. Don't worry, help's here. Can you tell us what's going on exactly? /JU",1106813,1106810,Tue Oct 24 00:14:17 +0000 2017
24270,654587,@115888 UPDATE 👏FOR👏iPHONE👏X👏 ITS KILLING ME https://t.co/TJ1USbLj1g,@654587 Hey there! We completely understand - we’re working on it as we speak. Stay tuned 🙂 /JI,2245956,2245955,Fri Nov 10 23:06:12 +0000 2017
6335,284355,"@115888 Nonostante mi abbia preso i soldi il mio account è ancora Free,come posso risolvere ?",@284355 Hey Alex! We've sent a DM your way. We'll carry on helping you there /SJ,688058,688057,Thu Nov 23 14:11:57 +0000 2017
4210,227309,"@SpotifyCares Hello :) I have contacted you regarding song under wrong artist for band ""Payday"", which has ended up under ""PayDay"". We hope this can get resolved very very soon :( Please help!",@227309 Hey! We've just replied to your DM. Let's carry on chatting out there /MU,471645,471643,Fri Dec 01 07:59:45 +0000 2017
12597,416145,"@SpotifyCares …up on the lock screen anymore, I have to unlock my phone and open spotify just to change volume or skip track",@416145 Hi Andy! Can you let us know what device and version of Spotify you're using? We'll see what we can suggest /DR,1264702,1264700,Thu Oct 26 11:19:38 +0000 2017
3123,199277,@SpotifyCares clearing cache/cookies seems to have worked so far.,@199277 Great! Glad to hear it worked. You know where to find us if the issue happens again /PL,350032,350033,Sun Oct 08 12:15:11 +0000 2017
7572,314913,Appreciate that new app @125633,"@314913 Hey there. Thanks for your comments, we appreciate you! We'll be here if you need us 😁 /SP",818320,818319,Thu Oct 12 20:34:01 +0000 2017
7577,315098,@115890 @61186 @115888 @SpotifyCares If you want people to switch you NEED to fix this ASAP. Please release a proper UWP app. https://t.co/VPwc3x9uJn,"@315098 Hey Neil, we hear you! You can show your support for the official idea here: https://t.co/TGZFKt4dIg /TB",818969,818968,Thu Oct 12 20:57:03 +0000 2017
26382,354084,@SpotifyCares @688879 It’s getting beyond a joke now. Your developers have had since June to get the app ready. Really is shameful.,"@354084 Hi Jay, sorry you feel that way. We'll be sure to pass your feedback about this on to the team. Anything else, let us know /NY",2391979,2391981,Tue Nov 14 10:41:07 +0000 2017
30197,770622,@115888 you should add a functionality: sort tracks by bpm. #asap,@770622 Hey there! This sounds like a great idea. You can show your support for this here: https://t.co/7qXM7TUxUt /CE,2752819,2752818,Tue Nov 21 01:13:14 +0000 2017
6188,279800,@SpotifyCares Restarting doesn't do anything. I don't have another device other than my computers. It just seems like the time out is low,@279800 Hmm. Could you reinstall the app by following the steps here: https://t.co/EqisDMwZAT? Let us know if the same thing happens /JU,669992,669993,Tue Oct 10 05:15:43 +0000 2017
17855,540312,"@SpotifyCares why do my downloaded songs keep being deleted? iOS 11.0.3, app version 8.4.22",@540312 Sorry to hear that! Check out the steps under “Downloads unexpectedly removed” at https://t.co/38J7tFlIBF. They should help with this /MQ,1798191,1798190,Fri Oct 13 22:55:57 +0000 2017
24570,659250,Today I tried to cancel my @115888 Premium and I didn't even last 2 hours before I re-joined...,@659250 Woohoo! That's awesome. We welcome you back... https://t.co/ivXragbn16 /MG https://t.co/ldFdZRiNAt,2264779,2264778,Sat Nov 11 02:54:05 +0000 2017
29247,745343,@115888 @15782 Am I able to change my payment details online?,@745343 Hey there! You can change your payment details for Spotify using the steps here: https://t.co/3lVe0lJyKz. Let us know if you have any other questions /LM,2641137,2641136,Fri Nov 17 21:14:57 +0000 2017
24916,664458,@115888 please update @118062’s albums. i wanna hear reputation 😫,"@664458 Hi! Taylor Swift's 'Reputation' isn't available to stream just yet – stay tuned! For now, check out the singles: https://t.co/3h0TnPWP0c /GS",2286848,2286847,Sun Nov 12 00:57:56 +0000 2017
32991,818539,@117168 Yodel! I'm an artist. How do I submit my songs already on #Spotify to be part of #DiscoverWeekly?,@818539 Hey Vince! Our Curation team are independent so there's no formal submission process. Check out https://t.co/Ackn8bZUwo to help you gain visibility /YM,2967125,2967123,Wed Nov 29 22:11:36 +0000 2017
10276,302074,"@115888 Your app corrupted my SD Card, I have to pay $800 to get it removed and recover my pictures. Who in Spotify do i send the bill to?","@302074 Hey Robert, this doesn't sound good! Can you give us more info on what's happening? We'll see what we can suggest /DB",1058229,1058227,Sat Oct 14 17:27:02 +0000 2017
16896,523814,Will reputation REALLT not be on Spotify?????,@523814 Hi! We'd love to have it on Spotify! Hopefully we will in the future. Check this out: https://t.co/MEjmIRL2eB /RE,1734628,1734626,Tue Nov 07 13:19:30 +0000 2017
17961,542513,@115888 EGYPT PLEASEEEE,@542513 Hey there! We're launching in new countries as often as possible. Be sure to add your email at https://t.co/X8DVSX9QgM /NS,1805573,1805572,Wed Oct 18 02:35:23 +0000 2017
17517,535115,Both @115888 and @115940 for 4.99? We see who really lookin out for the students.,"@535115 Hey there! If you're currently enrolled in an accredited college/university, you can get our awesome deal at https://t.co/mJYzZFK8NF 🙂 /RI",1781047,1781046,Wed Oct 11 22:19:09 +0000 2017
20051,574615,@SpotifyCares when will @425725 new album Trial By Fire available in Malaysia?,"@574615 2: On the other hand, can you give us more info about the albums disappearing from your account? We'll see what we can suggest /DB",1930990,1930988,Sat Oct 28 14:46:41 +0000 2017
19546,565445,@SpotifyCares why is @2043  wanna be that song not on @115888,@565445 Hey Branden. Sometimes content gets temporarily removed because of licensing changes. Hopefully we'll have it available again soon! /MQ,1897169,1897168,Tue Oct 24 16:20:22 +0000 2017
23097,388150,"Hey @115888 Can we please get the albums, ""Trespass"" and ""The Lamb Lies Down On Broadway"" by #Genesis","@388150 Hey there! We’d love to have all of their stuff available, but we have some info about content here: https://t.co/0i8GpimuDa /AR",2153170,2153169,Thu Nov 09 01:02:37 +0000 2017
24164,653021,@115888 when are we getting an update for iPhone X and @118062 new album Reputation?,@653021 2: We'd suggest enabling automatic downloads to get it once it's available: https://t.co/vHqjftXuQ0. Taylor Swift's 'Reputation' isn't...,2239634,2239633,Fri Nov 10 14:41:38 +0000 2017
31537,797431,any plans to launch the official @115888 app in Egypt,"@797431 Hey there! We're launching in new countries as often as possible. Be sure to add your email at https://t.co/X8DVSX9QgM. If you have any other questions, just give us a shout 🙂 /KC",2872017,2872015,Tue Nov 28 01:12:34 +0000 2017
29093,635616,@115888 @SpotifyCares thanks for making the update. Now if we can only get that Apple Watch app out though... 😳 https://t.co/QnBUJG7toH,"@635616 We hear you 🎧 Rest assured, your feedback will be passed on to the right folks /DF",2627948,2627947,Fri Nov 17 16:28:43 +0000 2017
16615,516162,"@115888 It's down on computer. Sigh..more and more problems with spotify. Left Pandora, now may have to leave spotify. 😔",@516162 Hi there! Can you tell us more about what's happening? We'll see what we can do /NH,1702489,1702488,Mon Nov 06 18:25:26 +0000 2017
2223,176658,@SpotifyCares It's a 7 Plus running 8.4.20.535,@176658 Alright. Can you try reinstalling the app using the steps here: https://t.co/EqisDMwZAT? Keep us posted /LM,255138,255137,Thu Oct 05 18:26:14 +0000 2017
15027,474388,@SpotifyCares thanks ily,@474388 You're welcome! Stay awesome /KL,1527869,1527868,Fri Nov 03 22:08:21 +0000 2017
15179,478544,@115888 Fix this. The wrong song plays when I select this song. It’s playing the song that comes after it on this EP. https://t.co/yLR3qzlqAI,"@478544 Hey, thanks for the heads-up. We'll get this reported. Great detective work! https://t.co/LpsmyUtme0 /KT",1545090,1545089,Sat Nov 04 04:16:26 +0000 2017
21938,608308,@115888 why y’all deleting all the songs of the victorious cast smh https://t.co/eDBoSYwUns,@608308 Hey Luca! Sometimes content gets temporarily removed because of licensing changes. Hopefully we'll have it available again soon! /MX,2056849,2056848,Fri Oct 06 20:19:55 +0000 2017
11248,390912,soo happy to know @SpotifyCares &amp; @118266 respond an email THAT FAST. it took around +/- 24 hour &amp; my problems are solved. thanks❤️,@390912 That's great to hear! Let us know if you ever need us again. We'd be... https://t.co/LgAM6ky9Vv 😉 /NY,1151239,1151238,Tue Oct 24 13:18:52 +0000 2017
14588,466132,@SpotifyCares Do you know when  lovelyz and infinite company is gonna put  thier music back on  spotify and twice and got7 back in spotify,"@466132 Hi! Fingers crossed we'll be able to have it soon, but there's info about Spotify content here: https://t.co/0i8GpimuDa /RB",1490394,1490396,Mon Oct 16 22:14:42 +0000 2017
16385,512574,@SpotifyCares The problem appears to have fixed itself now. The problem was on a PC with Windows 10 for reference.,@512574 Glad to hear it's working now! Just give us a shout if the problem persists. We're... https://t.co/zOXI69QSqg /PB,1688015,1688017,Mon Nov 06 19:55:47 +0000 2017
2321,179290,My discover playlist this week is some ASS. @115888 you are so wrong about my taste.,"@179290 Hey, sorry to hear Discover Weekly wasn’t to your liking this week! It’ll be re-tuned next week. Check out Daily Mix in the meantime 💚 /RV",265659,265658,Mon Oct 16 23:34:12 +0000 2017
8630,332140,"@SpotifyCares I don’t really want to go through that rigamarole, but I’m sure now that you know you’ll take it into consideration.","@332140 Not to worry. We'll make sure to pass your thoughts on to the right team. If there's anything else, just give us a shout /AU",893405,893404,Fri Oct 20 21:05:26 +0000 2017
11291,392237,@115888 And by 8 ads I mean played them 8 times in a row. And wont play any music list. Keeps saying to BUY premium. I'm a college student in debt 😡,"@392237 Hey, that doesn't sound good! Did the app crash at any point during the 30 minutes? That can cause the ad-free time to reset /NQ",1157288,1157287,Sun Oct 15 03:29:39 +0000 2017
5512,266181,@SpotifyCares I'm having multiple issues with spotify; can you please reply to my DM?,"@266181 Hey, sorry for the delay. We've just replied to your DM. Let's carry on chatting there /DV",615422,615421,Wed Oct 04 13:12:01 +0000 2017
14943,472717,@SpotifyCares There's nothing wrong with the song if you play it from the artist but clearly there is if you play it from the playlist,"@472717 Just to make sure we get this correctly, can you tell us what's happening exactly and if it happens with any devices you play this on? /CO",1520719,1520723,Tue Oct 17 18:20:47 +0000 2017
15351,483023,@115888 When will spotify be available in pakistan? People here are wanting to use your app a lot,@483023 2: Sign up here to be first to hear: https://t.co/XDwWziPBnf. Hopefully we'll be with you soon 🙂 /NJ,1564271,1564269,Sat Nov 04 11:18:56 +0000 2017
4085,224361,id::93__credit_card__:@SpotifyCares My account was hacked/compromised. I’ve regained access and changed my password but I noticed there w,@224361 Hey there! Looks like your tweet is incomplete. Can you resend that for us? We'll be here waiting /RB,460199,460198,Fri Dec 01 00:55:02 +0000 2017
29958,150360,@SpotifyCares Basically yesterdsy he Spotify mobile app proceeded to download a couple of hundred songs via 4g despite being set to WiFi only using up a big chunk of my data I'm not happy https://t.co/39u8wbtR9j,"@150360 We understand how you feel about it. What device, operating system, and Spotify version did this happen on? Could you also check if your mobile data is disabled for Spotify on your device's settings? /AY",2729338,2729337,Mon Nov 20 14:41:19 +0000 2017
7108,303670,Life would be so much easier if got7 had an official spotify. @115888 when is got7's discography going to be on Spotify?,"@303670 Hey Jennifer! We’d love to have all of their stuff available, but we have some info about content here: https://t.co/0i8GpimuDa /JN",769235,769234,Thu Oct 12 06:57:02 +0000 2017
10821,380069,"@SpotifyCares Of course i did.  Then another came on after it, and then another one.  I only got 10 mins in before I gave up.  3 30sec ads 😅","@380069 That's strange. No worries, we'll pass this on to our dev team as something to look into. Thanks for letting us know 👍 /TB",1102162,1102161,Mon Oct 23 22:57:41 +0000 2017
17761,479529,@117168 @117153 is Spotify available on Apple Watch?,@479529 Hi Shawn. Check out the official idea and add your vote to let our devs know it's something you'd like to see: https://t.co/SEK4E4gi22 /JU,1793567,1793566,Thu Oct 12 04:56:54 +0000 2017
24333,654593,@117168 is there a capacity on the saved songs list? I have a premium subscription but I’m being told I’ve reached a capacity on songs??,"@654593 Hey Robbie! How many tracks would you say you have in Songs (roughly)? e.g. 100, 1000, 5000, or more? Let us know /DQ",2245980,2245981,Fri Nov 10 22:09:01 +0000 2017
14045,381248,"@SpotifyCares Omigosh thank you so much for your concern, but there has been no login confusion thus far. I'm one of those broke millennials you talk crap about in your commercials. Your business model is flawed, but I found a way to work within it.","@381248 We're sorry to hear you feel that way. Don't worry, we'll pass your feedback on to the right folks. If you need help with anything else, just let us know /KB",1426067,1426068,Mon Nov 27 19:38:55 +0000 2017
12429,413411,"@SpotifyCares Hi, guys. Can't get a local file to work. It's .mp3, I have both computer and phone playlist turned on to download....help!","@413411 Hey Brandon! Just to check, are you unable to play the local file on both devices? Also, what device/OS are you using? /RK",1250603,1250601,Mon Oct 16 01:33:44 +0000 2017
4640,238735,"@SpotifyCares :) thanks for the reply. I need this option daily, so sure others out there do to. Hope to see it soon haha. https://t.co/gidM1XaoyN","@238735 We understand! Don't worry, you can count on us to pass your suggestion. If you need anything else, just give us a shout 🙂 /RA",515441,515443,Sat Dec 02 01:02:32 +0000 2017
24678,661797,"@115888 suggestion box: offer option for me to hear artist, album and track names",@661797 Hey. This sounds like a great idea! Suggest it in our Community at https://t.co/rtDvYZOF32 and get support from other users /JP,2275360,2275359,Thu Nov 02 17:36:53 +0000 2017
32407,808325,@SpotifyCares Thanks g,@808325 You're welcome! Just let us know if we can help with anything else. https://t.co/m4HWSbgHVZ /CO,2920635,2920636,Wed Nov 29 16:53:50 +0000 2017
29787,760807,@SpotifyCares Respond your DMs! If you don’t respond to me I’ll change for @115948.,@760807 Hey Jeremiah! We've just sent a DM your way. Let's carry on chatting there /MG,2709284,2709283,Sun Nov 19 23:50:59 +0000 2017
10492,373800,so @115888 no longer accept NUS cards for student discount - this sucks :(,"@373800 Hey there, thanks for reaching out! We’d recommend using UNiDAYS through https://t.co/ZCWeItTUhj, as NUS isn’t available right now /GK",1075684,1075683,Mon Oct 23 11:32:07 +0000 2017
9300,348337,"@SpotifyCares Actually, figured it out! Thank you for the reply","@348337 Awesome! If you need help with anything else, just give us a shout. Otherwise, have a... https://t.co/FQulrDtFky 😍 /GU",962271,962270,Wed Oct 11 14:46:07 +0000 2017
26431,689693,@SpotifyCares That worked! Thanks for your patience,@689693 https://t.co/qAh6tkevrD! You know where to find us if there's anything else /PL,2395928,2395929,Tue Nov 14 13:09:14 +0000 2017
12759,417819,"@117153 Hi I've paid 3 months premium but still free account cab you check on this. Thanks. Here's the ref number LKRVEV91, I've paid again but still free here's the 2nd reference number MUL7GG36",@417819 Hey Jefferson! We've sent a reply to your DM. Let's carry on chatting there /LP,1272283,1272282,Sat Nov 25 12:39:09 +0000 2017
25199,543882,@SpotifyCares United States,@543882 Got it! Sometimes content gets temporarily removed because of licensing changes. Hopefully we'll have these tracks available again soon /KB,2295637,2295638,Mon Nov 13 04:31:22 +0000 2017
5763,116375,"So, @115888 @3493 @SpotifyCares, why did you even send me this email? You have my billing address on file. Are you trying to get me to move, or just make me angry? https://t.co/bR7xgtHFcp","@116375 Hi there. We're sorry you feel that way. We appreciate your feedback on this, and we'll be sure to pass this on to the right folks. Let us know if we can help with anything else /LM",637662,637661,Wed Nov 22 16:44:56 +0000 2017
25195,645671,"So, @115888 , which one of those 12 boys that named Onew? 😒😒😒😒 https://t.co/hLvyvLhZil",@645671 Hey! Thanks for letting us know. We'll get this reported. Great detective work 🙂 https://t.co/LpsmyUtme0 /KB,2295549,2295548,Sun Nov 12 00:13:24 +0000 2017
25231,667063,Why isn’t So High by @90534 on @115888 🤔🤔,@667063 Hey there. We’ll have it available to you as soon as it’s available to us! https://t.co/0i8GpimuDa /TC,2297925,2297923,Sun Oct 29 04:40:46 +0000 2017
8293,326012,"@115888 I noticed I can't search for ""mono/poly"" (@38367) in the web player unless I escape the forward slash, ""mono\/poly"".",@326012 Hey Michael! What OS and browser are you rocking the web player with? We'll do our best to help you out /BH,867589,867587,Fri Oct 20 16:38:34 +0000 2017
2232,177063,@SpotifyCares I’ve been overcharged for my premium subscription,"@177063 Hey Lewis! We just sent you a reply to your DM, so we'll continue assisting you there /TF",256773,256772,Thu Oct 05 18:58:05 +0000 2017
4166,226306,Since I got #ios11 my @115888 often pauses itself when I listen in my car via Bluetooth. What to do?,"@226306 Hey Jennifer! Don't worry, we're here to help. Can you let us know the iPhone model you're using along with its Spotify version? Keep us posted /MT",467616,467614,Fri Dec 01 04:16:03 +0000 2017
7791,318427,"@SpotifyCares Hi guys, this issue has come back :/ any ideas?","@318427 Hello again! Can you double check that your SD card is mounted correctly, and that it's not formatted as internal memory? Keep us posted /WW",833221,833223,Mon Oct 16 16:21:11 +0000 2017
16861,522494,@spotifycares @5795 pleaseeee update the app for the iPhone X,"@522494 Hi Josh! We don't have any info on this right now, but your feedback has been noted. We'll pass it on to the right team /RE",1727800,1727799,Tue Nov 07 06:14:24 +0000 2017
20146,575802,Okay but when are we getting @115888 in our country? It's honestly just rude at this point,"@575802 Hey there! Just to check, which country are you currently located? /RC",1935420,1935419,Sun Oct 29 07:35:48 +0000 2017
8140,323987,"@SpotifyCares Hi, I'm unable to Create Similar Playlist. The playlists are my own, and the option is NOT greyed out, but when I click it (Mac) nothing happens at all. Running version 1.0.65.320.gac7a8e02. It has worked before, any ideas? Thanks.","@323987 Hey! Help's here. Can you let us know the device's exact OS? Also, are you getting any error messages? We'll see what we can suggest /KM",859112,859111,Fri Oct 13 11:22:55 +0000 2017
458,128724,@SpotifyCares Thanks!,@128724 You're welcome! Stay awesome /KL,56065,56064,Wed Nov 01 19:12:13 +0000 2017
6747,293811,@115888 Have you tried moving album covers? I wish there was more art.,@293811 Hey there! Can you tell us more about what you're looking for? Aren't you seeing any album art on your app? /RH,725624,725623,Wed Oct 11 04:39:24 +0000 2017
21480,600564,"Hey @SpotifyCares if my Spotify was made with facebook, can other people find my facebook through my Spotify? Can I change my display name?",@600564 Hi there! We have some useful info here: https://t.co/fI2NF40484. You can also check this out: https://t.co/d4d2bNBxus. Hope this helps /NY,2030999,2030998,Tue Nov 07 10:00:12 +0000 2017
18554,551493,"@SpotifyCares Yes, always do. Been on Spotify for years. Know that you have to listen to full ad.",@551493 That's strange. We'll get this passed on to our devs so they can look into it. Give us a shout if you need anything else /RB,1840170,1840171,Tue Oct 17 22:23:10 +0000 2017
10981,383621,"@SpotifyCares How do I remove someone from a family subscription? On the site I can’t see the user details, just a list.","@383621 Hey! For more info on how to manage your Premium for Family account, click here: https://t.co/KJ8ayuKPFM. Hope this helps /RB",1117250,1117248,Tue Oct 24 03:32:29 +0000 2017
26044,681293,@SpotifyCares having trouble logging in.  How do I delete my account and start over?,"@681293 Hey, help's here! You can reset your password at https://t.co/dYhFq1waZW. Let us know if you need anything 🙂 /JQ",2358991,2358990,Mon Nov 13 19:00:15 +0000 2017
31224,466132,@151631 my spotify is missing buttons on the bottom bar do yall know how to get them it was 5 buttons on the bottom bar not 3 https://t.co/rnhnhswP4P,@466132 Hey! We've just replied to your DM. Check it out /JP,2851483,2851481,Mon Nov 27 19:06:56 +0000 2017
24280,471201,update ya app for the X you bozos @115888,"@471201 Hi! We don't have any info on this right now, but we'll let the right team know it's something you'd like to see /RB",2245977,2245976,Fri Nov 10 22:51:51 +0000 2017
97,118118,"@SpotifyCares Done , thanks! ;) #launchInIndiaSoon 🤣😂🤣","@118118 You're welcome. If you have any other questions, just give us a shout. Take care! /KC",11174,11173,Wed Nov 01 00:53:54 +0000 2017
20827,126822,"My ""Discover"" playlist on Spotify today is just loads of covers of Harvest Moon by Neil Young.","@126822 1: Hey Benjamin! Discover Weekly is based on what you, and others like you, are listening to. Hopefully it’s more in tune with...",48577,48579,Wed Nov 01 16:37:45 +0000 2017
11579,397484,@SpotifyCares No I've tried that as well as resetting the cache and uninstalling on both devices,"@397484 Are you getting any specific error messages? If so, can you send us a screenshot of it? That'll be really helpful /AG",1179891,1179890,Tue Oct 24 21:16:54 +0000 2017
18283,548044,@SpotifyCares This was on both android and pc,@548044 Hey! Everything looks good on your account from our end. Can you share more info about what's happening? We'll be waiting for your reply /MG,1825768,1825766,Tue Oct 17 03:58:46 +0000 2017
30316,772948,"Hey @SpotifyCares how you do get your ""Discover Weekly"" playlist cover to change (I know it pulls mine from Facebook).","@772948 Hi there! If your account is connected to Facebook, we use your profile picture as the cover image. It can take a few weeks for your Discover Weekly artwork to update after updating your FB profile pic. Sorry for the delay! More info: https://t.co/4BWO4iuLsF /NQ",2763000,2762997,Sun Nov 26 18:23:18 +0000 2017
12620,416371,@SpotifyCares I got Spotify family and whenever I try to add a account and redeem it says it's not valid. What do I do?,@416371 Hi! We've sent a reply via DM. We'll carry on helping out there /AY,1265640,1265639,Mon Oct 16 03:59:24 +0000 2017
21344,597736,i would love that @115888 hire me,@597736 Hey! You can check out job opportunities here: https://t.co/c1Z94oBFOl. Drop us a tweet if you need a hand with anything else 🙂 /MG,2021155,2021154,Sun Nov 05 23:55:37 +0000 2017
15274,480817,"@SpotifyCares Awesome, thanks!",@480817 No worries. Just let us know if we can help with anything else. https://t.co/m4HWSbgHVZ /NQ,1554534,1554535,Mon Nov 27 04:24:26 +0000 2017
726,135881,"@SpotifyCares OK, I did all those steps, fingers crossed and Thanks!",@135881 No worries! You know where to find us if you'll ever need our help again. We'll be right here for you 💚 /GN,91669,91671,Thu Nov 30 15:24:21 +0000 2017
13812,444595,"@SpotifyCares Well it’s a work computer so I don’t have a lot of permissions, but heard from a friend I was not the only one.",@444595 Got it. Can you let us know what web browser you're using? We'll be right here waiting /KL,1395872,1395870,Mon Oct 16 16:14:41 +0000 2017
32692,476853,@125633 @20255 Hi. Thank you so much for the follow and I definitely found it useful. LinkedIn is an often overlooked resource for musicians and the article has definitely helped me spawn lots of new ideas.,"@476853 Hey again, we're glad to hear that! We'll be here if you ever need us 🙂 /SP",2939729,2939727,Wed Nov 29 12:37:39 +0000 2017
27305,709667,"@115888 Would be really cool to have a timer feature. Could fall asleep to music without it screwing up my last.fm, or use it as an alarm.","@709667 Hey, a sleep timer is a great idea! Help make it happen by adding support here: https://t.co/pMmX7wXq24 /NQ",2484137,2484136,Sun Oct 29 23:05:47 +0000 2017
15489,299818,Thank you @SpotifyCares for helping me retrieve my Spotify account. About to binge my old playlists &lt;3,"@299818 Awesome, thanks for letting us know! If you need anything else, you know where to find us 🙂 /D",1582866,1582865,Mon Oct 16 19:33:19 +0000 2017
3900,218687,@SpotifyCares Thank you - just sent it,@218687 Hey Sean! We've just sent a DM your way. Let's carry on chatting there /KL,436600,436601,Tue Oct 10 18:10:05 +0000 2017
20299,578060,@115888  Ummmmmm  I'm looking for a 7/11 or Walmart that sells the Spotify card I already went to 5 stores.... What's the deal?,"@578060 Hey! You can find a list of locations at https://t.co/lkSzo0fVNB, but we'd recommend reaching out to the retailers for availability /DD",1944508,1944506,Mon Oct 30 05:26:39 +0000 2017
28616,245794,@29860 babe! So do you know if #reputation is coming out on Spotify anytime soon?? I pay $5.00 a month for it so i really don’t wanna have to buy it on iTunes! @115888,"@245794 Hey Emily! Taylor Swift's 'Reputation' isn't available to stream just yet – stay tuned! For now, check out the singles: https://t.co/3h0TnPWP0c /AN",2597272,2597271,Fri Nov 17 04:02:46 +0000 2017
6443,286871,@115888 I'm kinda angry that I'm not able to listen to Distant Relatives by Nas and Damian Marley. It's not available on Spotify. 😒😒,"@286871 We hear you! Fingers crossed we'll be able to have it soon, but there's info about Spotify content here: https://t.co/0i8GpimuDa /CX",699513,699512,Thu Nov 23 15:21:18 +0000 2017
7421,310669,just stopped listening to music altogether because @115888's horror movie ads scare,"@310669 Sorry, we didn't mean to scare you! We'll pass your feedback on to our Ads team /KM",800189,800188,Sun Oct 08 07:06:27 +0000 2017
17406,533550,@115888 needs to fix their damn shuffle feature. I've heard 5 Post Malone songs in a row on a playlist with 12+ other artists. TF?,@533550 Hey there! We’ve recently made some improvements to our shuffle algorithm. We’d love to hear your feedback here: https://t.co/T3vZnSL3od /RH,1775559,1775558,Tue Oct 10 22:00:22 +0000 2017
5533,266563,@SpotifyCares I’m playing it from an iPhone 7. I have premium. I just did the update today,"@266563 Thanks. Could you try restarting your device, then log out and back in? Does that help? /AU",617739,617738,Tue Oct 31 21:05:21 +0000 2017
23413,442387,@SpotifyCares Not at the moment! Just saying hello 😊,"@442387 Got it! Well, if you ever need any assistance, be sure to give us a shout 😍 /KP",2183019,2183021,Thu Nov 09 18:41:05 +0000 2017
19000,556087,@SpotifyCares This has not helped. https://t.co/qS2b9slMvi,@556087 Deep breaths! Best thing to try here is a reinstall. Just follow the steps at https://t.co/EqisDMwZAT. Let us know how you get on /MQ,1860139,1860140,Fri Oct 20 14:14:44 +0000 2017
21369,598221,@SpotifyCares hey it's happening again @146177 has more listeners but @118062 is ranked ahead of him inspite of having less amount of listeners. Is there a problem at my end or is this what everyone is seeing??? #Spotify #WalkOnWater #Reputation https://t.co/S7o8GrRXXQ,@598221 @115888 Hey! Thanks for letting us know. Our best tech folks are on the case as we speak. Hopefully we'll have it corrected soon /RC,2022691,2022690,Sun Nov 26 10:23:14 +0000 2017
13790,443556,"@116130 as much as I love you suggesting concerts near me, 450 miles is probably a bit of a stretch","@443556 We hear you 🎧 Rest assured, your feedback will be passed on to the right folks /DR",1391116,1391114,Sat Oct 28 09:22:15 +0000 2017
18452,550355,@SpotifyCares hereๆๆๆๆ https://t.co/uGibEIJi2L,"@550355 We're very sorry, but we can only reply in English. We'd suggest reaching out to our Email team at  https://t.co/ZgU70TbP8M /SJ",1835028,1835027,Wed Oct 18 14:47:36 +0000 2017
9407,349608,"@SpotifyCares Hi, my premium account has been stolen by a man in Russia, how do I resolve this, I don't want my eurodance playlist destroyed",@349608 Hey! We’re sorry to hear that. Check out https://t.co/QHn3ok8y2n for what to do next /NQ,967379,967378,Sat Oct 21 22:05:31 +0000 2017
18818,554572,@SpotifyCares iPhone 6S • iOS 11.0.3 • Spotify version 8.4.22,"@554572 Thanks. Are you getting an error message? If so, a screenshot would come in handy /RH",1853298,1853297,Thu Oct 19 02:01:50 +0000 2017
13731,441825,"@115888 when people listen to an album, they want to listen to that album, not ""suggested songs."" It's annoying and counterintuitive.","@441825 Hi there! To reduce the number of Suggested Tracks you get, try adding those tracks in a playlist and add more artists into it /MU",1382812,1382811,Sat Oct 28 06:55:10 +0000 2017
20222,577287,@115888 @SpotifyCares https://t.co/UHlORCheIr  [people have been asking for an explicit filter button for 5 YEARS!!!!!! PLEASE ADD A FILTER,@577287 We can see how that’d be handy. Thanks for taking the time to reach out – your feedback's been noted 📝 /DF,1941181,1941180,Sun Oct 29 14:27:53 +0000 2017
9648,355584,@SpotifyCares HTC U11. I presume it's the latest Android version,@355584 Thanks. Can you try restarting your device? Did that make any difference? Keep us posted /NY,994567,994564,Sat Oct 14 06:13:32 +0000 2017
22034,609746,"hey @115888 your New Music Friday playlist this fri is weakk, I think I almost fell asleep at the wheel. i don't pay premium for nothin!","@609746 1: Hi! Sorry to hear that you feel that way. Our Curation team are independent &amp; use taste, data, research, and trends to create playlists.",2061746,2061747,Fri Oct 06 10:52:41 +0000 2017
11853,403294,@115888 I dislike the new update. Every since I updated it I can no longer hold my finger on a song and get a sample of it and I dislike it,@403294 Hey! We have more info about this here: https://t.co/pXBCq8GlsI. Give us a shout if you have any questions /JL,1206340,1206339,Sun Oct 15 15:47:42 +0000 2017
29187,744331,@115888 release the damn album,"@744331 Hey! We’d love to have all of their music available and hopefully we'll have their new album soon. In the meantime, we have some info about Spotify content here: https://t.co/0i8GpimuDa /VV",2637158,2637157,Fri Nov 17 19:02:34 +0000 2017
12415,413073,@SpotifyCares Album was in my groove library move over to Spotify,@413073 We’d love to have all of the tracks in the album available. We have some more information on this here: https://t.co/Peyq1ETDeT /JU,1249133,1249136,Thu Oct 26 02:49:53 +0000 2017
11249,390913,"@SpotifyCares I play a song on repeat, and sometimes play a different song on repeat.switching between playlists causes repeat to toggle off","@390913 Hey Abe, help's here! Just to check, does it completely toggle off Repeat or is it put on Repeat All? /JP",1151241,1151240,Tue Oct 24 13:08:13 +0000 2017
5228,255194,@115888 hey guys could you get #Hellveto split with galeón?,"@255194 Hey! Fingers crossed we'll be able to have it soon, but there's info about Spotify content here: https://t.co/1dgftcFtzc /TC",574720,574719,Sun Dec 03 06:21:49 +0000 2017
9737,358346,"@SpotifyCares I did all of the above. The only songs available offline are ones that are ALSO downloaded in playlists, but it didn't used to be this way","@358346 We understand. Right now, you can only download tunes that are on your playlists or albums. Don't worry, we'll pass on the suggestion /PB",1007216,1007218,Sun Oct 22 19:56:12 +0000 2017
22966,629769,@115888 where is Likey by Twice,@629769 Hi there! We’ll have it available to you as soon as it’s available to us. https://t.co/0i8GpimuDa /PK,2141723,2141722,Wed Nov 08 21:58:17 +0000 2017
626,133320,@SpotifyCares Okay but why isn’t it possible yet? I supported it with my vote already. The request by Liam on the community page was written in 2013,"@133320 We don't have any info to share right now, but rest assured your feedback's been noted. Hopefully we'll have it available soon. Stay tuned /AC",77711,77713,Thu Nov 30 12:30:40 +0000 2017
12703,417301,@115888 why is Spotify so slow on my phone,@417301 Hey! Can you let us know which device and operating system you're using? We'll see what we can suggest /NQ,1269771,1269770,Mon Oct 16 05:50:21 +0000 2017
12442,413441,@115888  Why has eight9fly- Ride for you been taken off Spotify?,@413441 Hey Joshua! Changes in licensing can affect music availability. We have more info here: https://t.co/VMrgnGpB4G /AN,1250735,1250734,Thu Oct 26 03:54:10 +0000 2017
4306,230511,@SpotifyCares It's something that has been happening for over a month now. Thankfully my old laptop just about works but I wanted to get rid of that,"@230511 We understand. Just to check, do you have any other devices (aside from your Chromebook and old laptop) where you can install the Spotify app on? /JE",485524,485525,Fri Dec 01 15:36:48 +0000 2017
7923,320401,@SpotifyCares I’ve tried that even uninstalled the app and reinstalled. But thankfully the app is working 100% now so im happy!!!,"@320401 Just to check, are you able to play the songs from those 3 artists now? We'll keep an eye out for your reply /MU",842562,842564,Sat Oct 21 06:52:25 +0000 2017
33030,292847,"@SpotifyCares I'm having trouble connecting to spotify on my PS4, it works on my phone, computer, and google home though...","@292847 Hey, that doesn't sound good! Can you try restarting your console? Let us know how it goes. /RA",2972079,2972077,Thu Nov 30 01:11:15 +0000 2017
3526,209120,still! waiting! for! the! lyrics! tab! to! make! a! comeback! @115888,"@209120 Hey Maddy, we hear you! Any updates will be posted at https://t.co/osebD49Qxe. We'd recommend voting to support the idea, too /SY",393180,393179,Mon Oct 09 16:15:58 +0000 2017
19958,325334,@SpotifyCares !!!???? https://t.co/3bNUMudaPc,@325334 1: Hey! Thanks for the info. The ranking of an artist's Spotify profile updates automatically. We don't have a specific time frame...,1336478,1336479,Fri Oct 27 11:38:15 +0000 2017
3579,210457,@spotifycares @115888 stopped appearing on my lock screen so I have to manually go into the app on my phone to change songs is there a fix?,"@210457 Hey Mike! Don’t worry, we can help. Can you let us know what device/OS you’re using? We'll be right here /RV",399542,399540,Mon Oct 09 18:23:33 +0000 2017
5804,271799,"@115888 Tässä oli pilkkuvirhe ainakin minulla. Olisin saanut 3 kk hintaan 9,9 €.","@271799 Hey there! Unfortunately, we don't offer support in the Finnish right now. We'd be happy to help in English here /JI",639940,639939,Wed Nov 22 18:11:46 +0000 2017
30648,662174,@SpotifyCares Thank you,"@662174 No worries. For anything else, just give us a shout. Have a great day 😁 /LP",2792144,2792148,Tue Nov 21 20:54:59 +0000 2017
18221,547138,@117168 This is disgraceful.. https://t.co/hZvIzDGDG0,@547138 Hey! There's currently a 10k limit in Your Library (Songs + Albums + Artists). More info here: https://t.co/59ABtm5Ftl /RA,1822587,1822586,Sun Nov 26 06:43:11 +0000 2017
211,124188,@SpotifyCares Thanks! I really hope you add the option to only view new releases from artist that we follow.,@124188 You're welcome! You can also suggest it in our Community at https://t.co/rtDvYZOF32 and get support from other users /JS,37704,37705,Thu Nov 02 00:55:57 +0000 2017
21613,602814,So how do I upgrade my @115888 account to premium when it gives me no option to do so anywhere on the app 🤔 #confused,"@602814 Hi! At this time, you can upgrade to Premium through the site: https://t.co/19BtIz1ktm, but we'll pass your feedback to the right team /RE",2038723,2038722,Thu Oct 05 08:26:45 +0000 2017
26324,688103,"@SpotifyCares Hi, I'm trying to reproduce this track https://t.co/hdblWv2He3 but I'm not able to do it, am I doing something wrong? is this track not available to me for some reason?",@688103 Hey Alessandro! What country is your account set to? We'll check things out /AY,2388065,2388064,Tue Nov 14 07:48:55 +0000 2017
2541,185396,"@SpotifyCares i payed for my sister’s spotify as a one time thing, and yall keep chargin me",@185396 Hi there! We've just responded to your DM. Let's continue chatting there /WW,291456,291455,Fri Oct 06 15:16:13 +0000 2017
9419,349854,"@SpotifyCares I run into this every other day and it's maddening, especially since it used to be so easy.",@349854 We hear you loud and clear. We can’t make any promises but you can vote on the official idea here: https://t.co/W9ngDcByaX /TB,968299,968295,Sun Oct 22 00:35:48 +0000 2017
22538,622027,"Srsly @115888 @spotifycares Your Android, Desktop, Web apps == worst I've used in &gt; 10yrs. Please fix it. I'm ready to @GooglePlayMusic","@622027 Hey there! Don't worry, we're here to help. Can you send us the operating systems and Spotify versions you're using on your devices? We'll see what we can suggest /MT",2108113,2108112,Sun Nov 19 20:32:57 +0000 2017
12303,411151,@SpotifyCares why is XO TOUR Llif3 on the Power Gaming playlist twice? It upsets me more than it should.,@411151 Hi Andrew. Thanks for bringing this up. We'll get this sorted out. Great detective work! https://t.co/LpsmyUtme0 /JU,1241224,1241223,Wed Oct 25 22:15:03 +0000 2017
31104,789150,"@SpotifyCares Hi, I'm having an issue with local files. I imported several mp3 files to a playlist on the Spotify library on my MacBook, and they showed up fine on my phone so I was happy. Then I signed into my OTHER computer and they weren't there. How do I fix this?","@789150 Hi Kendrick, help's here! Can you try to see if following the steps at https://t.co/SgMwFS1ONz makes a difference? /DV",2835037,2835036,Mon Nov 27 02:30:32 +0000 2017
21417,599468,@117153 yeah having some issues still saying I can't connect and am offline even tho my internet is fine.,"@599468 Hey Matt! Could you let us know your device's make/model, operating system, and Spotify version? We'll see what we can suggest /GU",2027191,2027189,Mon Nov 06 17:55:17 +0000 2017
25742,672944,Spotify @118266 Wanna One nothing without you album. Pls,"@672944 Hey Tinna! We’d love to have all of Wanna One's stuff available, but we have some info about content here: https://t.co/0i8GpimuDa /LS",2322385,2322384,Mon Nov 13 12:51:15 +0000 2017
28319,730070,@115888 its 3 thirty second ads in a row i can handle if it was one thirty second ad but,"@730070 Sorry to hear that. Don't worry, we'll pass on your feedback. Check out https://t.co/zgnxs5kPEu if you haven't had Premium before /DR",2574464,2574463,Sat Nov 04 09:20:22 +0000 2017
1035,144481,@SpotifyCares Of course! Thanks for being so attentive!,@144481 https://t.co/qAh6tkevrD! You know where to find us if there's anything else. Take care 🙂 /AK,126888,126887,Fri Nov 24 03:36:54 +0000 2017
1340,153459,why is reputation still not on spotify it's been two weeks,"@153459 Hey there! We’ll have it available to you as soon as it’s available to us. For now, check out the singles: https://t.co/3h0TnPWP0c /LP",162244,162243,Fri Nov 24 15:39:37 +0000 2017
32096,806958,@117168 server down in LA? #what the fuck,@806958 Hey! Thanks for letting us know. Everything’s looking good on our end now - are you still having this issue? /GN,2915232,2915230,Tue Nov 28 20:48:24 +0000 2017
13366,433386,When can I listen to 4:44 @115888,@433386 Hey there! Jay Z's 4:44 isn't currently available on Spotify. We’ll have it available to you as soon as it’s available to us 🙂 /MA,1343677,1343676,Mon Oct 16 11:37:57 +0000 2017
15431,485243,@SpotifyCares yo are you gonna make Spotify available in kuwait anytime soon?,"@485243 Hi! Don't worry, we're launching in new countries as often as possible. Be sure to add your email at https://t.co/X8DVSXrr8k /DR",1574542,1574541,Sat Nov 04 12:09:57 +0000 2017
2869,192957,Why is Zhang Yixing's new album not available in @115888 ?! https://t.co/pbA8NKwO2v,"@192957 Hey there! We’d love to have all of his stuff available, but we have some info about content here: https://t.co/0i8GpimuDa /BM",323073,323072,Sat Oct 07 11:34:45 +0000 2017
32941,817692,"@SpotifyCares So when i try to reset my password i get ""The CSRF token is invalid. Please try to resubmit the form."" when entering both my email and username. Help?","@817692 Hey there, help's here! Could you fire over a DM with your username and screenshot of the issue? We'll check things out backstage /ZO https://t.co/ldFdZRiNAt",2963376,2963375,Wed Nov 29 20:49:22 +0000 2017
5196,254721,Why is @254722 cut out of hootie and the blowfish's profile pic @115888? https://t.co/r26tB51kMR,@254721 Thanks for the feedback – we appreciate it! We’ll get this passed onto the right team 💚 /JS,573218,573217,Sun Dec 03 03:06:51 +0000 2017
24710,661828,"Hey @115888, I find it weird that you’re describing Beethoven’s music as “new” considering he’s been dead for 190 years https://t.co/zApHCoV3Y9",@661828 Hey! Thanks for the feedback – we appreciate it! We’ll get this passed onto the right team 💚 /RB,2275459,2275458,Sat Nov 11 04:30:43 +0000 2017
12508,170260,@SpotifyCares urgh Spotify and iPhone stop working together again :(,@170260 Hi! We've just sent you a bit more info over DM. We'll carry on helping out there /DR,1257835,1257833,Thu Oct 26 07:52:09 +0000 2017
5684,269794,how to avail this promo? @115888 https://t.co/Sp7fmgGpi9,"@269794 Hey Gian! The Intro Offer of ₱9 for 3 months is for those who haven't had Premium before. If you haven't been on a subscription in the past, head over to https://t.co/k4M4Rau9Gq to take this offer 😉 /SY",632009,632008,Wed Nov 22 12:03:31 +0000 2017
14222,456526,@SpotifyCares I have done them all. And still nothing works.,@456526 Hmm. Can you let us know what country you're currently located at? /DR,1450223,1450224,Sat Nov 04 08:13:32 +0000 2017
32296,807989,Fix the app in the next 5 minutes or I’ll switch to Apple Music @SpotifyCares,"@807989 Hey, sorry to hear that! We had a little hiccup earlier, but everything should be running just fine now /JS",2919255,2919254,Tue Nov 28 21:25:35 +0000 2017
26477,691177,@SpotifyCares no will try and do so. thanks,@691177 You're welcome! Just give us a shout if we can help with anything else. We're... https://t.co/zOXI69QSqg /CP,2402475,2402476,Wed Nov 15 21:38:50 +0000 2017
18522,551034,@SpotifyCares can you help me please- I'm trying to upgrade to premium. I forgot my password and the wrong email is on file. Please help!,"@551034 Hi there! We'll help out, don't worry. Can you send us the username or email address on your account via DM? We'll take a look backstage /GN https://t.co/ldFdZRiNAt",1838350,1838349,Wed Oct 18 17:48:26 +0000 2017
30686,779536,@SpotifyCares Mine's actually working fine now! They are very speedy tech folks! Thank you! :D,@779536 Awesome! Let us know if you ever need us again. We'd be... https://t.co/LgAM6ky9Vv /MC,2793314,2793313,Tue Nov 21 21:00:30 +0000 2017
26704,696712,@696713 @SpotifyCares Nope. Still having same issue even after the UI update for iPhone X. Frustrating.,@696712 We understand. The right folks are doing their best to provide the optimized version of the app. Stay tuned! /PL,2426249,2426252,Sun Nov 26 23:59:29 +0000 2017
25966,678766,"@SpotifyCares seeing this a lot lately...everything up to date, Verizon galaxy s7. Anyone else getting this? https://t.co/WeLQ0NjJwM",@678766 Hey there! Does it seem to hang there for a while? Does logging out &gt; restarting the device &gt; logging back in help? Keep us posted /TB,2347884,2347882,Mon Nov 13 15:23:08 +0000 2017
23538,641348,"@115888 @116130 Please stop adding Kelly Clarkson ""Because of You"" to ""Romantic Ballad"" or ""Timeless Love Songs"" playlists. The song is about the emotional distress of her father leaving, not a love song!!!!! #SortItOut","@641348 Hi Jessica! Thanks for reaching out. Rest assured, your feedback will be passed on to the right folks /JI",2190963,2190962,Thu Nov 09 17:07:25 +0000 2017
19138,557995,@147836 Most of my favorite music are not offered through other providers. Specially the international database Spotify has is unmatchable. Thx,@557995 Hey there! We're launching in new countries as often as possible. Be sure to add your email at https://t.co/X8DVSX9QgM to be notified /AB,1867932,1867930,Fri Oct 20 22:10:15 +0000 2017
8839,335931,@SpotifyCares Is the price always $4.99 a month or will the price change over time ??,"@335931 Yep! As long as you're a student, you can renew the discount every 12 months to keep the same price. Otherwise, it'll go up to $9.99 /BH",909088,909090,Sat Oct 21 23:33:54 +0000 2017
9893,362304,"@115888 Why don't you have a UWP app yet?  As a Premium member, I think it's the least you can do.",@362304 Hey! You can show your support for this idea by voting for it here: https://t.co/TGZFKt4dIg /NQ,1023907,1023906,Sun Oct 22 17:22:35 +0000 2017
4990,251274,@SpotifyCares Here https://t.co/MBrUDQ9nDu,@251274 Thanks. We'll get this reported. Great detective work! https://t.co/LpsmyUtme0 /YM,561002,561004,Sat Dec 02 22:35:41 +0000 2017
28087,725074,pls bring back the lyrics on Spotify desktop 😭😭😭😭😭 @115888,"@725074 Hi Rica. We hear you! Any updates will be posted at https://t.co/osebD49Qxe. We'd recommend voting to support the idea, too /DV",2552702,2552701,Thu Nov 16 14:05:39 +0000 2017
31834,805597,is spotify acting a fool for anyone else rn? artist pages and albums aren't loading 😩 @SpotifyCares https://t.co/I3w55TeyNS,@805597 @111579 Hey. Our best tech folks are on the case as we speak. Hopefully we'll have a fix soon! /K,2909858,2909853,Tue Nov 28 20:54:04 +0000 2017
3114,199071,"@SpotifyCares Shame, will switch to Tidal for the Hi Fi element then, it's pretty noticeable on my new player your  service has been great otherwise!",@199071 Sorry to hear you feel that way. You can show your support for the idea by voting for it here: https://t.co/jA0OzJ0OO3 /PL,349006,349008,Sun Oct 08 08:08:29 +0000 2017
267,124927,"@SpotifyCares I am one happy camper! Thanks for your help, you guys are awesome! 👍🏻👍🏻👍🏻","@124927 No worries, glad we could help! If you ever need us again, just... https://t.co/l50MJtSzE7 /MQ",40665,40664,Wed Nov 01 14:57:27 +0000 2017
24016,648402,@116380 Could you please do something regards #spotiamb? It's a shame your company cannot address this,@648402 Hey! We've just sent you a bit more info over DM. We'll carry on helping out there /NY,2219777,2219776,Sun Nov 26 04:28:00 +0000 2017
22676,624391,Thanks @115888 for scaring the shit out of me by suggesting a horror movie soundtrack while I was sleeping and i woke up having a heart attack,"@624391 Hey! We're very sorry, we didn't mean to scare you. We'll pass your feedback on to our Ads team /SJ",2118690,2118689,Wed Nov 08 14:13:38 +0000 2017
15605,489785,@115888 y’all need to get Lemonade ASAP.. I need to get my fix,"@489785 Hey! We're working on it, and we hope to have it available soon. There's more info here: https://t.co/WI0fi3V8Cu /JN",1593660,1593659,Tue Oct 17 08:08:58 +0000 2017
9615,353995,@SpotifyCares Latest update of Spotify and on pixel xl,"@353995 Thanks! We're looking into this issue at the moment. Hopefully we'll come up with a fix soon. For anything else for now, let us know /AR",987513,987515,Wed Oct 11 22:54:34 +0000 2017
21498,600845,"@SpotifyCares Still no support for iPhone X, right? What a shame for a paid service!","@600845 2: suggest enabling automatic downloads to get the latest update once it's released: https://t.co/vHqjftXuQ0. Any questions, let us know /MC",2031936,2031937,Tue Nov 07 13:00:11 +0000 2017
8841,336137,"@SpotifyCares never mind, it's 'sound' in general, videos on youtube are doing it too, so it's not you. ;)","@336137 Awesome! If you ever need us again, just let us know. We're always here to help /CB",909949,909948,Tue Oct 10 15:30:57 +0000 2017
25060,665462,@SpotifyCares Nope just crashes goes back to home screen,@665462 Hmm. Does logging out and restarting your device help? Let us know how it goes /RC,2291111,2291112,Sun Nov 12 12:58:51 +0000 2017
15840,496723,@117153 hello i need help to change my account to Premium !! How. Can i do that ?,"@496723 Hey Fernando, help's here! To start rocking Premium head here: https://t.co/tdpcrGeDrY. Stay awesome 😁 /TY",1620817,1620816,Sun Nov 05 14:27:53 +0000 2017
12977,421974,@SpotifyCares I hope so ❤,"@421974 Yup! If you have other questions, you know where to reach us /RA",1291284,1291286,Thu Oct 26 23:54:28 +0000 2017
17848,540199,"@SpotifyCares Hey, so I can't log in to Spotify with my facebook. Please help me(i'm kind of annoyed)I just wanted to listen to Post Malone",@540199 Hey! What's happening exactly? Are you getting any specific error messages when you try logging in? We'll do our best to help out /NJ,1797815,1797813,Fri Oct 13 21:09:55 +0000 2017
12370,411962,.@5795 why https://t.co/cGEKIe2ghU,@411962 Hey Chris! Can you give us more info about your concern? We'll see what we can do /NS,1244501,1244500,Wed Oct 25 23:43:47 +0000 2017
656,131856,"Why the heck does my @115888 now play me 20 seconds of a song I choose and then randomly put me on a random, shitty playlist? https://t.co/gOQ9r7fLfQ","@131856 Thanks for letting us know. Does this happen on WiFi, 3/4G, or both? Also, are you experiencing the same when using another device? /KM",70696,70697,Thu Nov 23 15:10:15 +0000 2017
4773,245354,"@SpotifyCares when I open my Spotify, the app appears to glitch and then closes itself, and does the same every time I open it. I deleted it and re-downloaded, which appeared to fix the issue, but it started glitching again. Help please 🙏🏻","@245354 Hey, help's here! Can you let us know the device, operating system, and Spotify version you're running? Also, are you getting any error messages? We'll see what we can suggest /KM",540349,540348,Sat Dec 02 05:27:55 +0000 2017
6165,279458,"Yo! @115888 where did my netnobody tracks go? Why can't I listen to them and why was it deleted from my playlist? That's bot cool, I listen to those songs daily, and you just wanna ruin my day?",@279458 Hey there! Sometimes content gets temporarily removed because of licensing changes. Hopefully we'll have it available again soon /NQ,668714,668712,Thu Nov 23 02:44:56 +0000 2017
25451,669925,I wish @115888 had an app for  Watch so you can stream your music. Don’t even have to store the music locally on the Watch,@669925 Hey Greg! Check out the official idea and add your vote to let our devs know it's something you'd like to see: https://t.co/SEK4E4gi22 /CH,2309842,2309841,Mon Nov 13 02:32:08 +0000 2017
31202,792501,@SpotifyCares I have a personality playlist which is now a radio feed on the app? What happened? I always logged music that is me to my list but now I cannot.,@792501 Hey Antony! Can you let us know what's happening exactly? A screenshot of what you're seeing would come in handy /RH,2850054,2850053,Thu Nov 30 23:43:39 +0000 2017
28202,727608,I haven't had a Twitter in years and I made this one specifically to get your attention @7997 @SpotifyCares @115888 PLEASE CONSIDER ME FOR YOUR HR TRAINEE PROGRAM!!! I will tweet at you every day if I have to!! I want this opportunity SO badly! What do I have to do?! https://t.co/oeO1JQbk6J,"@727608 Hi Ellyn. For more information, we'd recommend checking out: https://t.co/81lRGEkMyg. Good luck! /WW",2564276,2564275,Thu Nov 16 17:44:47 +0000 2017
6393,285645,@SpotifyCares I got it to work. Started on my fone and hen moved to the work pc and it seemed to work fine! Thanks for getting back to me so fast!!,"@285645 Awesome, that's what we like to hear! If you ever need us again, feel free to send a tweet our way. https://t.co/uQiQuWow27 😁 /JE",694631,694633,Thu Nov 23 15:41:21 +0000 2017
18549,551456,@SpotifyCares Spotify user directly.,"@551456 Got it, thanks for the clarification! You can suggest the idea in our Community at https://t.co/rtDvYZOF32 and get support from others /TB",1840062,1840065,Fri Oct 20 20:57:25 +0000 2017
10334,371043,@SpotifyCares I've removed the old version and reinstalled the Spotify Windows app but it still won't actually play any songs :-/,"@371043 Thanks for the info. Just to check, does logging out of Spotify, restarting your device, and logging back in help at all? Keep us posted /NY",1063177,1063178,Fri Oct 13 10:46:26 +0000 2017
28953,318739,"Disaat yang lain udah kebagian ""Perfect Velvet""... pengguna @118266 selalu dapat belakangan","@318739 Hey! We can help out in English via Twitter, but we also have Indonesian support via email at https://t.co/ZgU70TbP8M. Can you let us know what's going on? /NY",2618584,2618583,Fri Nov 17 13:54:45 +0000 2017
22899,628504,forever bitter about @115888 taking away the messaging feature. years and years of sharing songs /convos with friends gone. with no warning.,"@628504 Hey Allison, sorry to hear you feel that way. We have some info about this here: https://t.co/xW1fRS96NG. For any questions, let us know /JE",2136531,2136530,Wed Nov 08 20:45:20 +0000 2017
3661,212633,"@SpotifyCares when is Nídia's new album ""Nídia É Má, Nídia É Fudida"" going to be available on spotify?","@212633 Hi there, can you let us know where you're currently located? We'll take a look /ME",409458,409456,Mon Oct 09 22:56:36 +0000 2017
17172,234707,@spotifycares audio doesn’t resume properly after I receive a phone call. Track says its playing but zero audio. Have to force close to restore. iOS 11.2,"@234707 Hey, help's here! Can you fire over the device's make/model and the Spotify version you're using? We'll see what we can suggest /JS",1757053,1757051,Sat Nov 11 18:32:17 +0000 2017
7938,320734,@SpotifyCares Thanks,"@320734 No worries at all! For anything else, we're just a tweet away. Happy listening 🙂 /JP",844344,844345,Fri Oct 20 14:24:01 +0000 2017
14263,457249,"@SpotifyCares one more question, @SpotifyCares when i used to use the share function to twitter a cool album art used to come up with a hashtag etc. Now we just get a long gnarly hyperlink...what gives?","@457249 Hey Eric! Can you let us know the device, operating system, and Spotify version you're using? We'll see what we can suggest /LO",1453223,1453225,Fri Nov 17 01:55:11 +0000 2017
6290,282719,@SpotifyCares Who’s fault is that?! BRING BACK THE PREVIEWS! iTunes have a preview. All music apps should have it. I don’t ever want to add the wrong song,@282719 Thanks for sharing your thoughts about the changes. We can’t make any promises but we’ll pass your feedback onto the right folks /KB,681866,681868,Sun Oct 29 00:09:54 +0000 2017
19353,560725,"Dear @115888, can you tell me why the Josie and the Pussycats soundtrack is not available to stream? Asking for a friend.....","@560725 Hey Mike! Fingers crossed we'll be able to have it soon, but there's info about Spotify content here: https://t.co/0i8GpimuDa /LO",1878537,1878536,Sat Oct 21 04:28:42 +0000 2017
12105,407484,@115888 should make it so that when two people are following eachother you can send songs inside the app. Like a messaging system,"@407484 Hey Rachel, we can see how that’d be useful! You can vote for the official idea here: https://t.co/W9ngDcByaX /TR",1225385,1225384,Wed Oct 25 15:31:04 +0000 2017
13671,440174,@115888 @SpotifyCares Why isn’t  Birthday Cake by Rihanna ft. Chris Brown on Spotify?,@440174 Hey! We’ll have it available to you as soon as it’s available to us: https://t.co/0i8GpimuDa /RA,1375452,1375451,Sat Oct 28 01:23:38 +0000 2017
3015,196756,"@SpotifyCares It’s happening for every song, every album.",@196756 What device are you using? Can you let us know the OS and Spotify versions you're running? We'll see what we can suggest /CO,338307,338306,Sat Oct 07 12:15:34 +0000 2017
27230,708524,"Dear @115888 I know that you already have 60.000.000 subscribers, but if you make Spotify available in Slovenia, then yo'll have 60.000.001 subscribers! Just sayin' ...",@708524 Hi! We're launching in new countries as often as possible. Be sure to add your email at https://t.co/X8DVSX9QgM /SV,2479197,2479195,Wed Nov 15 14:44:13 +0000 2017
29575,755886,@SpotifyCares hey guys! Love your work :) Can you please help me link my Artist Account to my Facebook page? Thanks for your time (y),"@755886 Hi there! You can contact our Artist Services team at https://t.co/p1wbtdELHu so they can further help you out on this. Anything else, let us know /NY",2688283,2688282,Sun Nov 19 12:35:43 +0000 2017
22514,621183,".@SpotifyCares Hey, since I don't think you have a feature to block artists, how many songs performed by rapists and abusers do you think I have to thumbs down before their whole catalog doesn't show up organically?","@621183 1: Hey, this feature isn't something we have right now, but we're letting the right team know that this is...",2104020,2104021,Wed Nov 08 00:28:49 +0000 2017
18144,545611,@117153 still can't activate all invited member of my premium family...,"@545611 Hey, the cavalry's here! Could you fire over your accounts' email addresses or usernames via DM? We'll take a look under the hood /AY https://t.co/ldFdZRiNAt",1816287,1816286,Mon Oct 16 05:12:14 +0000 2017
2856,192669,@170264 I’m still dealing with it. It’s giving me stress. Spotify is a vital part of my life 😭,"@192669 Hi Sherayne! Don’t worry, we can help. What’s happening exactly? Can you let us know the device/OS you’re using? /AD",321826,321825,Sat Oct 07 10:46:59 +0000 2017
3106,198688,@SpotifyCares It seems to have helped somewhat. I will let you know if it happens again. Thanks.,@198688 You're welcome! Just give us a shout if the issue persists. We're... https://t.co/zOXI69QSqg /MT,347204,347206,Sun Oct 08 04:58:58 +0000 2017
31013,787069,"@SpotifyCares Next tine it happens I'll go the router route 😎
Last year in the 2nd week of December, I received an email listing my Spotify listening statistics. (59,900 minutes) it was fascinating. Will that happen again this year? 
Thanks guys","@787069 Copy that. We don't have any info on this right now, but we'll let the right team know it's something you'd like to see again. If the music stops again, just shout, and we'll come running 🏃 /WP",2825211,2825212,Mon Nov 27 21:31:29 +0000 2017
8015,295152,"@SpotifyCares Thanks, but this same line has been repeated 'ad infinitum' and it's been 6+ months now... @115888 and @127972 need better @75235!😞😒😣",@295152 We understand where you're coming from. We'll make sure to let the right team know you'd like to see this again soon. Stay tuned /AC,848555,848554,Fri Oct 20 14:02:32 +0000 2017
29485,752600,What the actual fuck @115888 @117168 @SpotifyCares  @125633 why isn’t @12899 album available!!?? https://t.co/PIbhxctCzk,"@752600 Hey! We're working on it, and we hope to have it available soon. There's more info here: https://t.co/WI0fi3V8Cu /L",2673236,2673235,Tue Oct 31 11:35:42 +0000 2017
28301,729962,@115888 why is Drake’s Take Care not on spotify anymore? right after the 6 yr anniversity,"@729962 Thanks for the report! Don't worry, we're looking into this and it should be available again shortly /VK",2574084,2574083,Thu Nov 16 19:40:53 +0000 2017
31173,791702,@SpotifyCares Thank you 😊,@791702 You're welcome. Just let us know if we can help with anything else. https://t.co/m4HWSbgHVZ /NQ,2846502,2846503,Wed Nov 29 01:23:49 +0000 2017
9566,352634,@115888 lol what about military personnel ? We get this deal too ?,"@352634 Hi Jay! This deal is for students only at the moment, but we'll let the right team know it's something you'd like to see /YM",301921,981131,Sun Oct 22 03:55:47 +0000 2017
11783,401924,@SpotifyCares Trying to get in #Rapcavier,@401924 Our Curation team are independent so there's no formal submission process. Check out https://t.co/6BMOmfiZvQ to help you gain visibility /GS,1199857,1199859,Wed Oct 25 04:58:27 +0000 2017
10945,382502,@SpotifyCares Thank you.,@382502 You're welcome! Give us a shout for anything else. https://t.co/uEkAlnxbzn 🙂 /JS,1112278,1112277,Tue Oct 24 02:16:28 +0000 2017
6180,279679,Is there any reason my Spotify doesn’t show on my locked screen when playing music anymore? @AppleSupport @SpotifyCares,@279679 Hey Chris! Can you let us know the exact iOS and Spotify versions you're using? We'll see what we can suggest /LP,669534,669532,Tue Oct 03 18:24:07 +0000 2017
11092,386119,@117153 my premium is not working and I paid a year in full last month?? Help! User name wes711,"@386119 @117153 Hey, we're happy to help! We've just replied to your DM. Let's continue chatting there /GT",1128909,1128908,Sat Oct 14 10:55:50 +0000 2017
17724,537823,"Hey @115888, any word on a J-Pop Genre? (Similar to the current K-Pop that's in Genre &amp; Moods) Thanks for your time!","@537823 Hey Gunnar! Our Curation team are independent &amp; use data, research, and trends to create playlists, but we’ll pass on your suggestion /GU",1790412,1790410,Thu Oct 12 19:50:12 +0000 2017
28040,724803,@SpotifyCares someone changed my account email without having access to my email. Seems like a security flaw...,"@724803 Hey, we’re sorry to hear that. Check out https://t.co/QHn3ok8y2n for what to do next /NQ",2551351,2551350,Sat Nov 25 15:19:20 +0000 2017
11283,392145,"@SpotifyCares You replied that I need to cancel my account without a refund and then sign up again.

That's horrible business","@392145 Sorry you feel that way. We've sent you another DM, so check it out. Let's carry on chatting there /RH",1156872,1156873,Mon Oct 16 00:09:53 +0000 2017
8320,326576,@115888 YOU REALLY NEED TO STRAIGHTEN THIS SHIT OUT OR IM DELETING MY ACCOUNT https://t.co/yUIJwD7er3,"@326576 Hey there, help's here! What’s happening exactly? We'll see what we can suggest 🙂 /CG",869968,869966,Fri Oct 20 14:31:21 +0000 2017
12423,413365,"@115888 please start adding mixtapes and albums that arent featured already, there are some really good ones, please look into it.",@413365 Hey! We’ve got some info about mixtapes here: https://t.co/MEjmIRL2eB /NS,1250441,1250440,Thu Oct 26 02:56:12 +0000 2017
2731,190563,@SpotifyCares Our home wifi and 4g,@190563 Thanks! Can you let us know the Android and Spotify versions you're running? We'll see what we can suggest /LO,312218,312219,Sat Oct 07 04:16:26 +0000 2017
25493,670263,@115888 Your Xbox app is broken.,@670263 Hey there! What's happening exactly? Are you getting any error messages while using the app? We'll see what we can suggest /NQ,2311075,2311073,Sun Oct 29 06:28:12 +0000 2017
10736,379148,"@SpotifyCares it's fine, all under control mate.",@379148 Great! Just give us a shout if you need anything else. We're... https://t.co/zOXI69QSqg /JU,1098202,1098204,Sun Oct 15 06:12:46 +0000 2017
17307,531682,where's ddd by exid @115888,"@531682 Hi there! Just to check, are you referring to this track: https://t.co/PDTqCzxya3? /AU",1768384,1768382,Tue Nov 07 22:24:02 +0000 2017
5815,271879,@SpotifyCares Appreciate it (as I’m listening to Spotify on my Echo Dot in one room).    Can’t wait to be able to play all throughout the house!,"@271879 No worries! If anything else comes up, just say the word. We're always a tweet away /MT",640202,640201,Sat Oct 07 04:31:11 +0000 2017
27462,712744,@115888 $4.99 a month for premium and Hulu? Try premium and Netflix then we’ll talk,@712744 Hey there! We hear you. Your feedback has been noted and passed onto the team 👊🏼 /NQ,2497747,2497746,Mon Oct 30 02:45:17 +0000 2017
3101,198686,@SpotifyCares It's the Google Pixel (1st Gen),"@198686 Don't worry, our best best tech folks are on the case as we speak. A fix should be on its way soon /MG",347193,347195,Sun Oct 08 05:00:28 +0000 2017
17340,532304,"@SpotifyCares iPhone 7, Ios 11, and spotify 8.4.25",@532304 Thanks! Let's try restarting your iPhone by holding the Sleep/Wake + Volume Down buttons for 10 seconds. Does that help? /BH,1770705,1770706,Wed Nov 08 01:38:20 +0000 2017
11324,392741,@SpotifyCares What's the alternative now ? Mint ?,"@392741 That's an affirmative. If there's anything else we can help you, feel free to give us a shout /DR",1159373,1159372,Sun Oct 15 06:47:14 +0000 2017
20604,582397,@SpotifyCares Im currently using spotify premium. And ive try so many time to log in my pc. But they always mentioning error code 7 error code 2,"@582397 Does logging out, fully closing the app, and restarting your device help? Can you let us know the operating system and Spotify version? /KC",1964447,1964445,Tue Oct 31 05:16:37 +0000 2017
22194,612371,@115888 put the explicit version of enema of the state back up,"@612371 Hey! Can you send us the Spotify URI of the clean version? Just right-click &gt; Share &gt; URI. Also, what country is your account set to? /TB",2070658,2070657,Sun Oct 08 22:04:25 +0000 2017
625,133320,"@SpotifyCares please PLEASE let us block users. I love everything else about Spotify, I pay for your premium, but it’s completely ridiculous to me this basic safety feature has yet to exist. I desperately want to block my ex as I have on every other platform. Prioritize this","@133320 Hey Chloe! We're afraid it's not possible at the moment, but you can support the idea at https://t.co/nEsFfW71xG to help make it happen. Let us know if we can help with anything else /AC",77712,77710,Thu Nov 30 09:59:24 +0000 2017
28236,728228,@SpotifyCares It better be back soon👀,@728228 Looks like it's back now. Can you check if you're able to stream his album via this link: https://t.co/vzWbxC013c? We'll be waiting /MC,2567226,2567228,Thu Nov 16 19:35:26 +0000 2017
13846,445882,"@SpotifyCares I forgot: iPhone 5s, newest update; I connect through USB",@445882 Hi there! Can you let us know the model of your cars? We'll see what we can suggest /JM,1401587,1401585,Sat Oct 28 14:54:31 +0000 2017
8640,332557,"@SpotifyCares Someone is using my account. I’ve tried changing passwords etc, without success. I need help.","@332557 Hey Kristina, we’re sorry to hear that. Check out https://t.co/QHn3ok8y2n for what to do next /BH",895226,895225,Fri Oct 20 21:44:13 +0000 2017
5095,253478,"@SpotifyCares can you care about my push notifications so I know when I get new followers, know when my artists I follow release new songs, etc. 🙄 plz fix thissss","@253478 Hey! We're not sending push notifications at this time, but we're taking on board all feedback about this. In the meantime, we'd recommend opting into email notifications over at https://t.co/uznw2Ttx8I /JS",568904,568903,Sat Dec 02 20:53:08 +0000 2017
2508,184374,Hey @115888 why is 'Blurred Lines' in your playlist entitled 'Happy Tunes'?  I can't really label it as 'happy' https://t.co/M6sNvDn0dO https://t.co/UhZYjUlm03,"@184374 2: create playlists, but we’ll pass your feedback on /SY",286951,286950,Fri Oct 06 13:34:21 +0000 2017
29480,752323,@spotifycares accidental detective work - but you have 2x artist entries for 1 Moondog https://t.co/z31YTXHqaa and https://t.co/AHdIotwGDi,"@752323 Hi again! Thanks for letting us know. Don't worry, we'll get this reported. Keep it up... https://t.co/SjYzheZQy1 👍 /MU",2671836,2671835,Tue Oct 31 09:42:59 +0000 2017
4673,240749,@SpotifyCares @240750 How to pay it? Just for credit card?,@240749 Hey! You can also use PayPal to sign up for the offer. Hope this helps /JL,522740,522739,Wed Nov 29 23:20:48 +0000 2017
12707,417338,@SpotifyCares @115888. Yo come thru with the help,@417338 Hey Joe! Can you let us know what's happening exactly? We'll see what we can suggest /FR,1269965,1269963,Mon Oct 16 05:42:18 +0000 2017
28454,732381,"Will @115888 lyrics be returning, or are we supposed to have forgotten by now? https://t.co/qPlABEgwiI","@732381 Hey Brett! We hear you. Any updates will be posted at https://t.co/osebD49Qxe. We'd recommend voting to support the idea, too /CE",2584493,2584492,Thu Nov 16 23:32:50 +0000 2017
4309,230512,"@SpotifyCares @230513 English better, DM please",@230512 Sure. Can you let us know what's happening exactly via DM? Sending us your account's email address would be great too /CX https://t.co/ldFdZRiNAt,485530,485532,Fri Dec 01 15:43:41 +0000 2017
21007,589019,@115888 why do you keep deleting my downloads?,"@589019 Hey, that's not cool! Can you fire over your account's username or email address via DM? We'll see what's happening backstage /JM https://t.co/ldFdZRiNAt",1990315,1990314,Thu Nov 02 14:04:25 +0000 2017
10366,193568,"@SpotifyCares holaaaa is there any chance you can release more clean versions of popular artists albums like Travis Scott, j cole etc???","@193568 Hey there, we're here to help! Where possible we have both versions available. More info here: https://t.co/uKBxlsmKqi /RV",1065571,1065570,Sat Oct 14 19:19:21 +0000 2017
26802,698247,i wanna listen to reputation so bad can they please just put it on spotify already,"@698247 Hey there. The album isn't available to stream just yet – stay tuned! For now, check out the singles: https://t.co/3h0TnPWP0c /LP",2433036,2433035,Tue Nov 14 19:16:30 +0000 2017
20898,586462,"Sayang banget 3x bikin akun spotify, 3x juga ga ada id numbernya. Jadi gabisa langganan :(
Need help @115888","@586462 Hey there! We can help out in English via Twitter, but we also have Indonesian support through email at https://t.co/ZgU70TbP8M /DB",1981254,1981253,Thu Nov 02 15:58:03 +0000 2017
15145,463479,"Fix, bulan ini nggak mau spotify premium.",@463479 We'd suggest reaching out to our friends from the Email team since they offer Indonesian language support /ME,1542050,1542049,Fri Nov 03 22:42:27 +0000 2017
28787,738047,@SpotifyCares When reputation by taylor swift will be out on spotify😭,"@738047 Hey, Taylor Swift's 'Reputation' isn't available to stream just yet – stay tuned! For now, check out the singles: https://t.co/3h0TnPWP0c /LW",79418,2609464,Fri Nov 17 10:12:32 +0000 2017
17114,528046,@SpotifyCares majid jordan,@528046 Thanks. Pre-sale codes are being sent out by email to some of his biggest fans on Spotify. Hopefully you're one of them! /SJ,1752902,1752904,Tue Oct 17 21:29:42 +0000 2017
11627,398878,@SpotifyCares only pay with creditcard? No one in The Netherlands uses a creditcard. :/ 2/2,@398878 1: We're sorry you feel that way. We're afraid that credit/debit cards are the only payment methods available for the student discount.,1186023,1186026,Wed Oct 25 19:00:28 +0000 2017
14582,466027,@SpotifyCares I'd like to upgrade to a family a/c. But is there a way I can stop my kids playing tracks marked Explicit Content?,"@466027 Hey Ian! This isn't possible right now. Don't worry, we'll let our devs know this is something you'd like to see /GK",1489837,1489836,Fri Nov 03 08:19:53 +0000 2017
31354,794542,@115888 After the last update the listen now button disappeared what's up? https://t.co/Z1r3heQ0Vd,"@794542 Hey Jorge, help's here! Can you let us know the device and Android version you're using? We'll see what we can suggest /JE",2859102,2859101,Mon Nov 27 16:59:38 +0000 2017
17366,532454,@SpotifyCares Thanks! Maybe rename it Cohabitant Plan?,@532454 We'll take note of your suggestion 📝 Let us know if there's anything else we can help with /KB,1771359,1771361,Tue Oct 17 22:44:22 +0000 2017
9452,158590,@SpotifyCares Hello ?,@158590 Hi there! We've sent you some more info via DM. We'll carry on helping you there /MC,970850,970848,Wed Oct 11 15:29:52 +0000 2017
28336,730869,@115888 can y’all please add RaRa by Travis Scott ft. Lil Uzi bc it’s only on SoundCloud,"@730869 Hi Patrick! We’d love to have all of his stuff available, but we have some info about content here: https://t.co/0i8GpimuDa /GT",2577777,2577776,Sun Nov 26 19:05:47 +0000 2017
28291,729412,@115888 What did you do to Take Care??? Where it at?,@729412 Hey Max! Could you let us know what's happening exactly? We'd love to help out /GU,2572272,2572271,Thu Nov 16 17:48:14 +0000 2017
1982,170131,"@SpotifyCares hey, my ios testflight email has been changed and i dont receive new spotify beta versions. can you change the mail for me?",@170131 Hey! We have more info about it here: https://t.co/U4nV1dPNd9. Let us know if there's anything else /KM,226775,226774,Thu Oct 05 06:58:44 +0000 2017
26017,271225,@SpotifyCares I also believe @28762 is very deserving to be added to a spotify playlist! As he was previously in Spotify's Hiptronic playlist for break out artist,"@271225 Got it! Our Curation team are independent &amp; use taste, data, research, and trends to create playlists, but we’ll pass on your suggestion /JX",2353913,2353911,Mon Nov 13 17:43:20 +0000 2017
16742,519483,@SpotifyCares Yes! MacBook Pro macOS Sierra 10.12.6 &amp; Spotify 1.0.65.320.gac7a8e02 / OnePlus 3T running Android 7.1.1 &amp; Spotify 8.4.23.784 armV7.,"@519483 Got it! And to confirm, does the issue happen across all your devices, or just one? Let us know /RV",1715266,1715268,Tue Oct 17 18:20:44 +0000 2017
7913,206321,"@SpotifyCares Hi, how do I change the language on my device? I’m using an iPhone. Thanks!","@206321 1: To change your iPhone's language, go to Settings &gt; General &gt; Language &amp; Region &gt; iPhone Languange &gt; choose your preferred...",380828,380835,Mon Oct 09 09:03:13 +0000 2017
12690,417282,Trying to get allll my songs back on Spotify why did they all erase😭 @115888 f u,"@417282 1: Hey Angelica! Help's arrived. Can you let us know if this happens to all of your saved songs for offline listening, or is...",1269712,1269713,Mon Oct 16 06:22:27 +0000 2017
8743,307331,@SpotifyCares Tried both. Both don't work,"@307331 We have some info to share with you in private, so we'd like to take this to DM. We'll carry on from there /MT https://t.co/ldFdZRiNAt",902974,902975,Fri Oct 20 01:58:57 +0000 2017
31379,794888,@115888 my discover weekly has consecutively sucked for the past how ever many months it has sucked can you please make it better,"@794888 Hi Hailey! Discover Weekly is based on what you, and others like you, are listening to. Hopefully it’s more in tune with your tastes next week /RH",2861260,2861259,Mon Nov 27 21:44:19 +0000 2017
23634,643678,Why currently @115888 is not in #INDIA,@643678 Hey! We're launching in new countries as often as possible. Be sure to add your email at https://t.co/X8DVSX9QgM /RC,2200999,2200998,Sun Nov 26 13:29:46 +0000 2017
10278,318255,@115888 Why don’t you guys send me notifications about new projects from the artist I’m following?!?!,@318255 2: Browse &gt; New Releases to find the latest releases updated every Friday. Let us know if you have any other questions /RK,832398,832399,Fri Oct 13 05:28:26 +0000 2017
15804,495708,.@115888 my media controls no longer work in macOS High Sierra. Are you able to fix this? Very frustrating. Spotify v1.0.66.478.g1296534d,"@495708 Hey Jay! Just to check, does this also happen on other music apps? We'll keep an eye out for your reply /RS",1616431,1616429,Sun Nov 05 10:45:28 +0000 2017
21517,601110,"@SpotifyCares my premium account has been paused yet you’re still taking money out of my account? Shocking, can this be fixed?!",@601110 Hey Ellice! We're sorry you feel that way. We've just sent you a bit more info over DM. We'll carry on helping out there /CP,2032816,2032815,Tue Nov 07 15:27:21 +0000 2017
14660,467976,"@SpotifyCares Google pixel, Android v8.0 
Spotify: 8.4.22.857 armV7 

Think it broke with recent Android update. 

Thanks","@467976 Got it. Don't worry, we're on it. Our best tech folks are on the case as we speak. Hopefully we'll have a fix soon /NS",1498710,1498712,Mon Oct 16 23:22:36 +0000 2017
10455,333757,@SpotifyCares 2nd times this week... Downloaded playlist disappears...,@333757 2: at https://t.co/38J7tFlIBF. They should help with this /SY,1074212,1074211,Mon Oct 23 16:10:21 +0000 2017
24729,661841,@115888 when will you put #reputation on spotify I'm waiting like..😤,"@661841 Hey Marshiie! Fingers crossed we'll be able to have it soon, but there's info about Spotify content here: https://t.co/0i8GpimuDa /MO",2275502,2275500,Sat Nov 11 05:49:50 +0000 2017
8219,325112,@SpotifyCares so is this on Spotify or not? Shows up online but not in the app.... https://t.co/WXhiMeT8MU,"@325112 Hi Jacob. Don't worry, we'll look into it. First up, can you tell us what country is your account set to? /JU",863703,863702,Mon Nov 20 23:50:33 +0000 2017
8226,325115,@115888 your explicit version of bottoms up is actually censored what gives? I'm tryna enjoy some vintage trey and nicki and I get this trash smh,@325115 Hey there! Can you send us the URI of the track you're referring to? Just right-click on the track &gt; Share &gt; Copy Spotify URI /AR,863719,863718,Tue Nov 21 02:54:08 +0000 2017
25468,669947,@SpotifyCares Somehow I can't play local files on my phone anymore. Why?,"@669947 Hey Katie! What device, operating system, and Spotify version are you using? We'll see what we can suggest /MC",2309938,2309937,Thu Oct 19 20:17:15 +0000 2017
22821,627272,@115888 BRING BACK TOUCH PREVIEW!!! I've never been more sad that I just updated my app and lost this feature. #disappointed #applemusicbound,@627272 Hey Kylee! We're sorry to hear that. We have more info about this here: https://t.co/pXBCq8GlsI. We hope this clears things up /SJ,2131385,2131384,Wed Nov 08 19:29:47 +0000 2017
32244,807648,"@SpotifyCares Getting a ""504 Gateway Time-out"" for 10 mins now. And @117153 doesn't show any issues?","@807648 Hey, thanks for the report! We had a little hiccup earlier, but everything should be running just fine now /JS",2917885,2917884,Tue Nov 28 21:05:22 +0000 2017
1413,155526,@SpotifyCares https://t.co/L9KsssD9Ms,@155526 Thanks. We'll get this reported. Great detective work! https://t.co/LpsmyUtme0 /DF,169705,169707,Fri Nov 24 22:09:26 +0000 2017
27431,712237,@115888 STOP PLAYING SUGGESTED TRACKS WHEN IM TRYING TO STREAM SOMETHING IM TOO BROKE FOR PREMIUM,"@712237 Hey! To reduce the number of Suggested Tracks you get, try adding more artists into your playlists /YM",2495600,2495599,Mon Oct 30 00:50:49 +0000 2017
18868,554216,@SpotifyCares @147836 ...and they are needed right now and not in weeks or months ... Or even never coz that's what you've been doing for the past 1 1/2 year. Nkt,@554216 3: Community here: https://t.co/ncCZiOHRrk. Let us know if there's anything else we can help with /JR,1851906,1851908,Thu Oct 19 00:35:16 +0000 2017
12676,229750,@SpotifyCares two days of this now.. Have rebooted and no updates I can see?! Mac osx.. Endless loading signs for ever and ever.... https://t.co/jRqZMVRWdH,"@229750 Hey Nancy, help's here! Can you let us know your exact OS X and Spotify version? We'll see what we can suggest /JP",1269671,1269670,Thu Oct 26 13:54:05 +0000 2017
24373,382234,"@SpotifyCares same problem. music still plays when i unplug headphones.  listening to music, switched to play a video in twitter, switched back to spotify, music is still “playing” but no sound.  checked volume and that i’m listening on this phone, have to force quit app https://t.co/zMAedsVJYK","@382234 Thanks! Can you let us know your device, operating system, and Spotify version? We'll see what we can suggest /JP",2246436,2246434,Fri Nov 10 20:13:26 +0000 2017
21237,593845,Hey @SpotifyCares - is there any way of blocking an artist or band so they never appear in Discovery/Daily playlists?,"@593845 Hey Harry, we hear you! We can see how that’d be handy. Thanks for taking the time to reach out – your feedback's been noted 📝 /AD",2008248,2008246,Sat Nov 04 14:05:29 +0000 2017
20994,488028,wait.. isn't it supposed to look like this? don't change a thing please https://t.co/08VRbP5kbL,"@488028 Don't worry, we won't change anything. We'd just like to cover all bases. We'll be waiting for your info through DM. Just use the link we sent earlier /JS",1989441,1989440,Mon Nov 20 23:06:16 +0000 2017
12148,408285,"@SpotifyCares iphone 7plus, ios 11.0.3, spotify version 8.4.24.506, did that and it didn’t work.","@408285 It's not ideal, but the exact steps here should help out: https://t.co/EqisDMwZAT. Let us know how it goes /CO",1228862,1228860,Wed Oct 25 20:14:05 +0000 2017
23317,637765,@SpotifyCares why did 397 of my songs just decide to uninstall?,@637765 Hey! We've replied to your DM. Check it out and we'll continue over there /RC,2175409,2175408,Thu Nov 09 14:39:20 +0000 2017
19741,569208,Is there a way to tweak @115888 to stop suggesting things I dislike?,"@569208 Hey Alfonso, this sounds like a great idea! Suggest it in our Community at https://t.co/rtDvYZOF32 and get support from other users /KL",1910753,1910752,Tue Oct 24 21:45:15 +0000 2017
11998,405920,@SpotifyCares I created a Spotify premium but have forgotten my email and password for it. Would it be possible for me to find my account?,@405920 Hi! We've just replied to your DM. We'll carry on helping there /MQ,1218571,1218570,Wed Oct 25 13:58:24 +0000 2017
19307,450273,"@115888 if I wanted my 13 month old to listen to trashy adult pop music, I'd just play that instead of Rafi &amp; Caspar Baby Pants.","@450273 Hey there! This isn't possible right now, but you can show your support for the idea on our Community: https://t.co/oGDLtirXki /NQ",1874784,1874783,Sat Oct 21 17:48:03 +0000 2017
2276,178476,daily tweet saying how annoyed i am that Pabllo Vittar's music is not on spotify UK. sort it out @13399 @SpotifyCares @116130,"@178476 Hey Tom! We’d love to have everything available, but we have some info about content here: https://t.co/0i8GpimuDa /NG",262283,262282,Thu Oct 05 21:39:45 +0000 2017
763,136861,"@SpotifyCares hi there, I miss Emma  Chaplin spent last Stelle and vedimaria can you added please?",@136861 Hi there! Can you let us know what's happening exactly? We'll see what we can do /PL,95825,95824,Thu Nov 30 07:33:22 +0000 2017
11029,384534,"the hell's this about, @115888? https://t.co/VDcYOBvejo",@384534 Hey there! There's a limit to the number of tracks you can save offline. There's more info here: https://t.co/Rqzwjw6eqM /KB,1121420,1121418,Tue Oct 24 06:20:35 +0000 2017
2974,195945,@115888 Can you put @3537 cover of The Chain by Fleetwood Mac on spotify thanks,"@195945 Hey there! We’d love to have all of his stuff available, but we have some info about content here: https://t.co/MEjmIRL2eB /RV",335351,335350,Sat Oct 07 19:05:32 +0000 2017
3736,214715,"@SpotifyCares It's been 2 years since someone had this idea, and Spotify still hasn't implemented it. Support this!","@214715 We hear you. Rest assured, your feedback will be passed on to the right folks /NQ",417931,417930,Tue Oct 10 03:21:34 +0000 2017
29229,745003,"@SpotifyCares Thanks for the reply, much appreciated &amp; I ❤️@115888 - There are 9,968 people who went to the trouble of voting for this since 2012. How many do you need to action it? @147836 https://t.co/BMSdgjng9v","@745003 @147836 We don't have any other info on this right now, but we appreciate the feedback! Rest assured we've passed this directly on to the right folks here /M",2639874,2639873,Fri Nov 17 20:13:04 +0000 2017
21758,604854,@115888 my child have taken a preminium abo whit out premission how can is cancel it in the account i can not find it,@604854 Hi there! We'd like to send you some more info via DM. Can you send us one by clicking the link below? We'll keep an eye out for it /MC https://t.co/ldFdZRiNAt,2045275,2045273,Wed Oct 04 18:44:07 +0000 2017
3050,197494,@SpotifyCares what happened I can't listen to Sleep Well Beast by The National. Please help.,"@197494 Hi, help's here. Can you let us know what's happening exactly? Also, what country is your account set to? We'll see what we can suggest /AK",341110,341108,Sat Oct 07 21:56:16 +0000 2017
31598,799479,@SpotifyCares Help! I was trying to get help with my account and instead it got cancelled,"@799479 Hi, we've jus replied to your DMs. We'll carry on chatting there /SY",2881190,2881189,Mon Nov 13 19:35:17 +0000 2017
21035,589487,@SpotifyCares so why'd you guys stop giving me hulu with my student sub?,"@589487 Hey Barry, help's here. Could you fire over your account's email address or username via DM? We'll take a look backstage /AY https://t.co/ldFdZRiNAt",1991832,1991831,Fri Nov 03 06:19:46 +0000 2017
9599,353543,"Bonjour, j'aimerais pouvoir gérer mon abonnement depuis la plateforme ""Play Store"" 
Est-ce possible et si oui comment? @SpotifyCares",@353543 Hi there! We've just sent a DM your way in English. Let's carry on chatting there /NY,985353,985352,Sat Oct 14 04:56:09 +0000 2017
4340,231900,@115888 What will happen to my remaining subscription time if I buy the £99 deal for a year?,"@231900 Hi there, thanks for reaching out! Once you subscribe to Spotify Yearly, the remaining Premium time on your current subscription will be applied after the 12-month period. Hope this helps. Let us know if you have other questions /GT",490760,490758,Fri Dec 01 14:51:29 +0000 2017
27303,709666,"Can't say I'm a big fan of these new 145-minute ads, @115888 🤔 https://t.co/tFu8KhKGdc",@709666 Hey! We hear you. Your feedback has been noted and passed onto the team /NQ,2484133,2484132,Sun Oct 29 22:51:05 +0000 2017
2096,172260,@SpotifyCares Everything that should be clickable is clickable. And the clicks register (I can see the player respond to the click). But it doesn't play. https://t.co/SkcWN1VW06,@172260 How's your internet connection for loading other web pages? Can you try clearing your browser’s cache and restarting the web player? /MV,236264,236265,Thu Oct 05 14:52:07 +0000 2017
20364,235576,@SpotifyCares I am trying to connect Spotify to a Sonos from either my Win10 or Chromebook - both don't show devices. Works from phone. All on same wifi.,"@235576 1: Thanks! Can you try reinstalling the app on your Win10 machine? Also, does the same thing happen when you're using Spotify on...",1948933,1948934,Mon Oct 30 16:24:16 +0000 2017
23318,255459,@SpotifyCares everything running well? Stuttering like crazy using OSX app.,@255459 Hey there! We don't have any reported issues at the moment. What's happening exactly on your end? /KT,2175413,2175412,Thu Nov 09 13:37:54 +0000 2017
8846,336313,i wish spotify premium for students can be paid by load,"@336313 Hey Ange! Thanks for the feedback. Don't worry, we'll let the right team know it's something you'd like to use in the future /JN",910798,910797,Sat Oct 21 05:54:08 +0000 2017
11257,391109,"Faster Kill Pussycat isn't on Spotify, FIX THIS @SpotifyCares.","@391109 Hey Steven, help's here! Could you let us know what country your Spotify account is set to? We'll do some research /TB",1152021,1152019,Sun Oct 15 13:39:00 +0000 2017
17256,530825,"@SpotifyCares It began over a week ago. When I try to start, there is a ""loading"" sign, and then it breaks down. I can't see more than this","@530825 Hmm, that's odd. Could you try restarting your phone? Does that make a difference? /JM",1764678,1764676,Tue Nov 07 20:46:17 +0000 2017
19243,559120,@115888 uh just wanted you guys to know that I had Redbone saved and now it plays a disco remix of Gloria Gaynor's I Will Survive. Always. https://t.co/o0qUq5qZQI,"@559120 Hey, that doesn't sound right. Can you let us know the device, operating system, and Spotify version you're using? /RH",1872388,1872387,Fri Oct 20 00:34:01 +0000 2017
11900,404037,@SpotifyCares what's happening? it's an iPhone X - and you can see that spotify's interface isn't designed for the NOTCH on the iphone x. please fix :),@404037 We appreciate your feedback. We'll make sure to pass this on to our tech folks. Give us a shout if there's anything else /AY,1209990,1209992,Wed Oct 25 12:28:54 +0000 2017
19909,571717,@SpotifyCares how often do the time capsule and daily mixes change?...thanks you guys are the best!!,"@571717 Hey there! Your Time Capsule is a one-time playlist, but Daily Mix shuffles a fresh batch of tracks each day. Hope that clears things up /KL",1920444,1920443,Thu Oct 26 15:53:38 +0000 2017
30801,705687,@SpotifyCares I would have hoped that after 3 years it would be done by now guess I’ll be going to Apple Music,"@705687 We hear you 🎧 Rest assured, your feedback will be passed on to the right folks /DF",2807575,2807577,Mon Nov 27 06:56:11 +0000 2017
3929,219603,Dear @SpotifyCares can u pls make it so I can remove a song from playlist more easily I just wanna be able 2 swipe left 2 make it go away,@219603 Hey! This sounds like a great idea. Suggest it in our Community at https://t.co/rtDvYZOF32 and get support from other users /AU,440875,440874,Wed Oct 11 13:02:53 +0000 2017
27475,559353,@SpotifyCares Just curious: how do I make Discover Weekly better? Can it tell how soon I skip a song? Is there anyway to dislike a song? Thanks!,"@559353 Hey Trystan! To keep Discover Weekly fresh, keep listening to more of your favourite tunes. This will mix things up /TF",2499432,2499431,Wed Nov 15 19:00:55 +0000 2017
2975,195946,@SpotifyCares is there anyway you can change the icon on the galaxy s7? It doesnt fill up the whole icon space and would look alot better. https://t.co/8beVO1jN8w,"@195946 Thanks for the feedback! Don't worry, we'll let the right team know it's something you'd like to see in the future 🙂 /JN",335354,335352,Sat Oct 07 16:31:33 +0000 2017
30212,510250,Wait did @115888 get rid of the ability to view and make changes to your queue?!? I’m not about that,@510250 Alright. Best thing to try here is a reinstall. Just follow the steps at https://t.co/EqisDMwZAT. Let us know how it goes /GU,2734600,2734603,Mon Nov 20 19:36:04 +0000 2017
26081,682005,"Yo @115888 , can you please add “Turnover Chain” to your music lineup? 

Thanks.",@682005 Hi. We’ll have it available to you once it’s available to us! More info at https://t.co/0i8GpimuDa. Let us know if you have questions /XF,2361931,2361930,Mon Nov 13 19:42:53 +0000 2017
10915,381883,"So, @SpotifyCares, is there a way to block weird Finnish bands from my ""Discover Weekly""?",@381883 Hi Glenn. We're afraid we don't have the option to block artists from Discover Weekly. It should improve as it gets to know you longer /JU,1109724,1109723,Tue Oct 24 00:37:12 +0000 2017
24014,648212,@115888 so where is #Repuation at??? Hmm...🙃,"@648212 Hey! Fingers crossed we'll be able to have it soon, but there's info about Spotify content here: https://t.co/0i8GpimuDa /NY",2218993,2218992,Fri Nov 10 08:28:53 +0000 2017
1276,151639,@115888 Walaupun hanya kekurangan angka 0 tapi bisa mengurass duit ku 😥,"@151639 Hey there! We can help out in English via Twitter, but we also have Indonesian support via email at https://t.co/ZgU70TbP8M. If you'd like to carry on here, just fire over your email address via DM /AG https://t.co/ldFdZRiNAt",155370,155369,Fri Nov 24 14:44:03 +0000 2017
30468,776353,@115888 heard you'll be launching in India by end of the year? How close are we?,"@776353 Hey there, great question! We're launching in new countries as often as possible. Be sure to add your email at https://t.co/X8DVSX9QgM /KL",2779470,2779469,Tue Nov 21 15:08:33 +0000 2017
21209,593173,Hi @118266 proses verifikasi akun premium pelajar dibutuhkan berapa lama?,@593173 Hey there! We have Indonesian support via email at https://t.co/ZgU70TbP8M. We've also replied to your DM. Check your inbox 🙂 /AP,2005872,2005871,Sat Nov 04 06:29:24 +0000 2017
20304,501704,"For the last 3 weeks, without fail, my @115888 discovery playlist has been recycled songs 😒","@501704 Hey there! Have you been streaming music recently? Also, do you regularly listen with Private Session? /RH",1944611,1944610,Mon Oct 30 05:37:28 +0000 2017
11115,386736,@SpotifyCares I'm using an android phone (Galaxy s6) and a Windows laptop. I can't play any needtobreathe song on either one.,"@386736 Does logging out, restarting your devices, and logging back in help at all? /YM",1131957,1131956,Mon Oct 16 23:50:41 +0000 2017
9211,294501,@SpotifyCares is there an update planned to the spotify mobile app  on W10 mobile? Or streaming from onedrive on UWP apps?,@294501 2: You can also show your support for UWP apps by voting for it here: https://t.co/TGZFKt4dIg /ST,948892,948891,Wed Oct 11 09:30:14 +0000 2017
1632,160019,@117153 @SpotifyCares My Sub has changed from Family to Free. Wtf is going on.,@160019 Hi there! We've just sent you a bit more info over DM. We'll carry on helping out there /HC,6508,187547,Wed Oct 04 09:43:23 +0000 2017
18500,550780,@SpotifyCares Hi there. Already tried that twice.,@550780 No worries. We're just making sure all bases are covered. Does this also happen when logging in to another device? /SJ,1837064,1837065,Wed Oct 18 17:40:44 +0000 2017
23217,635591,@SpotifyCares Very clear. Thanks for the quick response time and the info :),"@635591 No worries! If you have other questions, just give us a shout. Have a... https://t.co/FQulrDtFky 🙂 /AY",2165461,2165460,Thu Nov 09 09:57:13 +0000 2017
30728,780097,@115888 pls fix your desktop app,@780097 Hey! That doesn't sound good. What operating system and Spotify versions are you using? We'll see what we can suggest /AU,2795565,2795564,Tue Nov 21 22:04:07 +0000 2017
23289,637745,"Am I the only one having this issue with my @122986 #ChromeCast being really slow? Only happens with @115888.

#Help https://t.co/bNxghI8nas","@637745 Hey there! Can you let us know your device, operating system, and Spotify version? We'll check it out /RC",2175338,2175337,Thu Nov 09 13:38:46 +0000 2017
19904,571693,@SpotifyCares That was fast! Im using windows 7 professional. It is an hp desktop. Web player,"@571693 Thanks! Can you try logging out, restarting your desktop, and getting back in after a few minutes? Any better? /GN",1920363,1920365,Wed Oct 18 15:02:39 +0000 2017
16805,521148,@SpotifyCares check ya dm😇,@521148 Hey! We just replied to your DM with more info. Check your messages /CB,1722448,1722447,Tue Oct 17 16:44:37 +0000 2017
15244,480240,Hey @115888 Please explain this and fix it. https://t.co/RGoID7BaYJ,"@480240 Hey there! Could you send us the song's URL? Just tap the 3 dots &gt; Share &gt; Copy Link, and send it over. We'll check it out backstage /BH",1552053,1552052,Tue Oct 17 01:48:31 +0000 2017
8148,324028,@SpotifyCares @115888 hello  I am back. I have an account: __email__,"@324028 @115888 We recommend deleting your public tweet, since it contains private info. We just replied to your DM. Let's continue chatting there /WW",859292,859294,Mon Oct 09 18:04:26 +0000 2017
29137,743339,@SpotifyCares we have premium family and cannot listen at the same time,"@743339 Hey, help's arrived! Can you send us your and your family members' usernames or accounts' email addresses via DM? We'll take a look /GT https://t.co/ldFdZRiNAt",2632599,2632598,Sun Nov 26 21:08:41 +0000 2017
140,120859,@SpotifyCares @120860 This is very urgent and should be fast-tracked,"@120859 Thanks Peter! We understand it's a popular idea. Rest assured, we'll pass on your feedback about this to the right team, too /T",22236,22235,Tue Oct 31 22:15:35 +0000 2017
8619,332057,@SpotifyCares K. Thx,"@332057 No worries! If you ever need us again, just shout /MQ",893075,893074,Fri Oct 13 18:11:41 +0000 2017
15764,494085,Dear @115888 I may have done this to myself but could I get something other than Asian pop on my Discover Weekly,"@494085 Hi Penny! Discover Weekly is based on what you're listening to. Hopefully, it’s more in tune with your tastes next week 🙂 /AU",1609271,1609270,Sat Oct 28 18:40:13 +0000 2017
6731,293318,"@115888 why did you guys take off ""It's So Easy - Guns N Roses"" that song is so good. Can't find it","@293318 Hey Tito, help's here! Can you tell us what country your account is set to? We'll check things out /CH",723749,723747,Wed Oct 11 03:22:36 +0000 2017
10273,369703,"@SpotifyCares it happens when i create a radio playlist from a song, and also in my weekly suggestions [discover weekly etc]","@369703 Your Discover Weekly should improve as it gets to know you. Keep adding your fav tracks to Your Library/playlists, and keep us posted 🙂 /C",1057537,1057539,Mon Oct 23 12:04:22 +0000 2017
13206,427601,@SpotifyCares Oh wow. Really didn't expect a response. It's Android. And it's only been the last week or so,"@427601 Thanks for the info. Can you let us know the exact versions of Android and Spotify you're using? Also, is this only happening via 4G? /NY",1316882,1316884,Fri Oct 27 07:57:18 +0000 2017
13741,442191,@spotifycares are you offering ‘Fade Away’ from Selah Sue at any point?  I like the song and it’s not there.,"@442191 Hi Debora! Just to check, are you referring to this track: https://t.co/5V7twar8it? /AU",1384534,1384532,Sat Nov 25 20:47:31 +0000 2017
27544,714914,@SpotifyCares why the fuck does my app suck,@714914 Hey Bri! Is your Spotify misbehaving? What issues are you having and on what device? We'll help out /SY,2507530,2507528,Wed Nov 15 20:33:30 +0000 2017
2537,185131,@SpotifyCares Here is another: spotify:track:4GZC9VKsSnAzpPbFR48uRd,"@185131 Got it. Just to clarify, is this happening on multiple devices? Also, does logging out &gt; restarting the device &gt; logging back in help? /TY",290197,290196,Mon Oct 16 14:21:10 +0000 2017
26762,567918,"@115888 hey hey, is there anyway i can change my credit card info on the app? orrrrr","@567918 Hey Keyra! To update your payment information for Spotify Premium, just follow these steps: https://t.co/rgQPzQJv2L /BH",2431670,2431669,Tue Nov 14 20:38:25 +0000 2017
25389,669303,I ran out of room for songs on @115888.🤦🏻‍♀️ I have a problem.,"@669303 Hey there! Don’t worry, we can help. What’s happening exactly? Can you let us know the device/OS you’re using? /MT",2307193,2307192,Sun Nov 12 23:36:03 +0000 2017
23582,260226,"@SpotifyCares @642963 I would also love to block artists, but in my case it’s Pearl Jam. I just really don’t like them!","@260226 Hey there! This isn't possible right now, but you can vote for the idea and help make it happen here: https://t.co/hlXvRg5Zog /GK",2198126,2198128,Fri Nov 10 08:07:48 +0000 2017
18733,205254,"@SpotifyCares It only keeps my playlists, every time I download my saved music on artists they never stay downloaded 👎 done it like, 5-6 times already",@205254 Sorry to hear that! Check out the steps under “Downloads unexpectedly removed” at https://t.co/38J7tFlIBF. They should help with this /CH,1850448,1850450,Wed Oct 18 22:34:51 +0000 2017
13054,423360,Perhaps the only thing keeping me from getting @115888 premium is that they don’t have the soundtrack to the 1999 (best) version of Annie.,"@423360 Hey Bri! Fingers crossed we'll be able to have it soon, but there's info about Spotify content here: https://t.co/0i8GpimuDa /RA",1298061,1298060,Thu Oct 26 22:15:21 +0000 2017
25956,678755,@SpotifyCares iPhone 7 Plus and it’s the most updated version :),@678755 Got it! Could you try uninstalling and reinstalling the app? Let us know how it goes /DF,2347848,2347846,Mon Nov 13 16:52:17 +0000 2017
12625,400362,"@SpotifyCares yeah! mac, high sierra, and spotify 1.0.65.320.gac7a8e02??",@400362 Thanks. Are you getting any specific error messages? A screenshot would come in handy /NS,1265650,1265649,Mon Oct 16 05:45:43 +0000 2017
33006,819115,"Hi @SpotifyCares since an update I seem to have lost the option to save downloads to my SD, running android is this normal? Thanks","@819115 Hi Tom. Don't worry, we'll look into this. Can you tell us what phone you're using, as well as the Android and app versions you have on your phone? /JU",2969646,2969644,Thu Nov 30 00:12:51 +0000 2017
11828,402955,@SpotifyCares any way of censoring adverts (small children &amp; scary advertising!),@402955 We didn't mean to cause any offense. We'll pass the feedback on to the right people /JN,1204554,1204553,Wed Oct 25 07:58:35 +0000 2017
31439,795290,"@125633 @79543 @55981 interesting read, thx for the insight.!","@795290 No worries, we're always happy to help! We'll be here if you need us 🙂 /SP",2863044,2863043,Tue Oct 31 18:28:16 +0000 2017
32653,601161,"@SpotifyCares have an issue on iPhone App. IOS 10.3.3. Uninstalled and reinstalled, rebooted phone. Black screen with three dots followed by this. https://t.co/P9BhOpUKOE","@601161 Hey! We had a temporary hiccup behind the scenes, but everything should be working as normal now. If you need us, just shout. If not, enjoy your tunes 🙂 /J",2934753,2934752,Tue Nov 28 21:19:21 +0000 2017
20169,421117,@115888 can we get the Skylar Grey version of Love the way You Lie?,"@421117 Hey Ariana! Fingers crossed we'll be able to have it soon, but there's info about Spotify content here: https://t.co/0i8GpimuDa /TB",1936297,1936296,Fri Oct 27 21:20:54 +0000 2017
23357,630168,@SpotifyCares I am on MacOS 10.13. Spotify is 1.0.67.582.g19436fa3,@630168 Thanks for the info. Can you also send us a screenshot of your Startup and Window Behavior settings? We'll take a closer look /PB,2176162,2176164,Mon Nov 20 17:29:36 +0000 2017
24018,648409,"@115888 please create a ""never play this shit again"" option. thx.",@648409 Hey! We can see how that’d be handy. There's some more info here: https://t.co/rqyzoF2SLd /RC,2219816,2219813,Sun Nov 26 14:25:07 +0000 2017
2843,192298,@SpotifyCares Yes. But I want the original version. Not the live version.,@192298 Thanks for clarifying that. We’d love to have all of their stuff available. Hopefully we will in the future 🙂 /DR,320135,320134,Sat Oct 07 11:38:58 +0000 2017
13460,435093,@SpotifyCares I can't update the iOS as I don't have enough memory on my phone to do so.,"@435093 We understand. It's not ideal, but the exact steps here should help out: https://t.co/EqisDMwZAT. Keep us posted /JE",1351231,1351232,Fri Oct 27 20:38:51 +0000 2017
14455,462669,Put this on @115888 #WalkUpSong https://t.co/KDmRup4EPa,"@462669 Hi Cory, nice idea! It's definitely something for the team to consider and we'll make sure it reaches them /MT",1476021,1476020,Thu Nov 02 21:23:49 +0000 2017
22255,613360,@115888 can you please add all of @248108 music please? and @9977 Please that would awesome. https://t.co/q9OpvCLclP,"@613360 Hey there! We’d love to have all of their stuff available, but we have some info about content here: https://t.co/0i8GpimuDa /RK",2073798,2073797,Tue Oct 10 03:25:49 +0000 2017
26128,682724,"@SpotifyCares  is https://t.co/xcyRIWTBBT a legitimate Spotify platform? If so, how does the fundraising work? Thanks!",@682724 Hi Nadia! The fundraising page is genuine. You can suggest a project here: https://t.co/kGZAhDGmub to help out. Let us know how it goes /HR,2364776,2364774,Mon Nov 13 19:48:46 +0000 2017
15412,484457,@115888 ARE U KIDDING ME ALL I WANTED WAS 30 MINS OF AD FREE MUSIC https://t.co/paGU3cszQt,"@484457 Hey, that doesn't sound good! Did the app crash at any point during the 30 minutes? That can cause the ad-free time to reset /DF",1571172,1571171,Sat Nov 04 15:04:03 +0000 2017
23176,634687,@SpotifyCares Thank you♥️,"@634687 You're welcome! If you need anything else, just shout and we'll come running 🙂 /JD",2161245,2161244,Thu Nov 09 06:14:10 +0000 2017
19701,568483,"Hey @3493? The fact that @568484 isn't on Northern Bars, needs work. Thanks.","@568483 Thanks! Our Curation team is independent &amp; use taste, data, and trends to create playlists, but we’ll pass on your suggestion /MX",1908281,1908280,Wed Oct 25 16:52:06 +0000 2017
14266,457423,@SpotifyCares Since the update to iOS 11.1 the problem is back again :-(,"@457423 Don't worry, we're here to figure things out! Are you seeing any error messages? Also, how is your phone connected to the devices? /KM",1453957,1453956,Thu Nov 02 14:44:48 +0000 2017
2384,181496,@SpotifyCares ios 11 on iphone 8.4.20.535 no error msg,"@181496 Are you rocking Premium or Free? Does logging out, fully closing the app, and restarting your device help? /KC",274123,274125,Fri Oct 06 05:40:58 +0000 2017
5139,253951,@SpotifyCares please add more got7 music!,"@253951 Hey! We’d love to have all of their stuff available, but we have some info about content here: https://t.co/1dgftcFtzc /NQ",570513,570512,Sat Dec 02 22:33:04 +0000 2017
18524,551039,@SpotifyCares Much appriciated! it works now.,"@551039 Awesome, that's what we like to hear! If you ever need help with anything else, just give us a... https://t.co/AUc7DGJpgF 😉 /GU",1838362,1838364,Wed Oct 18 19:36:39 +0000 2017
3001,196643,@115888 so please reach back to me as some as possible Spotify please,"@196643 Hey! Don’t worry, we can help. What’s happening exactly? Can you let us know the device/OS you’re using? /SU",337851,337849,Sat Oct 07 20:54:48 +0000 2017
24990,373240,@115888 @116380 How do you still not have an Apple Watch app?,@373240 Hey! Check out the official idea and add your vote to let our devs know it's something you'd like to see: https://t.co/SEK4E4gi22 /NQ,2289634,2289632,Sun Nov 12 04:26:37 +0000 2017
12221,381349,"@SpotifyCares It works perfect wirelessly. That’s not the problem. Apple CarPlay only works with a cable on my car stereo, and that’s when the trouble starts with Spotify","@381349 Thanks for clearing that up. Can you log out, restart your iPhone, then log back in before trying again? Let us know how it goes /JU",1234853,1234854,Tue Oct 17 05:22:07 +0000 2017
13619,438524,@115888 the shuffle button on my playlist doesn’t work and I can’t play it by pushing a song cuz I don’t have premium.. any way to fix it?,"@438524 Hey! Help's here. What device, operating system, and Spotify version are you rocking? We'll see what we can suggest /RA",1368464,1368463,Sat Oct 28 00:39:11 +0000 2017
3398,205954,@SpotifyCares It's almost impossible to seize through all the extra junk that passes off as official albums!,"@205954 Thanks for your feedback on this. No worries, we'll make sure that it's passed on to the right team /RC",379057,379059,Mon Oct 09 06:59:38 +0000 2017
20758,584073,@SpotifyCares my account has been hacked. The email address has been changed. Please can someone help. Thanks,"@584073 Hey Tim, we're sorry to hear that. It'd be best to check out https://t.co/QHn3ok8y2n for the steps needed to be done. They should help /AY",1971842,1971841,Wed Nov 01 06:29:33 +0000 2017
32599,810491,@SpotifyCares how do I change my payment date from 27th of the month to the 1st please?,@810491 Hey Laura! We've got info about changing your billing date here: https://t.co/nKAW7E5hro. Hope this helps /MU,2929837,2929836,Wed Nov 29 05:18:05 +0000 2017
22848,627793,I hate the fact that @115888 does not have @55648 music anymore 😭😭 JULION GET YOUR SHIT TOGETHER!!,@627793 Hey! Licensing agreements can affect music availability. There's info about Spotify content here: https://t.co/YlV1IAXwsi /RC,2133710,2133709,Sun Nov 26 00:57:40 +0000 2017
10931,382240,@SpotifyCares When and how will I know if it has been fixed?,"@382240 We don't have any further info about this, but we'd recommend enabling automatic updates on your device, or manually updating regularly /DB",1111098,1111100,Sat Oct 14 08:32:46 +0000 2017
20433,580329,@SpotifyCares It was my Release Radar which almost makes it worse... bc I definitely don't listen to Christian pop gospel 👀,"@580329 We appreciate your thoughts. Rest assured they won't fall on deaf ears. In the meantime, if you have any questions, let us know /PB",1955107,1955109,Mon Oct 30 18:04:42 +0000 2017
27411,701343,@SpotifyCares Sighhhhhhhhhh,@701343 We understand how you feel. Add your vote here: https://t.co/8OOl8B2i69 to convince our devs it's something you'd like to see /CO,2492550,2492549,Wed Nov 15 17:46:57 +0000 2017
23142,634052,Why @115888 don’t have Watch The Throne? We need answers Mr. West ...wake up Mr. West,@634052 Hey there! We can confirm that some of Jay Z's catalog has been removed at the request of the artist /FR,2158569,2158568,Thu Nov 09 03:23:01 +0000 2017
897,140875,@SpotifyCares Done ✅ thank u 😁,"@140875 You're welcome! Just to check, is everything sorted now? Keep us in the loop /GU",111997,111999,Thu Nov 23 20:30:21 +0000 2017
30951,191944,@115888 when u coming to India??! 🙏🏽 🤞🏼,@191944 Hey Sudhir! We're launching regularly in countries around the world. Sign up here to be first to hear: https://t.co/XDwWzj7cLP /DD,2820820,2820819,Mon Nov 27 06:43:33 +0000 2017
8097,323084,@SpotifyCares My system operation is IOS and spotify version is 8.4.25,"@323084 We'd suggest logging out, closing the app, and restarting your device to see if that makes a difference. Let us know how it goes /MG",855071,855069,Mon Nov 06 04:32:38 +0000 2017
5378,261927,"@SpotifyCares Spotify stopped my student premium , charged me full amount AND does not let me renew my student premium by saying ‘we couldnt verify...’ even after i entered my details and university’s name. Help","@261927 Hey Parham, help's arrived! We've just replied to your DM. Let's carry on chatting there /DV",598535,598534,Sun Dec 03 19:39:27 +0000 2017
16314,296105,"@115888 
Fix yourself.
Please.",@296105 Hey! Can you give us a bit more info on what's going on and on what device? We'll do our best to help /CB,1676608,1676606,Mon Nov 06 13:41:52 +0000 2017
16561,515260,"@SpotifyCares Why do I have to register to vote?
Also, why does the limit exist in the first place? What's the justification?",@515260 We ask customers to register to help us better track interest and support. More info on the limit here: https://t.co/59ABtm5Ftl /TR,1698938,1698936,Mon Nov 06 23:12:37 +0000 2017
20854,128896,"@115888 How do I change the order of songs in a playlist, please? #macOS #Chrome #techsupport","@128896 Hi Jade! Are you using the Spotify desktop app or the web player? Let us know, and we'll see what we can do 🙂 /MS",1978284,1978283,Tue Oct 31 17:00:25 +0000 2017
27521,714396,"@SpotifyCares Ok, thank you",@714396 No worries! You know where to find us if anything else comes up. We're... https://t.co/zOXI69QSqg 👍 /GN,2505223,2505225,Wed Nov 15 21:39:20 +0000 2017
24156,651835,"Alright, @115888 let’s get #Reputation up now, mmkay?","@651835 Hey! Fingers crossed we'll be able to have it soon, but there's info about Spotify content here: https://t.co/0i8GpimuDa /DF",2234751,2234750,Fri Nov 10 15:43:51 +0000 2017
1386,154719,"@SpotifyCares No. Completely new android device and also had the same behaviour on my previous one. If I listen to di.fm on my phone in one room and use Google Home (or another android device) to start a song, Spotify pops up on the first device and pauses whatever other audio is playing.","@154719 Got it! Just to clarify, are you logged into Spotify on both of these devices? If so, we recommend logging out of one of these, before trying again. Keep us posted /JJ",166672,166671,Mon Nov 20 18:58:56 +0000 2017
23976,648191,@SpotifyCares This will do. But I just want to know how come it’s showing so many tracks for two songs?,@648191 We hear you. It looks like the author of the playlist added duplicate songs. Just let us know if you need help with anything else /HR,2218908,2218909,Fri Nov 10 15:12:05 +0000 2017
8080,322851,@SpotifyCares can't login it suddenly says my account is offline after i restart(android). After login page&gt;connect with facebook. Pls help,@322851 Hi Meg! We've just sent a DM your way. Let's carry on chatting there /NJ,854019,854018,Mon Oct 09 14:53:01 +0000 2017
6464,286880,@115888 *Hvis man ikke har fået tilbuddet før,"@286880 Hi! The 3 months for 9.00 NOK is available for first-time subscribers. If you've never had Premium before, you can sign up for the offer at https://t.co/nbDUOTogGZ. Any other questions, give us a shout 🙂 /GN",118890,700415,Thu Nov 23 15:59:22 +0000 2017
29437,154081,"@115888 Ok so 6 hours later and you (@115888 @SpotifyCares) haven’t responded, yet u keep posting.  You want me to go to @115948 instead or u finally gonna respond",@154081 Hi there! Sorry to keep you waiting. Can you send us your account's email address via DM? We'll take a look backstage /GT https://t.co/ldFdZRiNAt,2665949,2665947,Sun Nov 26 21:10:54 +0000 2017
1281,151371,"In @144408 , if the about:config flag ""media.autoplay.enabled"" is set to false
then the @115888 webplayer will NEVER work
This flag is important to stop nasty web sites that bombard users with videos or ad-videos the user has no control over
Please fix, I refuse to disable flag","@151371 We hear you 🎧 Rest assured, your feedback will be passed on to the right folks /DF",155383,155382,Fri Nov 24 14:37:17 +0000 2017
5750,270416,@115888 Any real reason why users can’t connect with those who follow their playlists? Seems like you’re missing out on a social medium...,@270416 Hey Josh! We hear you. Make sure you show your support for the idea in our Community: https://t.co/rXH5HEx9hM /JP,634399,634398,Wed Oct 04 19:00:23 +0000 2017
32477,184736,Hey @115888 your app isn’t working.,@184736 Hey Ryan! Everything should be running smoothly now. Let us know if you're still getting issues /GS,2920789,2920788,Tue Nov 28 21:29:15 +0000 2017
2904,193969,hey uglies where's yixing's album @115888,@193969 We’ll have it available to you as soon as it’s available to us! https://t.co/0i8GpimuDa /SU,327152,327151,Sat Oct 07 14:28:35 +0000 2017
13793,443690,"I wish @115888 had a block option.  I never want a taylor swift, hiss golden messenger or Chris brown to show up on a playlist ever again","@443690 Hey Julia, we can see how that’d be useful! You can vote for the official idea here: https://t.co/hlXvRg5Zog. Stay awesome /KL",1391750,1391749,Mon Oct 16 14:57:04 +0000 2017
16811,129420,"@SpotifyCares not easy to fixes issues , been trying to get a problem fixed since sat morning",@129420 We've just replied to your DM with a little more info. We'll carry on chatting there /K,1722598,1722597,Mon Nov 06 20:07:48 +0000 2017
20852,128896,@SpotifyCares I tagged as Chrome for Mac.,"@128896 1: Thanks! Right now, you can drag and drop the songs in the order you'd like using the desktop app: https://t.co/StuA6LgbHS. /BH",1978280,1978278,Tue Oct 31 17:27:11 +0000 2017
7404,310147,"@SpotifyCares It doesn't matter where i change the service to, it's still isn't available. Also make the service available in South Africa","@310147 3: If Spotify is not yet available in your country, we'd suggest signing up here to be first to hear: https://t.co/XDwWzj7cLP /CH",797558,797561,Sun Oct 08 05:52:47 +0000 2017
12224,405276,"@409638 So - if you download the Spotify web app on your computer, you can rearrange your Spotify playlists. Thank God!","@405276 You're welcome! Anything else, give us a shout /TR",1234872,1234871,Wed Oct 25 18:21:09 +0000 2017
31505,797105,"@SpotifyCares another web browser works, that is something I suppose","@797105 Thanks for getting back to us. Just to check, are you able to use the web player while on Chrome's incognito window? /NQ",2870596,2870594,Tue Nov 28 04:22:22 +0000 2017
17781,539215,"@SpotifyCares Thanks,  I'll try and let you know.",@539215 No worries! We'll keep an eye out for your update /NS,1794378,1794379,Wed Oct 18 02:05:07 +0000 2017
24147,651828,@SpotifyCares So you’re not prepared for such a large update in hardware from your user base AND you don’t have any info at all on said update. Do you know anything? Do you know why other/larger &amp; smaller businesses were able to accommodate and you STILL can’t?,"@651828 Sorry to hear you feel that way. Rest assured, your feedback's been noted and passed onto the team. Let us know if there's anything else /AU",2234723,2234725,Fri Nov 10 16:44:27 +0000 2017
12901,420306,"@SpotifyCares Android Version: 5.0.2
Model Number: SM-S920L
Spotify Version: 8.4.23.784","@420306 Thanks for that info! Has logging out and restarting the app helped? Also, are you able to play the tracks from a different device? /WW",1283783,1283784,Tue Oct 17 23:51:16 +0000 2017
22498,620914,"@115888 first off, I luv u .. second off I wish I could see lyrics to all songs in the app, idk friend, idk",@620914 Hey Kylo! Lyrics is currently unavailable as we're making some big improvements to the feature. We'll share more updates soon /LO,2102706,2102705,Thu Oct 19 02:19:48 +0000 2017
16870,197625,"@SpotifyCares hi, what if I bought the annul premium id in indonesia (paid using rupiah) and then using the id in turkey, will it works?",@197625 2: You can find more info on this at https://t.co/hh5UnFX5sf /CB,342857,342858,Tue Oct 17 17:29:31 +0000 2017
929,141622,@SpotifyCares Android 7.1.1 Spotify 8.4.28.875,@141622 Thanks. Can you send us a screenshot of what you see? We'll check it out /NY,115235,115236,Sat Nov 25 19:36:43 +0000 2017
31051,787856,"@SpotifyCares It's okay I figured it out! Thanks anyway though, I love Spotify! Best streaming service!","@787856 Awesome, that's what we like to hear! If you need us again, just... https://t.co/AUc7DGJpgF 🙂 /RE",2829077,2829079,Mon Nov 27 12:23:17 +0000 2017
31393,794906,@115888 for iPhone X needs an update. Car Bluetooth isn’t always sending song data and controls don’t work.,"@794906 Hey, help's here! Can you let us know your car's make/model, phone operating system, and Spotify version? We'll see what we can suggest /JZ",2861311,2861310,Mon Nov 27 17:16:29 +0000 2017
466,128729,@SpotifyCares why does your app suggest songs that are already in the playlist? That doesn't make sense,@128729 Hey Mike! Can you send us a screenshot of what you're seeing? We'll see what we can suggest /KL,56083,56081,Wed Nov 01 19:04:51 +0000 2017
21849,606863,@115888 do me a solid and bring back the spotify app on LG TVs,"@606863 Hey! As we look to improve the overall Spotify experience, we are removing the app from LG TVs. More info here: https://t.co/D2p6hgpCoW /MC",2052028,2052026,Thu Oct 05 22:12:34 +0000 2017
16661,516981,"@SpotifyCares My bands page ""The Peregrines"" hasn't been made yet. My Discography is under ""Peregrines"" not ""The Peregrines"" PLEASE FIX THIS","@516981 Hey! This is something for our Artist Services team. Not to worry, you can contact them here: https://t.co/p1wbtdELHu 🙂 /DF",1705681,1705680,Mon Nov 06 21:35:07 +0000 2017
11082,385853,.@115888 @SpotifyCares she should be #11 fix this please https://t.co/MIKPwezRFh,@385853 @115888 Hi there! We've just sent you a bit more info over DM. We'll carry on helping out there /JM,1127619,1127618,Sat Oct 14 10:36:38 +0000 2017
28579,735198,Why am I just now noticing that the Agust D Mixtape is no longer on @115888 ?! 🙁 https://t.co/naPeV97nkc,@735198 Hey! Sometimes content gets temporarily removed because of licensing changes. Hopefully we'll have it available again soon /RA,2596616,2596614,Fri Nov 17 03:38:26 +0000 2017
15092,476230,"dear @115888,
I would really like to know how my Daily Mix 3 was curated. like how are these three even related??? pls https://t.co/hmkWPqG3Qx",@476230 Hey! We have more info here: https://t.co/ynfHEZk4Lh. Give us a shout for anything else /JS,1535897,1535896,Tue Oct 17 01:51:23 +0000 2017
14285,458373,@SpotifyCares could we have btob’s brother act on Spotify France please😭,"@458373 Hey there! We’d love to have all of their stuff available, but we have some info about content here: https://t.co/0i8GpimuDa /GU",1457853,1457851,Mon Oct 16 20:16:45 +0000 2017
24797,663310,"@115888 @SpotifyCares Hi! It keeps telling me that the credit in my prepaid card is insufficent. I just need 129 load, right? I already have 138. What should I do in order to avail the promo (129 for 3 months)? https://t.co/q6kdTIyfZT","@663310 Hi, help's arrived! We've just replied to your DM. Let's carry on chatting there /DV",2282053,2282052,Sun Nov 26 13:27:55 +0000 2017
26993,703608,@115888 What’s up though free Spotify for a month or no @115888,@703608 Hi Pablito. You can check out https://t.co/zgnxs5kPEu if you haven't had a subscription before. Let us know if you have other questions /JU,2456257,2456254,Wed Nov 15 04:23:03 +0000 2017
22002,609146,"I have 3 Korean songs on one of my playlists and half of my @115888 ""discover weekly"" playlist is Korean.  EVERY WEEK. Seriously guys.","@609146 Hey there! To keep Discover Weekly fresh, keep listening to more of your favourite tunes. This will mix things up /LO",2059673,2059672,Thu Oct 19 00:14:56 +0000 2017
7709,317635,@SpotifyCares the web player isn't working for any song at all.,"@317635 Hmm. Is this happening over WiFi, 3G/4G, or both? Can you also let us know which tracks or artists are you unable to play? /RE",829949,829948,Thu Oct 19 12:17:40 +0000 2017
25744,672945,"Come on @115888, still waiting for an update for the #iPhoneX 🤷‍♂️","@672945 Hey Nicolò! We understand - we’re working on it as we speak. Stay tuned. For anything else, let us know /GU",2322389,2322388,Mon Nov 13 12:55:23 +0000 2017
18320,548449,@SpotifyCares It's the iPhone 7+ that I'm using and iOS 10.3.2,"@548449 Thanks. Can you let us know the Spotify version you're rocking? Also does logging out, restarting your device, and logging back in help? /HC",1827387,1827389,Wed Oct 18 07:36:38 +0000 2017
31950,805029,Spotify is having a mare tonight 😤,"@805029 Hi there, thanks for bearing with us. Spotify should be working perfectly again! /GN",2912536,2912535,Tue Nov 28 21:05:48 +0000 2017
19111,557456,"@SpotifyCares I guys i need answers, why did my UI changes when I'm without connection. It's a problematic UI, It has never happened before","@557456 Hi Alex! Can you let us know what device, OS, and Spotify version you're running? Also, can you let us know what's happening exactly? /LM",1865904,1865902,Fri Oct 20 16:55:40 +0000 2017
25198,543882,"@SpotifyCares “Crazy Ex-Girlfriend” is missing 2 songs, “Revolution” is missing 4 songs, and “Four the Record” is missing 3 songs. Weird. Those albums probably need to be readded in full.",@543882 Hmm. Could you confirm the country where your Spotify account is set to? We'll dig deeper /KB,2295634,2295636,Mon Nov 13 03:07:41 +0000 2017
28924,739991,"What’s all that about @115888 @116130 ?! Fancy giving me more space, I’ve got things I need to listen to!!! #AllFilledUp #SpotifyLimit https://t.co/6n424LAJeB","@739991 Hey! How many tracks would you say you have in Songs (roughly)? e.g. 100, 1000, 5000, or more? /GT",2618509,2618507,Fri Nov 17 14:26:22 +0000 2017
8635,332353,@332354 @SpotifyCares @spotifycares has ignored this request over 500x since 2012 (check it out at https://t.co/qdyBfUMrxi ),"@332353 Hey there! We understand your frustration. Rest assured, your feedback will be passed on to the right folks /JI",894360,894359,Fri Oct 20 20:26:54 +0000 2017
28270,729393,Rude @115888 https://t.co/qVZIs9jzKL,"@729393 Hi Alex! Can you try relaunching the app for us? If you can also tell us your phone's model, OS, and Spotify app version, that would be great 🙂 /RR",2572214,2572213,Thu Nov 16 17:52:18 +0000 2017
21394,598991,@SpotifyCares looks like lots of people are reporting that the login portal/web player is down right now,"@598991 Hey Liam, thanks for the heads up! If you're having trouble, can you try using an incognito window? Let us know how it goes /KL",2025483,2025481,Mon Nov 06 15:33:36 +0000 2017
2319,179273,@SpotifyCares Awesome Thanks @SpotifyCares :D,"@179273 No worries! If you need us again, just... https://t.co/AUc7DGJpgF /RV",265619,265621,Tue Oct 17 00:04:53 +0000 2017
5212,254565,I'd have a higher chance getting Ruvic to answer his phone then for @SpotifyCares to reply,@254565 Sorry for the delay. We've replied to your DM. Check it out and we'll continue over there /RC,573776,573775,Sun Dec 03 05:56:13 +0000 2017
17116,528047,"@SpotifyCares uninstalled spotify and reinstalled it, no luck, works on my Mac, not on my iPhone :/","@528047 Hmm, that's odd. Could you let us know if this is happening while connected to WiFi, 3G/4G or both? We’ll be waiting /CG",1752906,1752909,Tue Oct 17 21:48:56 +0000 2017
19016,553443,"@SpotifyCares imac 27' at work, windows 10 pc at home with the official app and in the spotify web browser all the systems are up 2 date",@553443 Thanks for the info. Can you send us the Spotify URI of any of the tracks you can't play? Just right-click the track &gt; Share &gt; URI /PB,1861549,1861546,Thu Oct 19 16:42:14 +0000 2017
25645,671908,@SpotifyCares No. Same thing. Same version was installed (1.0.67.582.g19436fa3),"@671908 That's odd. If possible, can you send us a short clip of what you see? We'll take a closer inspection /NY",2317519,2317520,Mon Nov 13 10:24:41 +0000 2017
5980,275954,@118266 min kalo mau langganan tp gapunya kartu kredit gimana caranya ya? kebetulan saya pake indosat,"@275954 Hey Ella! We can help out in English via Twitter, but we also have Indonesian support via email at https://t.co/ZgU70TbP8M /RS",655571,655570,Thu Oct 05 12:27:56 +0000 2017
20153,533189,"@115888 Issue fix for not being able to sync phone &amp; computer is to uninstall the app, re-install &amp; re-download music. Could it be easier?","@533189 We're afraid reinstalling the app is the only way to fix it right now. Don't worry, we'll make sure to pass your comments on to the team /AU",1935964,1935963,Fri Oct 27 19:39:31 +0000 2017
15772,494644,@115888 I was listening to @2602 album and songs just kept disappearing... What on Earth was happening???,"@494644 Hey, that doesn't sound right. Can you let us know the device, operating system, and Spotify version you're using? We'll lend a hand /RH",1611670,1611669,Tue Oct 17 05:11:53 +0000 2017
27619,716182,@SpotifyCares I'm not receiving any on-screen errors. Only audio cut-outs. It also occurs when casting to a Google Home.,@716182 Thanks for letting us know. We’d recommend checking the steps under 'FAQs: General Troubleshooting’ at https://t.co/AderDHf8Nu. Keep us posted /CE,2513011,2513012,Wed Nov 15 23:21:18 +0000 2017
25898,677560,Can @115888 put @133324 Japanese album ‘YOUTH’ on Spotify please??,"@677560 Hey there. Fingers crossed we'll be able to have it soon, but there's info about Spotify content here: https://t.co/0i8GpimuDa /CB",2342527,2342526,Mon Nov 13 13:58:49 +0000 2017
32843,165237,"Yo dead ass @115888, you're dead ass rude. Fix this shit, this is not PRODIGY, MUHFUCKA. https://t.co/OoYRqlO9Ae",@165237 Hey there! Thanks. We'll get this reported. Great detective work. https://t.co/LpsmyUtme0 /GU,2956288,2956286,Wed Nov 29 17:44:27 +0000 2017
7287,307555,@SpotifyCares still can't play. certain songs on android is this being fixed? lots of posts on community forum about it,@307555 We're keeping track of reports about this. Could you try logging out and back in? Restarting your phone is also worth a shot /CX,786213,786212,Thu Oct 12 08:38:52 +0000 2017
20880,182222,"@SpotifyCares Will do. Am in bed right now, as an in the UK, but will do as soon as I can. Thank you!","@182222 You're welcome, and sounds like a great plan! Don't worry, we'll be waiting for your reply /ME",1980044,1980045,Tue Oct 31 22:06:55 +0000 2017
25248,667133,@SpotifyCares I didn't expect an answer but thank you that's very nice of you,@667133 https://t.co/qAh6tkevrD! You know where to find us if there's anything else /KM,2298242,2298244,Sun Nov 12 14:51:24 +0000 2017
21161,474003,@SpotifyCares @115888 when are you finally going to release the new #spotify app for our #LG smart tv?,"@474003 @115888 Hey! We're afraid we currently don't have any info to share on this. For now, we'd suggest checking this out: https://t.co/D2p6hgpCoW /LP",2002476,2002475,Fri Nov 03 22:14:09 +0000 2017
19198,558437,"@SpotifyCares can’t skip song whilst connected to Bluetooth in my car, many others having the same problem. Any suggestions?","@558437 Hey Luke! Can you let us know the device, operating system, and Spotify version you're using? We'll see what we can suggest /RH",1869713,1869711,Thu Oct 19 21:53:23 +0000 2017
17490,252492,@115888 why on earth have you added Chris and kems song to grime shutdown without a public service announcement first https://t.co/HPnbqLwAkS,"@252492 Hey Rob! Thanks for the feedback. Our Curation team are independent &amp; use data and trends to create playlists, but we’ll pass this on /GU",1779930,1779929,Wed Oct 11 18:26:55 +0000 2017
15713,387784,@SpotifyCares is there any way to downvote tracks on Discover Weekly? At the moment there's honestly not one track i like :-/,@387784 2: mix things up. We'll pass on your idea about the option to give feedback to Discover Weekly /T,1136700,1136701,Tue Oct 24 06:05:11 +0000 2017
12605,416146,@SpotifyCares Using Spotify premium -seems to be an issue with the new Apple iOS rather than you guys though?!,"@416146 Thanks. To get the Spotify version on your device, tap on Your Library &gt; Settings &gt; About. We'll check things out /RC",1264716,1264718,Thu Oct 26 12:08:41 +0000 2017
31761,804359,@SpotifyCares why did Spotify remove the lyrics from its app and when are they bringing it back???,@804359 Hey there! You can get lyrics and annotations on some tracks via our partnership with Genius. More info here: https://t.co/0Tj77lCNeC /VK,2904457,2904456,Tue Nov 28 17:48:21 +0000 2017
1454,156297,"@SpotifyCares Nope, doesn’t work 😔 I’m able to log on with my Facebook, but after that it just gives the same error.",@156297 Hmm. Could you send us your account's username or email address via DM? We'll take a look under the hood /LP https://t.co/ldFdZRiNAt,172444,172446,Sat Nov 25 10:53:47 +0000 2017
7139,304409,@SpotifyCares TL; DR “Not Right Now” 👎🏽,@304409 No worries! We’ll pass on your feedback to the right team /RB,772049,772048,Thu Oct 12 00:13:35 +0000 2017
26329,688289,@SpotifyCares Just try to get every song from their album back on @115888 that's enough! Thank You,@688289 Gotcha! You know where to find us if you need us again. https://t.co/uEkAlnxbzn 🙂 /NY,2388989,2388991,Tue Nov 14 08:45:03 +0000 2017
29727,396174,"@SpotifyCares Why does Spotify attempt to auto-link unreleased local files with existing tracks? The audio plays correctly from the local MP3 file, but the song title and artist name are totally wrong despite the MP3 having embedded metadata of its own.","@396174 Hey Sam! We don't have any info on this right now, but we'll make sure your feedback's passed on to the right team /MT",2706986,2706984,Sun Nov 19 21:21:24 +0000 2017
6664,292012,"@SpotifyCares I noticed it here and there about a month ago. It's been a daily occurrence since 10/6, though.","@292012 Can you let us know the device, operating system, and Spotify version that you're using? We'll see what we can suggest /CH",718420,718422,Wed Oct 11 02:06:50 +0000 2017
11254,390972,@115888 why dont you have party monster by @49208,@390972 Hey there! The cavalry's here. What country is your account set to? We'll check backstage /KB,1151488,1151487,Sat Oct 14 23:58:20 +0000 2017
7500,312915,"The biggest things @115888 could do to keep me from moving: tv app, watch app/remote, smarter radio/magic playlists.","@312915 We hear you, Grant! Your feedback has been noted and passed onto the team 👊🏼 /MX",809608,809607,Thu Oct 12 17:41:26 +0000 2017
16256,507853,@147836 daniel will ur company ever fix my Spotify problem or do u just not care bc ur rich enough?,@507853 1: @147836 Hey. Our tech team are still looking into your issue as we speak. We appreciate this isn't ideal.,1667360,1667361,Mon Nov 06 00:02:13 +0000 2017
3834,217069,Spotify on Linux still has no minimise to tray functionality. It's very annoying. There must be zero money in it on Linux @115888 #spotify,"@217069 Hi there! We don't offer official support for Linux, but you can find help here: https://t.co/vXQLSeiPfq /JM",429221,429219,Tue Oct 10 13:30:59 +0000 2017
11359,393336,@SpotifyCares i have a verified artist page that i have no access to at all... how can i get into this?,@393336 Hey! There's some more info on this here: https://t.co/bp81BuODY2. Let us know if this helps 🙂 /M https://t.co/ldFdZRiNAt,1161814,1161811,Tue Oct 24 16:15:23 +0000 2017
5668,269390,@SpotifyCares if I want to sign up for the student Spotify and Hulu for $4.99 do I need to cancel my premium account first ?,@269390 Hi! We've just sent you a bit more info over DM. We'll carry on helping out there /RB,630433,630432,Thu Oct 05 00:15:07 +0000 2017
3698,213531,@SpotifyCares when i change my playlist cover art on my computer it doesn’t change or update it on my phone ;;(,"@213531 That's odd. Can you tell us what device, operating system, and Spotify version you're using? We'll see what we can suggest /CH",412805,412803,Tue Oct 10 00:57:33 +0000 2017
2465,183479,"@SpotifyCares Cool, thanks 😉",@183479 No worries! Give us a shout if there's anything else 😉 /AY,283251,283250,Fri Oct 06 12:50:42 +0000 2017
14150,454187,@SpotifyCares Did u get the pn?,@454187 That's right. We've just replied to your DM. Let's carry on chatting there /DV,1440079,1440080,Mon Oct 16 20:16:54 +0000 2017
31635,801259,@SpotifyCares What do you mean of mobile provider? https://t.co/FvdcOx5rwK,"@801259 Sorry for the confusion! At the moment only recurring payment forms such as credit, debit or PayPal are available for this offer. Give us a shout if you need anything else /ZO",2890051,2890052,Tue Nov 28 22:06:37 +0000 2017
3470,207769,@115888 why can't my starred playlist on my iPhone start from the date added?,"@207769 Hi there, help's here! Can you send us a screenshot of what you see at the moment? We'll see what we can suggest /NY",387711,387709,Mon Oct 09 12:32:18 +0000 2017
11817,402826,@SpotifyCares thank u i love u,"@402826 Aww, you're making us blush, but we... https://t.co/Rkb5PJblbW. Let us know if you need anything else /PB",1203971,1203972,Sun Oct 15 22:53:00 +0000 2017
23258,303523,"@118266 min td saya baru apply spotify student, cc saya udah ke debit tp kok masih free ya statusnya? soalnya pas mau akses sheeris error","@303523 Hey Aprilia! We can help out in English via Twitter, but we also have Indonesian support via email at https://t.co/ZgU70TbP8M /RS",2165562,2165561,Thu Nov 09 07:49:02 +0000 2017
16918,524270,"@SpotifyCares are there any plans to fix the ps4 app? It is horrible compared to the mobile app. Freezes all the time, doesn't play music when tracks change sometime, just a disappointing product overall.","@524270 Hey Brandon, help's here! Sorry to hear you feel this way. Can you send us a screenshot of how things appear on your end? Also, can you let us know when this started happening? Was it after an app update? We'll be waiting /CH",1736602,1736601,Sat Nov 25 20:13:10 +0000 2017
20846,585621,"@SpotifyCares do you know what ""shuffle"" means? Why I am always listening same album in a row  in 300 songs.","@585621 Hey, that doesn't sound good. Does this happen when you're using Spotify Connect, or just shuffling music on the same device? /CO",1977636,1977634,Wed Nov 01 19:58:55 +0000 2017
19408,497161,"@SpotifyCares, i’m still waiting for (new) help. I sended a (few) DM because my problems returned.  🙏🏻",@497161 Hey! Sorry for the delay. We've just replied to your DM. Let's carry on chatting there /C,1884005,1884004,Wed Oct 18 10:12:26 +0000 2017
13686,440526,@SpotifyCares Jessica Jung didn’t release that song. You should have only her releases under name.,@440526 Can you send us the Song Link? Just tap the three dots &gt; Share &gt; Copy Link. What country is your account set to? /MG,1376895,1376897,Sat Oct 28 02:35:24 +0000 2017
10027,364503,@SpotifyCares my account details have been changed by a hacker. Emailed support but haven't got a response. Could you help with it please?,@364503 Hey Ryan! We just replied to your DM with more info. Check it out /BH,1033468,1033467,Sat Oct 14 14:43:11 +0000 2017
1044,144799,"@SpotifyCares I had a 5 min ad of walmart and old navy for their black friday sale , no joke back and forth walmart and old navy","@144799 Thanks for letting us know. Don't worry, we'll make sure to pass your feedback on to the team. If there's anything else, we're just a tweet away /RH",128188,128186,Fri Nov 24 04:30:49 +0000 2017
31345,794535,"OK @115888 why did y'all take @551 's ""The Chronic"" off 😭 smh I'm over here looking for ""Nuthin but a g thang"" and now I gotta go to youtube.","@794535 Fingers crossed we'll be able to have it soon, but there's info about Spotify content here: https://t.co/0i8GpimuDa /DF",2859075,2859074,Mon Nov 27 17:24:58 +0000 2017
24411,655861,@115888 how do I download Spotify premium ?😂 I’m having trouble finding what to do 😂,@655861 Hey Saoirse! You can upgrade to Premium by going to https://t.co/WB5TSxRfDe. Let us know how it goes /JP,2251350,2251349,Fri Nov 10 19:26:57 +0000 2017
17957,472113,"WTH @spotifycares Adult lyrics on children's station!?

Read: https://t.co/crAXXavpoz","@472113 Hey Stephane, that's not cool. We'd recommend making sure Autoplay is turned off, which you can read about here: https://t.co/MTuZ6Dggfn /TB",1805129,1805128,Fri Oct 13 16:10:22 +0000 2017
2755,190991,@118266 Ayy wheres my help,"@190991 Hey Phil, help's arrived! Can you let us know your device's operating system and Spotify version? We'll see what we can suggest /GT",314103,314102,Fri Oct 06 19:28:47 +0000 2017
10291,370431,"@117153 I also taxes the CPU every now and then. It doesn't really cause me any problems in any other way, but Spotify becomes really unstable https://t.co/h7XJSgCRpr",@370431 Hey! Can you let us know the Spotify version that you're using? We'll see what we can suggest /RC,1060692,1060688,Mon Oct 23 11:07:25 +0000 2017
15118,315759,"@SpotifyCares Just tested - both. Also just tweeted  the below and doesn't play if I click on it. 

https://t.co/KkpFVTiXTn",@315759 Got it. Could you check for us if this is also happening to your other devices? /LO,1538243,1538241,Fri Nov 03 23:49:42 +0000 2017
14056,451350,"@SpotifyCares Windows 7 desktop, and it should be the latest version. I can give more specific details in 14 hours","@451350 1: Thanks! Best thing to try here is to reinstall the app: https://t.co/46sWVpIvlI. Note that after you've reinstalled, any offline music...",1426292,1426295,Thu Nov 02 05:00:25 +0000 2017
